コード,県,ブロック,郡市,区町村,国籍区分,性別,年齢区分,内容,期間,増減数,出生,死亡,転入（県内）,転入（北海道・東北）,転入（北関東）,転入（南関東）,転入（北陸・東山）,転入（東海）,転入（近畿）,転入（中国）,転入（四国）,転入（九州）,転入（国外）,転入（不詳）,転出（県内）,転出（北海道・東北）,転出（北関東）,転出（南関東）,転出（北陸・東山）,転出（東海）,転出（近畿）,転出（中国）,転出（四国）,転出（九州）,転出（国外）,転出（不詳）,その他の増減,
23000,愛知県,―,―,―,a)日外,a)男女,a)総数,人口増減数（人）,20230101-31,-4160,4437,-9011,14729,367,242,1699,521,2371,1158,355,140,655,4449,5,-15036,-325,-238,-2466,-463,-2306,-1197,-245,-128,-739,-2722,-12,-400,
23100,愛知県,名古屋,名古屋市,―,a)日外,a)男女,a)総数,人口増減数（人）,20230101-31,-1174,1383,-2826,6235,148,62,815,189,865,531,129,57,216,1489,-,-6406,-132,-67,-1232,-168,-702,-529,-81,-59,-273,-640,-,-178,
23101,愛知県,名古屋,名古屋市,千種区,a)日外,a)男女,a)総数,人口増減数（人）,20230101-31,-111,70,-164,433,12,4,81,16,58,61,11,6,22,107,-,-447,-7,-8,-137,-9,-43,-53,-14,-2,-24,-56,-,-28,
23102,愛知県,名古屋,名古屋市,東区,a)日外,a)男女,a)総数,人口増減数（人）,20230101-31,25,73,-78,302,3,7,48,11,44,31,4,-,4,59,-,-265,-6,-6,-83,-4,-26,-17,-4,-4,-21,-29,-,-18,
23103,愛知県,名古屋,名古屋市,北区,a)日外,a)男女,a)総数,人口増減数（人）,20230101-31,-221,97,-269,385,5,5,44,11,50,21,2,4,9,67,-,-423,-6,-8,-74,-13,-40,-27,-1,-7,-8,-39,-,-6,
23104,愛知県,名古屋,名古屋市,西区,a)日外,a)男女,a)総数,人口増減数（人）,20230101-31,-74,96,-202,407,14,1,63,17,59,26,15,4,11,49,-,-369,-10,-,-89,-11,-53,-46,-4,-4,-11,-40,-,3,
23105,愛知県,名古屋,名古屋市,中村区,a)日外,a)男女,a)総数,人口増減数（人）,20230101-31,-101,63,-208,485,11,8,53,18,100,42,17,4,16,145,-,-506,-16,-3,-101,-18,-73,-34,-14,-5,-25,-31,-,-29,
23106,愛知県,名古屋,名古屋市,中区,a)日外,a)男女,a)総数,人口増減数（人）,20230101-31,81,68,-77,517,19,4,123,21,79,66,10,5,17,129,-,-502,-14,-5,-159,-14,-55,-52,-7,-12,-27,-22,-,-31,
23107,愛知県,名古屋,名古屋市,昭和区,a)日外,a)男女,a)総数,人口増減数（人）,20230101-31,-44,66,-108,280,4,3,39,7,41,35,12,9,12,131,-,-364,-14,-2,-75,-9,-29,-18,-3,-9,-8,-41,-,-3,
23108,愛知県,名古屋,名古屋市,瑞穂区,a)日外,a)男女,a)総数,人口増減数（人）,20230101-31,-78,53,-162,291,14,1,30,5,35,13,5,3,9,24,-,-264,-,-5,-57,-3,-18,-17,-2,-,-17,-17,-,1,
23109,愛知県,名古屋,名古屋市,熱田区,a)日外,a)男女,a)総数,人口増減数（人）,20230101-31,-36,45,-95,208,4,1,26,8,21,17,8,1,7,32,-,-222,-1,-,-34,-7,-15,-20,-,-1,-4,-10,-,-5,
23110,愛知県,名古屋,名古屋市,中川区,a)日外,a)男女,a)総数,人口増減数（人）,20230101-31,-90,163,-280,595,10,8,67,17,79,54,12,5,23,104,-,-636,-9,-3,-80,-19,-61,-41,-14,-,-19,-41,-,-24,
23111,愛知県,名古屋,名古屋市,港区,a)日外,a)男女,a)総数,人口増減数（人）,20230101-31,-145,68,-186,302,5,6,28,11,64,26,3,1,13,52,-,-346,-2,-6,-34,-3,-36,-19,-5,-2,-14,-52,-,-19,
23112,愛知県,名古屋,名古屋市,南区,a)日外,a)男女,a)総数,人口増減数（人）,20230101-31,-49,76,-188,363,11,1,25,6,34,15,5,1,8,260,-,-410,-11,-9,-40,-9,-97,-36,-2,-,-12,-39,-,-1,
23113,愛知県,名古屋,名古屋市,守山区,a)日外,a)男女,a)総数,人口増減数（人）,20230101-31,-64,118,-251,379,12,3,34,13,53,33,9,2,11,49,-,-336,-5,-,-56,-18,-46,-18,-2,-3,-14,-29,-,-2,
23114,愛知県,名古屋,名古屋市,緑区,a)日外,a)男女,a)総数,人口増減数（人）,20230101-31,-108,140,-233,509,6,3,33,7,51,14,2,5,23,154,-,-561,-7,-6,-55,-10,-38,-41,-5,-6,-23,-76,-,6,
23115,愛知県,名古屋,名古屋市,名東区,a)日外,a)男女,a)総数,人口増減数（人）,20230101-31,-71,84,-169,411,11,5,82,13,52,43,5,5,14,56,-,-347,-18,-5,-102,-12,-36,-61,-2,-1,-26,-62,-,-11,
23116,愛知県,名古屋,名古屋市,天白区,a)日外,a)男女,a)総数,人口増減数（人）,20230101-31,-88,103,-156,368,7,2,39,8,45,34,9,2,17,71,-,-408,-6,-1,-56,-9,-36,-29,-2,-3,-20,-56,-,-11,
23201,愛知県,東三河,豊橋市,―,a)日外,a)男女,a)総数,人口増減数（人）,20230101-31,-209,211,-487,355,13,20,64,26,157,39,20,9,32,245,-,-354,-10,-12,-97,-15,-201,-27,-8,-5,-31,-157,-,4,
23202,愛知県,西三河,岡崎市,―,a)日外,a)男女,a)総数,人口増減数（人）,20230101-31,-33,217,-403,537,19,18,79,37,102,44,24,9,35,272,1,-489,-16,-13,-98,-26,-95,-35,-21,-4,-31,-190,-,-6,
23203,愛知県,尾張中西部・海部,一宮市,―,a)日外,a)男女,a)総数,人口増減数（人）,20230101-31,-250,188,-483,377,4,11,55,14,110,43,6,1,29,220,-,-346,-9,-8,-89,-23,-124,-47,-12,-7,-24,-101,-,-35,
23204,愛知県,尾張北東部,瀬戸市,―,a)日外,a)男女,a)総数,人口増減数（人）,20230101-31,-70,57,-155,173,4,3,16,6,35,13,11,4,2,33,-,-161,-4,-1,-22,-10,-19,-14,-,-2,-2,-39,-,2,
23205,愛知県,知多,半田市,―,a)日外,a)男女,a)総数,人口増減数（人）,20230101-31,-83,66,-139,207,3,5,18,7,23,9,4,2,8,62,-,-197,-5,-7,-25,-4,-26,-32,-5,-1,-9,-43,-,-4,
23206,愛知県,尾張北東部,春日井市,―,a)日外,a)男女,a)総数,人口増減数（人）,20230101-31,-405,187,-379,352,19,5,64,9,95,44,11,3,16,89,-,-513,-9,-8,-87,-9,-110,-56,-6,-8,-17,-78,-,-19,
23207,愛知県,東三河,豊川市,―,a)日外,a)男女,a)総数,人口増減数（人）,20230101-31,-60,115,-255,265,9,7,18,10,52,22,8,-,13,101,-,-227,-2,-5,-36,-12,-45,-19,-2,-1,-10,-55,-,-11,
23208,愛知県,尾張中西部・海部,津島市,―,a)日外,a)男女,a)総数,人口増減数（人）,20230101-31,-91,31,-80,89,4,-,7,5,17,9,2,-,4,20,-,-120,-,-,-17,-5,-12,-4,-1,-,-6,-30,-,-4,
23209,愛知県,西三河,碧南市,―,a)日外,a)男女,a)総数,人口増減数（人）,20230101-31,-45,50,-95,149,3,2,13,4,10,7,4,-,12,47,-,-156,-5,-2,-11,-4,-14,-9,-,-2,-7,-31,-,-10,
23210,愛知県,西三河,刈谷市,―,a)日外,a)男女,a)総数,人口増減数（人）,20230101-31,18,110,-151,401,11,8,42,11,35,30,4,2,18,141,-,-421,-5,-9,-38,-11,-44,-26,-11,-1,-25,-51,-,-2,
23211,愛知県,西三河,豊田市,―,a)日外,a)男女,a)総数,人口増減数（人）,20230101-31,-156,223,-397,524,38,32,95,44,130,58,30,13,62,344,-,-750,-19,-16,-114,-26,-123,-65,-10,-8,-54,-157,-,-10,
23212,愛知県,西三河,安城市,―,a)日外,a)男女,a)総数,人口増減数（人）,20230101-31,-203,117,-207,357,6,5,26,10,43,38,2,3,9,190,-,-451,-8,-9,-43,-15,-73,-39,-9,-1,-35,-118,-,-1,
23213,愛知県,西三河,西尾市,―,a)日外,a)男女,a)総数,人口増減数（人）,20230101-31,-59,121,-229,276,3,3,19,16,29,15,3,3,20,151,-,-271,-9,-4,-18,-18,-45,-6,-8,-,-31,-76,-,-3,
23214,愛知県,東三河,蒲郡市,―,a)日外,a)男女,a)総数,人口増減数（人）,20230101-31,-94,44,-130,95,3,1,4,2,12,7,3,-,6,40,-,-103,-,-2,-12,-10,-18,-4,-,-2,-5,-23,-,-2,
23215,愛知県,尾張北東部,犬山市,―,a)日外,a)男女,a)総数,人口増減数（人）,20230101-31,-93,32,-102,124,1,-,4,5,37,7,2,-,2,18,1,-117,-2,-1,-17,-5,-37,-10,-1,-,-6,-23,-,-5,
23216,愛知県,知多,常滑市,―,a)日外,a)男女,a)総数,人口増減数（人）,20230101-31,-58,27,-77,104,-,4,14,2,10,4,2,1,6,24,-,-99,-1,-5,-16,-3,-21,-13,-,-,-3,-18,-,-,
23217,愛知県,尾張北東部,江南市,―,a)日外,a)男女,a)総数,人口増減数（人）,20230101-31,-54,53,-129,140,2,5,26,4,35,7,-,-,7,30,-,-139,-6,-,-26,-1,-27,-5,-1,-,-11,-19,-,1,
23219,愛知県,尾張北東部,小牧市,―,a)日外,a)男女,a)総数,人口増減数（人）,20230101-31,-136,87,-172,268,1,1,44,23,69,17,19,3,18,73,-,-272,-11,-8,-54,-8,-72,-18,-9,-6,-25,-85,-,-19,
23220,愛知県,尾張中西部・海部,稲沢市,―,a)日外,a)男女,a)総数,人口増減数（人）,20230101-31,-94,76,-161,202,1,-,14,3,29,13,5,6,8,48,-,-214,-4,-4,-29,-4,-31,-12,-1,-1,-7,-32,-,1,
23221,愛知県,東三河,新城市,―,a)日外,a)男女,a)総数,人口増減数（人）,20230101-31,-103,10,-81,43,1,-,4,-,8,-,1,-,-,17,-,-58,-1,-4,-6,-2,-15,-4,-,-,-3,-9,-,-4,
23222,愛知県,知多,東海市,―,a)日外,a)男女,a)総数,人口増減数（人）,20230101-31,-88,76,-105,203,4,4,15,9,28,12,2,4,8,37,-,-245,-2,-8,-28,-3,-19,-21,-1,-1,-16,-36,-,-5,
23223,愛知県,知多,大府市,―,a)日外,a)男女,a)総数,人口増減数（人）,20230101-31,-,65,-96,193,3,4,22,-,44,14,-,-,8,61,-,-177,-8,-4,-25,-2,-31,-7,-1,-,-16,-29,-,-18,
23224,愛知県,知多,知多市,―,a)日外,a)男女,a)総数,人口増減数（人）,20230101-31,-14,54,-119,155,1,1,9,6,20,7,2,2,5,45,-,-129,-,-1,-13,-4,-11,-5,-2,-2,-12,-24,-,1,
23225,愛知県,西三河,知立市,―,a)日外,a)男女,a)総数,人口増減数（人）,20230101-31,-13,62,-78,231,3,3,12,3,21,8,3,-,11,49,-,-210,-3,-7,-18,-4,-26,-12,-4,-3,-10,-36,-,-8,
23226,愛知県,尾張北東部,尾張旭市,―,a)日外,a)男女,a)総数,人口増減数（人）,20230101-31,-98,51,-98,156,4,-,5,1,15,6,5,-,4,22,-,-150,-3,-,-18,-7,-16,-18,-8,-,-3,-44,-1,-1,
23227,愛知県,西三河,高浜市,―,a)日外,a)男女,a)総数,人口増減数（人）,20230101-31,-18,28,-38,115,4,1,7,3,15,8,-,2,5,32,-,-119,-3,-2,-10,-4,-16,-7,-2,-,-5,-33,-,1,
23228,愛知県,尾張北東部,岩倉市,―,a)日外,a)男女,a)総数,人口増減数（人）,20230101-31,2,52,-74,136,-,5,17,2,23,12,3,2,3,26,-,-106,-6,-2,-6,-12,-26,-3,-5,-,-7,-26,-,-6,
23229,愛知県,尾張北東部,豊明市,―,a)日外,a)男女,a)総数,人口増減数（人）,20230101-31,-41,45,-58,155,2,3,6,2,15,8,5,-,3,42,-,-170,-5,-1,-20,-,-12,-10,-1,-1,-5,-30,-1,-13,
23230,愛知県,尾張北東部,日進市,―,a)日外,a)男女,a)総数,人口増減数（人）,20230101-31,52,83,-81,251,6,1,21,6,21,12,3,1,9,66,-,-172,-2,-2,-37,-3,-17,-16,-5,-1,-5,-89,-,2,
23231,愛知県,東三河,田原市,―,a)日外,a)男女,a)総数,人口増減数（人）,20230101-31,-52,32,-93,81,5,6,13,4,17,12,4,-,12,18,-,-90,-2,-4,-11,-1,-8,-4,-2,-2,-6,-25,-9,1,
23232,愛知県,尾張中西部・海部,愛西市,―,a)日外,a)男女,a)総数,人口増減数（人）,20230101-31,-98,26,-110,86,1,-,10,-,18,-,-,1,3,9,-,-82,-1,-1,-8,-2,-13,-7,-,-,-,-24,-,-4,
23233,愛知県,尾張中西部・海部,清須市,―,a)日外,a)男女,a)総数,人口増減数（人）,20230101-31,4,46,-74,165,-,2,11,3,17,10,4,1,5,31,-,-146,-1,-1,-18,-1,-18,-6,-2,-5,-3,-13,-,-3,
23234,愛知県,尾張中西部・海部,北名古屋市,―,a)日外,a)男女,a)総数,人口増減数（人）,20230101-31,-99,56,-95,135,4,-,6,9,18,10,4,-,5,26,3,-166,-8,-1,-24,-4,-21,-10,-3,-1,-5,-24,-1,-12,
23235,愛知県,尾張中西部・海部,弥富市,―,a)日外,a)男女,a)総数,人口増減数（人）,20230101-31,-16,23,-57,104,6,1,11,6,28,2,1,1,3,16,-,-72,-,-,-8,-1,-30,-4,-5,-1,-1,-37,-,-2,
23236,愛知県,西三河,みよし市,―,a)日外,a)男女,a)総数,人口増減数（人）,20230101-31,23,39,-50,177,7,5,9,8,10,6,1,-,4,46,-,-145,-4,-7,-12,-1,-13,-15,-,-,-1,-37,-,-4,
23237,愛知県,尾張中西部・海部,あま市,―,a)日外,a)男女,a)総数,人口増減数（人）,20230101-31,-18,49,-100,145,4,-,13,7,33,13,5,-,4,46,-,-152,-2,-,-12,-7,-16,-13,-1,-,-2,-26,-,-6,
23238,愛知県,尾張北東部,長久手市,―,a)日外,a)男女,a)総数,人口増減数（人）,20230101-31,-25,45,-49,109,3,1,19,7,23,8,4,2,8,28,-,-129,-3,-1,-24,-6,-11,-22,-3,-1,-1,-31,-,-1,
23302,愛知県,尾張北東部,愛知郡,東郷町,a)日外,a)男女,a)総数,人口増減数（人）,20230101-31,32,25,-40,128,1,4,7,2,14,4,6,2,1,11,-,-76,-2,-,-9,-1,-10,-3,-1,-,-6,-16,-,-9,
23342,愛知県,尾張中西部・海部,西春日井郡,豊山町,a)日外,a)男女,a)総数,人口増減数（人）,20230101-31,2,6,-19,35,-,-,-,-,4,1,1,-,2,11,-,-23,-,-1,-6,-1,-2,-1,-1,-,-1,-1,-,-2,
23361,愛知県,尾張北東部,丹羽郡,大口町,a)日外,a)男女,a)総数,人口増減数（人）,20230101-31,3,12,-32,70,1,1,2,4,7,-,2,-,-,14,-,-39,-,-,-7,-1,-16,-3,-,-,-,-13,-,1,
23362,愛知県,尾張北東部,丹羽郡,扶桑町,a)日外,a)男女,a)総数,人口増減数（人）,20230101-31,-35,17,-45,59,-,-,4,3,14,5,2,-,3,16,-,-69,-,-1,-6,-2,-16,-4,-,-,-1,-11,-,-3,
23424,愛知県,尾張中西部・海部,海部郡,大治町,a)日外,a)男女,a)総数,人口増減数（人）,20230101-31,29,19,-28,82,-,1,6,1,6,8,1,1,4,8,-,-53,-1,-,-3,-2,-10,-3,-1,-,-1,-10,-,4,
23425,愛知県,尾張中西部・海部,海部郡,蟹江町,a)日外,a)男女,a)総数,人口増減数（人）,20230101-31,20,20,-41,102,1,1,3,1,20,8,2,1,2,11,-,-51,-,-,-10,-1,-22,-8,-,-,-,-18,-,-1,
23427,愛知県,尾張中西部・海部,海部郡,飛島村,a)日外,a)男女,a)総数,人口増減数（人）,20230101-31,-18,1,-5,7,-,1,-,-,1,-,-,-,-,3,-,-9,-,-2,-,-,-1,-,-,-,-,-13,-,-1,
23441,愛知県,知多,知多郡,阿久比町,a)日外,a)男女,a)総数,人口増減数（人）,20230101-31,-38,13,-27,33,-,3,5,-,3,1,-,2,3,3,-,-56,-,-,-4,-,-3,-1,-,-,-,-13,-,-,
23442,愛知県,知多,知多郡,東浦町,a)日外,a)男女,a)総数,人口増減数（人）,20230101-31,-49,22,-58,101,3,2,6,2,13,4,-,-,4,10,-,-83,-,-3,-12,-2,-22,-4,-6,-,-3,-19,-,-4,
23445,愛知県,知多,知多郡,南知多町,a)日外,a)男女,a)総数,人口増減数（人）,20230101-31,-89,7,-47,14,-,-,5,1,2,2,-,-,-,20,-,-37,-6,-,-5,-,-18,-4,-,-,-3,-20,-,-,
23446,愛知県,知多,知多郡,美浜町,a)日外,a)男女,a)総数,人口増減数（人）,20230101-31,-21,6,-42,36,4,-,-,-,1,2,-,-,2,54,-,-38,-4,-,-2,-7,-19,-,-2,-1,-3,-8,-,-,
23447,愛知県,知多,知多郡,武豊町,a)日外,a)男女,a)総数,人口増減数（人）,20230101-31,-34,18,-52,91,3,-,4,3,7,10,3,-,5,15,-,-70,-1,-4,-12,-5,-3,-9,-2,-,-7,-29,-,1,
23501,愛知県,西三河,額田郡,幸田町,a)日外,a)男女,a)総数,人口増減数（人）,20230101-31,11,33,-38,88,4,-,9,1,9,8,2,2,6,18,-,-99,-,-,-10,-,-5,-3,-,-1,-1,-10,-,-2,
23561,愛知県,東三河,北設楽郡,設楽町,a)日外,a)男女,a)総数,人口増減数（人）,20230101-31,-18,-,-12,2,-,-,-,-,-,-,-,-,-,1,-,-7,-,-,-,-,-,-,-,-,-,-2,-,-,
23562,愛知県,東三河,北設楽郡,東栄町,a)日外,a)男女,a)総数,人口増減数（人）,20230101-31,-,-,-6,10,-,-,1,-,1,-,-,-,-,-,-,-2,-,-,-1,-,-1,-,-1,-,-,-,-,-1,
23563,愛知県,東三河,北設楽郡,豊根村,a)日外,a)男女,a)総数,人口増減数（人）,20230101-31,-4,1,-6,1,-,-,-,-,-,-,-,-,-,-,-,-,-,-,-,-,-,-,-,-,-,-,-,-,
23000,愛知県,―,―,―,b)日本人,b)男,a)総数,人口増減数（人）,20230101-31,-2520,2112,-4708,6844,189,108,902,200,1026,575,150,77,338,825,3,-6986,-179,-91,-1230,-195,-928,-568,-125,-61,-408,-508,-1,119,
23100,愛知県,名古屋,名古屋市,―,b)日本人,b)男,a)総数,人口増減数（人）,20230101-31,-669,665,-1475,2898,75,26,457,72,388,285,65,36,109,209,-,-2882,-66,-22,-609,-72,-287,-263,-41,-28,-140,-120,-,51,
23101,愛知県,名古屋,名古屋市,千種区,b)日本人,b)男,a)総数,人口増減数（人）,20230101-31,-22,33,-73,186,6,2,47,6,26,34,9,5,12,30,-,-199,-4,-1,-67,-5,-16,-28,-6,-2,-11,-8,-,2,
23102,愛知県,名古屋,名古屋市,東区,b)日本人,b)男,a)総数,人口増減数（人）,20230101-31,8,30,-35,126,-,3,27,7,22,17,3,-,3,8,-,-124,-2,-2,-38,-1,-12,-10,-,-1,-7,-7,-,1,
23103,愛知県,名古屋,名古屋市,北区,b)日本人,b)男,a)総数,人口増減数（人）,20230101-31,-144,59,-149,182,3,2,20,3,25,13,1,2,5,6,-,-215,-4,-4,-40,-6,-22,-16,-,-5,-4,-4,-,4,
23104,愛知県,名古屋,名古屋市,西区,b)日本人,b)男,a)総数,人口増減数（人）,20230101-31,-60,47,-109,204,5,1,36,6,21,14,7,2,9,11,-,-191,-8,-,-47,-3,-29,-23,-3,-1,-6,-6,-,3,
23105,愛知県,名古屋,名古屋市,中村区,b)日本人,b)男,a)総数,人口増減数（人）,20230101-31,-52,33,-104,223,9,2,30,3,47,21,12,3,9,4,-,-214,-4,-1,-54,-3,-23,-18,-5,-3,-12,-10,-,3,
23106,愛知県,名古屋,名古屋市,中区,b)日本人,b)男,a)総数,人口増減数（人）,20230101-31,25,36,-38,224,11,3,77,9,38,36,4,2,7,8,-,-213,-9,-3,-73,-8,-24,-29,-6,-7,-19,-6,-,5,
23107,愛知県,名古屋,名古屋市,昭和区,b)日本人,b)男,a)総数,人口増減数（人）,20230101-31,-30,34,-65,130,2,2,23,4,19,18,5,6,6,11,-,-149,-4,-1,-36,-5,-15,-10,-1,-3,-3,-4,-,6,
23108,愛知県,名古屋,名古屋市,瑞穂区,b)日本人,b)男,a)総数,人口増減数（人）,20230101-31,-31,25,-80,134,8,-,17,1,19,8,1,2,6,7,-,-122,-,-1,-28,-1,-9,-2,-2,-,-9,-6,-,1,
23109,愛知県,名古屋,名古屋市,熱田区,b)日本人,b)男,a)総数,人口増減数（人）,20230101-31,-17,25,-50,104,1,1,13,3,11,9,4,1,2,3,-,-102,-1,-,-15,-4,-5,-12,-,-1,-3,-2,-,1,
23110,愛知県,名古屋,名古屋市,中川区,b)日本人,b)男,a)総数,人口増減数（人）,20230101-31,-47,69,-151,270,5,4,40,6,42,29,4,4,10,6,-,-270,-5,-,-39,-5,-21,-22,-8,-,-10,-8,-,3,
23111,愛知県,名古屋,名古屋市,港区,b)日本人,b)男,a)総数,人口増減数（人）,20230101-31,-94,32,-105,127,1,-,12,5,14,11,2,-,6,9,-,-150,-2,-3,-14,-2,-18,-10,-2,-1,-6,-3,-,3,
23112,愛知県,名古屋,名古屋市,南区,b)日本人,b)男,a)総数,人口増減数（人）,20230101-31,-65,29,-106,181,6,-,15,-,16,7,3,1,4,8,-,-160,-3,-3,-13,-4,-24,-11,-,-,-8,-8,-,5,
23113,愛知県,名古屋,名古屋市,守山区,b)日本人,b)男,a)総数,人口増減数（人）,20230101-31,-47,53,-128,180,5,1,19,6,25,22,5,1,8,10,-,-167,-4,-,-30,-11,-21,-7,-2,-2,-7,-6,-,3,
23114,愛知県,名古屋,名古屋市,緑区,b)日本人,b)男,a)総数,人口増減数（人）,20230101-31,-27,73,-112,248,3,2,18,3,24,10,-,3,7,47,-,-254,-3,-2,-31,-4,-18,-18,-3,-1,-13,-17,-,11,
23115,愛知県,名古屋,名古屋市,名東区,b)日本人,b)男,a)総数,人口増減数（人）,20230101-31,-41,36,-91,191,8,2,43,4,24,20,2,3,6,16,-,-160,-10,-1,-58,-5,-15,-33,-1,-1,-12,-10,-,1,
23116,愛知県,名古屋,名古屋市,天白区,b)日本人,b)男,a)総数,人口増減数（人）,20230101-31,-25,51,-79,188,2,1,20,6,15,16,3,1,9,25,-,-192,-3,-,-26,-5,-15,-14,-2,-,-10,-15,-,-1,
23201,愛知県,東三河,豊橋市,―,b)日本人,b)男,a)総数,人口増減数（人）,20230101-31,-154,102,-251,147,7,7,28,8,51,24,7,4,13,31,-,-170,-5,-4,-49,-5,-52,-15,-2,-2,-18,-14,-,4,
23202,愛知県,西三河,岡崎市,―,b)日本人,b)男,a)総数,人口増減数（人）,20230101-31,-87,110,-210,277,6,10,41,13,45,20,5,6,20,67,1,-260,-6,-6,-54,-10,-50,-17,-11,-2,-24,-64,-,6,
23203,愛知県,尾張中西部・海部,一宮市,―,b)日本人,b)男,a)総数,人口増減数（人）,20230101-31,-187,96,-273,186,3,6,23,6,50,24,-,-,9,27,-,-170,-5,-3,-41,-10,-54,-16,-3,-4,-15,-19,-,-4,
23204,愛知県,尾張北東部,瀬戸市,―,b)日本人,b)男,a)総数,人口増減数（人）,20230101-31,-19,28,-71,78,2,1,6,3,11,4,1,-,-,9,-,-58,-3,-,-7,-4,-5,-6,-,-1,-2,-5,-,-,
23205,愛知県,知多,半田市,―,b)日本人,b)男,a)総数,人口増減数（人）,20230101-31,-27,33,-65,108,2,3,12,3,17,4,2,2,3,7,-,-101,-2,-3,-14,-2,-10,-12,-3,-,-4,-7,-,-,
23206,愛知県,尾張北東部,春日井市,―,b)日本人,b)男,a)総数,人口増減数（人）,20230101-31,-234,75,-209,171,9,2,26,4,45,17,8,2,7,15,-,-243,-6,-3,-41,-2,-58,-26,-4,-4,-10,-14,-,5,
23207,愛知県,東三河,豊川市,―,b)日本人,b)男,a)総数,人口増減数（人）,20230101-31,-45,60,-120,114,5,4,9,4,22,4,-,-,6,10,-,-101,-2,-1,-16,-9,-14,-6,-2,-,-7,-4,-,-1,
23208,愛知県,尾張中西部・海部,津島市,―,b)日本人,b)男,a)総数,人口増減数（人）,20230101-31,-59,11,-47,32,-,-,2,2,4,4,-,-,1,2,-,-46,-,-,-7,-3,-7,-1,-,-,-3,-3,-,-,
23209,愛知県,西三河,碧南市,―,b)日本人,b)男,a)総数,人口増減数（人）,20230101-31,-9,20,-46,73,1,1,7,2,5,4,3,-,7,5,-,-66,-2,-,-6,-2,-6,-3,-,-1,-4,-1,-,-,
23210,愛知県,西三河,刈谷市,―,b)日本人,b)男,a)総数,人口増減数（人）,20230101-31,-27,55,-77,200,7,5,24,6,17,21,2,2,15,51,-,-231,-4,-5,-22,-5,-29,-15,-6,-1,-17,-21,-,1,
23211,愛知県,西三河,豊田市,―,b)日本人,b)男,a)総数,人口増減数（人）,20230101-31,-120,111,-207,249,21,20,55,21,57,25,15,6,39,113,-,-387,-15,-7,-64,-11,-56,-37,-6,-6,-39,-30,-,13,
23212,愛知県,西三河,安城市,―,b)日本人,b)男,a)総数,人口増減数（人）,20230101-31,-105,57,-101,174,5,2,14,2,20,26,2,2,7,36,-,-214,-5,-3,-20,-4,-26,-11,-5,-,-18,-46,-,1,
23213,愛知県,西三河,西尾市,―,b)日本人,b)男,a)総数,人口増減数（人）,20230101-31,-58,52,-118,95,2,1,8,2,7,5,2,1,12,26,-,-105,-5,-,-3,-4,-12,-2,-4,-,-11,-8,-,1,
23214,愛知県,東三河,蒲郡市,―,b)日本人,b)男,a)総数,人口増減数（人）,20230101-31,-48,21,-72,44,2,1,3,1,7,4,1,-,2,12,-,-49,-,-,-6,-2,-8,-1,-,-2,-3,-3,-,-,
23215,愛知県,尾張北東部,犬山市,―,b)日本人,b)男,a)総数,人口増減数（人）,20230101-31,-32,16,-53,61,1,-,3,1,22,6,1,-,1,2,1,-54,-1,-,-7,-4,-18,-5,-,-,-4,-3,-,2,
23216,愛知県,知多,常滑市,―,b)日本人,b)男,a)総数,人口増減数（人）,20230101-31,-14,13,-37,50,-,1,9,2,7,2,1,-,3,3,-,-46,-,-1,-7,-1,-4,-7,-,-,-2,-3,-,3,
23217,愛知県,尾張北東部,江南市,―,b)日本人,b)男,a)総数,人口増減数（人）,20230101-31,-43,26,-67,62,-,1,12,1,21,2,-,-,4,4,-,-67,-2,-,-13,-1,-14,-2,-1,-,-6,-4,-,1,
23219,愛知県,尾張北東部,小牧市,―,b)日本人,b)男,a)総数,人口増減数（人）,20230101-31,-75,40,-97,102,-,-,22,6,25,6,6,-,6,10,-,-103,-9,-1,-34,-2,-24,-5,-7,-3,-13,-3,-,3,
23220,愛知県,尾張中西部・海部,稲沢市,―,b)日本人,b)男,a)総数,人口増減数（人）,20230101-31,-87,27,-91,87,1,-,9,2,15,4,1,2,5,8,-,-99,-1,-4,-15,-2,-16,-9,-1,-,-4,-7,-,1,
23221,愛知県,東三河,新城市,―,b)日本人,b)男,a)総数,人口増減数（人）,20230101-31,-57,7,-41,14,-,-,2,-,4,-,-,-,-,-,-,-29,-1,-,-3,-1,-5,-1,-,-,-2,-1,-,-,
23222,愛知県,知多,東海市,―,b)日本人,b)男,a)総数,人口増減数（人）,20230101-31,-66,37,-49,98,2,2,8,5,5,5,1,3,7,7,-,-129,-2,-7,-17,-,-14,-13,-1,-,-13,-5,-,4,
23223,愛知県,知多,大府市,―,b)日本人,b)男,a)総数,人口増減数（人）,20230101-31,-2,37,-51,102,-,2,10,-,13,5,-,-,4,7,-,-86,-5,-3,-13,-1,-11,-3,-,-,-9,-4,-,4,
23224,愛知県,知多,知多市,―,b)日本人,b)男,a)総数,人口増減数（人）,20230101-31,-12,24,-56,78,1,1,6,2,9,4,2,1,3,6,-,-64,-,-1,-8,-3,-6,-2,-1,-,-5,-3,-,-,
23225,愛知県,西三河,知立市,―,b)日本人,b)男,a)総数,人口増減数（人）,20230101-31,-13,28,-48,110,3,-,6,2,9,4,2,-,6,11,-,-94,-3,-2,-11,-2,-8,-7,-4,-1,-4,-11,-,1,
23226,愛知県,尾張北東部,尾張旭市,―,b)日本人,b)男,a)総数,人口増減数（人）,20230101-31,-19,29,-53,76,2,-,4,-,8,3,3,-,2,2,-,-65,-1,-,-8,-4,-6,-5,-,-,-1,-6,-1,2,
23227,愛知県,西三河,高浜市,―,b)日本人,b)男,a)総数,人口増減数（人）,20230101-31,-,11,-15,57,2,-,3,2,5,3,-,2,3,3,-,-43,-3,-1,-8,-4,-6,-4,-2,-,-3,-3,-,1,
23228,愛知県,尾張北東部,岩倉市,―,b)日本人,b)男,a)総数,人口増減数（人）,20230101-31,-17,18,-40,52,-,2,9,2,7,2,-,1,2,3,-,-43,-3,-1,-5,-5,-7,-3,-3,-,-1,-5,-,1,
23229,愛知県,尾張北東部,豊明市,―,b)日本人,b)男,a)総数,人口増減数（人）,20230101-31,-20,20,-29,70,-,-,3,1,5,3,1,-,3,12,-,-78,-2,-1,-7,-,-5,-7,-,-,-4,-5,-,-,
23230,愛知県,尾張北東部,日進市,―,b)日本人,b)男,a)総数,人口増減数（人）,20230101-31,40,41,-45,126,4,1,11,2,12,7,3,1,7,29,-,-89,-1,-2,-21,-2,-10,-9,-3,-1,-2,-20,-,1,
23231,愛知県,東三河,田原市,―,b)日本人,b)男,a)総数,人口増減数（人）,20230101-31,-44,18,-39,24,2,2,7,-,7,6,3,-,5,4,-,-51,-2,-1,-6,-1,-7,-3,-2,-1,-3,-7,-,1,
23232,愛知県,尾張中西部・海部,愛西市,―,b)日本人,b)男,a)総数,人口増減数（人）,20230101-31,-53,10,-59,32,1,-,4,-,6,-,-,-,-,1,-,-35,-1,-,-2,-1,-3,-3,-,-,-,-4,-,1,
23233,愛知県,尾張中西部・海部,清須市,―,b)日本人,b)男,a)総数,人口増減数（人）,20230101-31,9,27,-36,85,-,2,9,2,3,8,1,1,2,2,-,-66,-1,-1,-11,-1,-8,-2,-1,-1,-2,-4,-,1,
23234,愛知県,尾張中西部・海部,北名古屋市,―,b)日本人,b)男,a)総数,人口増減数（人）,20230101-31,-44,28,-56,67,2,-,4,5,11,6,3,-,3,4,1,-81,-5,-,-11,-2,-14,-4,-1,-,-4,-1,-,1,
23235,愛知県,尾張中西部・海部,弥富市,―,b)日本人,b)男,a)総数,人口増減数（人）,20230101-31,7,8,-22,41,1,1,4,1,14,1,-,-,1,-,-,-28,-,-,-5,-,-7,-2,-2,-,-,-1,-,2,
23236,愛知県,西三河,みよし市,―,b)日本人,b)男,a)総数,人口増減数（人）,20230101-31,11,19,-28,77,6,2,5,2,4,2,1,-,3,26,-,-77,-4,-1,-5,-,-5,-8,-,-,-,-10,-,2,
23237,愛知県,尾張中西部・海部,あま市,―,b)日本人,b)男,a)総数,人口増減数（人）,20230101-31,-6,15,-51,66,2,-,6,1,14,3,3,-,3,10,-,-59,-1,-,-5,-2,-4,-7,-,-,-1,-1,-,2,
23238,愛知県,尾張北東部,長久手市,―,b)日本人,b)男,a)総数,人口増減数（人）,20230101-31,-29,19,-27,46,1,-,8,3,13,4,1,1,1,15,-,-65,-2,-,-12,-3,-5,-11,-1,-1,-,-14,-,-,
23302,愛知県,尾張北東部,愛知郡,東郷町,b)日本人,b)男,a)総数,人口増減数（人）,20230101-31,9,10,-24,65,-,2,3,1,3,2,1,1,-,2,-,-37,-1,-,-4,-1,-3,-2,-1,-,-3,-5,-,-,
23342,愛知県,尾張中西部・海部,西春日井郡,豊山町,b)日本人,b)男,a)総数,人口増減数（人）,20230101-31,5,2,-9,21,-,-,-,-,2,-,-,-,1,1,-,-10,-,-1,-,-,-1,-,-1,-,-1,-,-,1,
23361,愛知県,尾張北東部,丹羽郡,大口町,b)日本人,b)男,a)総数,人口増減数（人）,20230101-31,-2,7,-17,34,-,-,2,2,1,-,-,-,-,6,-,-24,-,-,-2,-1,-7,-1,-,-,-,-3,-,1,
23362,愛知県,尾張北東部,丹羽郡,扶桑町,b)日本人,b)男,a)総数,人口増減数（人）,20230101-31,-16,5,-27,31,-,-,1,1,7,4,1,-,1,7,-,-32,-,-,-4,-1,-7,-1,-,-,-,-2,-,-,
23424,愛知県,尾張中西部・海部,海部郡,大治町,b)日本人,b)男,a)総数,人口増減数（人）,20230101-31,18,9,-14,41,-,-,2,-,4,3,1,1,1,1,-,-25,-1,-,-,-,-5,-2,-,-,-,-,-,2,
23425,愛知県,尾張中西部・海部,海部郡,蟹江町,b)日本人,b)男,a)総数,人口増減数（人）,20230101-31,6,9,-23,44,1,-,1,1,8,3,-,-,-,2,-,-25,-,-,-4,-1,-8,-3,-,-,-,-,-,1,
23427,愛知県,尾張中西部・海部,海部郡,飛島村,b)日本人,b)男,a)総数,人口増減数（人）,20230101-31,-5,-,-1,-,-,-,-,-,-,-,-,-,-,-,-,-5,-,-,-,-,-,-,-,-,-,-,-,1,
23441,愛知県,知多,知多郡,阿久比町,b)日本人,b)男,a)総数,人口増減数（人）,20230101-31,-18,8,-13,14,-,-,3,-,3,1,-,1,2,2,-,-32,-,-,-2,-,-1,-,-,-,-,-4,-,-,
23442,愛知県,知多,知多郡,東浦町,b)日本人,b)男,a)総数,人口増減数（人）,20230101-31,-19,12,-33,54,2,-,4,2,4,-,-,-,3,5,-,-44,-,-3,-6,-2,-9,-2,-2,-,-2,-3,-,1,
23445,愛知県,知多,知多郡,南知多町,b)日本人,b)男,a)総数,人口増減数（人）,20230101-31,-35,3,-27,5,-,-,-,-,-,-,-,-,-,-,-,-14,-,-,-1,-,-1,-,-,-,-,-,-,-,
23446,愛知県,知多,知多郡,美浜町,b)日本人,b)男,a)総数,人口増減数（人）,20230101-31,-24,1,-28,15,3,-,-,-,1,-,-,-,2,-,-,-12,-,-,-1,-1,-1,-,-2,-1,-,-,-,-,
23447,愛知県,知多,知多郡,武豊町,b)日本人,b)男,a)総数,人口増減数（人）,20230101-31,-16,12,-32,43,2,-,3,1,2,2,-,-,1,3,-,-31,-1,-3,-6,-1,-2,-2,-1,-,-3,-4,-,1,
23501,愛知県,西三河,額田郡,幸田町,b)日本人,b)男,a)総数,人口増減数（人）,20230101-31,-1,19,-19,43,3,-,3,1,6,3,1,1,3,7,-,-56,-,-,-7,-,-2,-2,-,-1,-1,-3,-,-,
23561,愛知県,東三河,北設楽郡,設楽町,b)日本人,b)男,a)総数,人口増減数（人）,20230101-31,-8,-,-5,1,-,-,-,-,-,-,-,-,-,-,-,-4,-,-,-,-,-,-,-,-,-,-,-,-,
23562,愛知県,東三河,北設楽郡,東栄町,b)日本人,b)男,a)総数,人口増減数（人）,20230101-31,2,-,-,3,-,-,1,-,-,-,-,-,-,-,-,-1,-,-,-,-,-,-,-1,-,-,-,-,-,
23563,愛知県,東三河,北設楽郡,豊根村,b)日本人,b)男,a)総数,人口増減数（人）,20230101-31,-2,1,-4,1,-,-,-,-,-,-,-,-,-,-,-,-,-,-,-,-,-,-,-,-,-,-,-,-,
23000,愛知県,―,―,―,b)日本人,c)女,a)総数,人口増減数（人）,20230101-31,-2268,2144,-4227,5825,124,50,589,191,833,366,100,34,217,516,-,-5897,-99,-40,-910,-165,-744,-412,-71,-43,-236,-492,-1,80,
23100,愛知県,名古屋,名古屋市,―,b)日本人,c)女,a)総数,人口増減数（人）,20230101-31,-646,674,-1313,2690,61,26,296,93,351,186,48,17,84,162,-,-2664,-51,-16,-493,-76,-255,-193,-30,-24,-99,-151,-,31,
23101,愛知県,名古屋,名古屋市,千種区,b)日本人,c)女,a)総数,人口増減数（人）,20230101-31,-48,35,-89,195,6,1,30,9,29,25,2,-,10,29,-,-193,-3,-6,-57,-4,-23,-22,-7,-,-12,-6,-,3,
23102,愛知県,名古屋,名古屋市,東区,b)日本人,c)女,a)総数,人口増減数（人）,20230101-31,41,42,-42,149,3,4,20,4,19,13,1,-,1,3,-,-102,-3,-3,-40,-2,-10,-6,-,-2,-6,-4,-,2,
23103,愛知県,名古屋,名古屋市,北区,b)日本人,c)女,a)総数,人口増減数（人）,20230101-31,-100,36,-115,161,2,3,17,4,24,6,1,2,4,2,-,-175,-2,-,-27,-7,-11,-10,-1,-2,-4,-11,-,3,
23104,愛知県,名古屋,名古屋市,西区,b)日本人,c)女,a)総数,人口増減数（人）,20230101-31,-11,49,-87,178,6,-,26,9,29,7,4,2,2,14,-,-158,-2,-,-32,-6,-22,-12,-1,-3,-2,-12,-,-,
23105,愛知県,名古屋,名古屋市,中村区,b)日本人,c)女,a)総数,人口増減数（人）,20230101-31,-36,27,-103,219,2,5,18,13,44,18,2,1,4,9,-,-176,-8,-,-38,-12,-21,-12,-7,-2,-12,-12,-,5,
23106,愛知県,名古屋,名古屋市,中区,b)日本人,c)女,a)総数,人口増減数（人）,20230101-31,7,28,-39,212,6,1,35,12,33,20,6,2,9,4,-,-199,-4,-,-65,-6,-21,-14,-1,-5,-6,-4,-,3,
23107,愛知県,名古屋,名古屋市,昭和区,b)日本人,c)女,a)総数,人口増減数（人）,20230101-31,-51,31,-42,127,1,-,16,3,16,13,7,3,6,12,-,-166,-8,-,-31,-4,-13,-5,-2,-2,-3,-13,-,3,
23108,愛知県,名古屋,名古屋市,瑞穂区,b)日本人,c)女,a)総数,人口増減数（人）,20230101-31,-41,26,-81,145,5,1,11,4,15,4,3,1,3,7,-,-121,-,-,-26,-2,-7,-14,-,-,-7,-8,-,-,
23109,愛知県,名古屋,名古屋市,熱田区,b)日本人,c)女,a)総数,人口増減数（人）,20230101-31,-43,16,-44,84,2,-,8,5,7,7,3,-,5,3,-,-105,-,-,-16,-1,-7,-8,-,-,-1,-2,-,1,
23110,愛知県,名古屋,名古屋市,中川区,b)日本人,c)女,a)総数,人口増減数（人）,20230101-31,-76,88,-128,234,4,2,22,9,31,18,5,1,11,9,-,-271,-3,-,-31,-8,-28,-14,-6,-,-9,-13,-,1,
23111,愛知県,名古屋,名古屋市,港区,b)日本人,c)女,a)総数,人口増減数（人）,20230101-31,-51,33,-76,114,2,2,8,3,7,3,-,-,2,3,-,-119,-,-1,-10,-,-12,-6,-2,-,-2,-1,-,1,
23112,愛知県,名古屋,名古屋市,南区,b)日本人,c)女,a)総数,人口増減数（人）,20230101-31,-33,42,-80,142,5,-,8,4,9,4,2,-,2,7,-,-131,-5,-2,-11,-3,-11,-7,-1,-,-1,-8,-,2,
23113,愛知県,名古屋,名古屋市,守山区,b)日本人,c)女,a)総数,人口増減数（人）,20230101-31,-43,64,-119,163,7,2,13,2,20,9,3,1,3,7,-,-145,-1,-,-22,-7,-19,-9,-,-1,-7,-7,-,-,
23114,愛知県,名古屋,名古屋市,緑区,b)日本人,c)女,a)総数,人口増減数（人）,20230101-31,-111,59,-118,221,3,1,13,2,20,3,1,2,7,25,-,-246,-1,-1,-21,-5,-20,-18,-1,-5,-8,-30,-,6,
23115,愛知県,名古屋,名古屋市,名東区,b)日本人,c)女,a)総数,人口増減数（人）,20230101-31,-,48,-75,193,3,3,35,9,25,22,2,1,7,6,-,-165,-8,-2,-43,-6,-13,-24,-1,-,-9,-10,-,2,
23116,愛知県,名古屋,名古屋市,天白区,b)日本人,c)女,a)総数,人口増減数（人）,20230101-31,-50,50,-75,153,4,1,16,1,23,14,6,1,8,22,-,-192,-3,-1,-23,-3,-17,-12,-,-2,-10,-10,-,-1,
23201,愛知県,東三河,豊橋市,―,b)日本人,c)女,a)総数,人口増減数（人）,20230101-31,-109,94,-232,135,3,3,22,5,48,9,5,2,13,19,-,-117,-3,-,-31,-7,-48,-8,-2,-1,-7,-15,-,4,
23202,愛知県,西三河,岡崎市,―,b)日本人,c)女,a)総数,人口増減数（人）,20230101-31,-39,97,-190,190,4,2,30,12,33,21,3,3,13,44,-,-158,-4,-,-31,-5,-26,-13,-6,-1,-6,-54,-,3,
23203,愛知県,尾張中西部・海部,一宮市,―,b)日本人,c)女,a)総数,人口増減数（人）,20230101-31,-126,88,-208,162,1,1,20,6,46,13,2,-,6,23,-,-140,-3,-3,-34,-4,-49,-18,-5,-1,-8,-22,-,1,
23204,愛知県,尾張北東部,瀬戸市,―,b)日本人,c)女,a)総数,人口増減数（人）,20230101-31,-73,26,-83,60,-,1,6,2,11,3,1,-,1,2,-,-73,-1,-,-14,-1,-8,-7,-,-1,-,-1,-,3,
23205,愛知県,知多,半田市,―,b)日本人,c)女,a)総数,人口増減数（人）,20230101-31,-45,33,-71,71,1,-,3,1,2,4,2,-,4,3,-,-69,-2,-1,-5,-1,-4,-4,-,-1,-3,-9,-,1,
23206,愛知県,尾張北東部,春日井市,―,b)日本人,c)女,a)総数,人口増減数（人）,20230101-31,-166,106,-164,140,5,1,32,3,32,12,2,1,7,12,-,-226,-3,-1,-33,-6,-40,-24,-2,-4,-7,-13,-,4,
23207,愛知県,東三河,豊川市,―,b)日本人,c)女,a)総数,人口増減数（人）,20230101-31,-75,50,-134,100,3,1,6,3,14,4,1,-,1,8,-,-83,-,-,-15,-2,-15,-9,-,-,-3,-5,-,-,
23208,愛知県,尾張中西部・海部,津島市,―,b)日本人,c)女,a)総数,人口増減数（人）,20230101-31,-29,19,-32,39,1,-,1,1,8,2,-,-,2,2,-,-56,-,-,-6,-1,-3,-2,-,-,-3,-2,-,1,
23209,愛知県,西三河,碧南市,―,b)日本人,c)女,a)総数,人口増減数（人）,20230101-31,-17,26,-48,44,1,-,3,2,1,2,-,-,4,5,-,-48,-1,-,-4,-,-1,-1,-,-,-2,-,-,-,
23210,愛知県,西三河,刈谷市,―,b)日本人,c)女,a)総数,人口増減数（人）,20230101-31,-4,53,-74,148,4,1,14,3,14,4,2,-,3,27,-,-148,-1,-2,-13,-4,-10,-7,-5,-,-7,-7,-,1,
23211,愛知県,西三河,豊田市,―,b)日本人,c)女,a)総数,人口増減数（人）,20230101-31,-143,96,-186,168,15,2,26,9,30,15,5,1,18,43,-,-249,-4,-2,-31,-14,-44,-17,-1,-1,-15,-11,-,4,
23212,愛知県,西三河,安城市,―,b)日本人,c)女,a)総数,人口増減数（人）,20230101-31,-85,56,-104,130,1,-,6,1,12,9,-,-,2,20,-,-137,-3,-3,-19,-7,-12,-6,-3,-1,-7,-21,-,1,
23213,愛知県,西三河,西尾市,―,b)日本人,c)女,a)総数,人口増減数（人）,20230101-31,-35,55,-111,103,-,-,6,4,10,5,1,-,6,19,-,-96,-3,-1,-10,-,-7,-3,-1,-,-4,-8,-,-,
23214,愛知県,東三河,蒲郡市,―,b)日本人,c)女,a)総数,人口増減数（人）,20230101-31,-39,20,-57,41,1,-,-,1,1,2,1,-,3,4,-,-42,-,-,-2,-1,-5,-1,-,-,-2,-4,-,1,
23215,愛知県,尾張北東部,犬山市,―,b)日本人,c)女,a)総数,人口増減数（人）,20230101-31,-50,14,-48,47,-,-,1,3,12,-,1,-,-,2,-,-52,-,-1,-7,-1,-13,-2,-,-,-2,-6,-,2,
23216,愛知県,知多,常滑市,―,b)日本人,c)女,a)総数,人口増減数（人）,20230101-31,-27,14,-39,39,-,2,5,-,3,1,-,1,2,1,-,-32,-1,-3,-8,-2,-6,-5,-,-,-,-3,-,4,
23217,愛知県,尾張北東部,江南市,―,b)日本人,c)女,a)総数,人口増減数（人）,20230101-31,-44,26,-61,58,-,-,6,2,8,1,-,-,1,1,-,-54,-3,-,-5,-,-11,-3,-,-,-5,-7,-,2,
23219,愛知県,尾張北東部,小牧市,―,b)日本人,c)女,a)総数,人口増減数（人）,20230101-31,-45,38,-74,95,1,-,18,6,17,2,9,-,7,5,-,-108,-2,-3,-12,-3,-24,-8,-,-2,-8,-6,-,7,
23220,愛知県,尾張中西部・海部,稲沢市,―,b)日本人,c)女,a)総数,人口増減数（人）,20230101-31,-46,46,-70,76,-,-,3,1,9,5,3,4,3,6,-,-87,-2,-,-14,-2,-12,-3,-,-,-3,-9,-,-,
23221,愛知県,東三河,新城市,―,b)日本人,c)女,a)総数,人口増減数（人）,20230101-31,-48,3,-40,17,1,-,1,-,3,-,-,-,-,3,-,-25,-,-,-3,-,-4,-1,-,-,-1,-2,-,-,
23222,愛知県,知多,東海市,―,b)日本人,c)女,a)総数,人口増減数（人）,20230101-31,-46,39,-56,72,1,1,5,4,11,7,1,-,1,6,-,-104,-,-1,-8,-1,-4,-7,-,-1,-3,-10,-,1,
23223,愛知県,知多,大府市,―,b)日本人,c)女,a)総数,人口増減数（人）,20230101-31,-5,26,-45,66,2,1,12,-,18,6,-,-,3,6,-,-67,-3,-1,-8,-1,-12,-3,-,-,-3,-2,-,-,
23224,愛知県,知多,知多市,―,b)日本人,c)女,a)総数,人口増減数（人）,20230101-31,-23,29,-61,57,-,-,3,3,3,2,-,-,1,6,-,-45,-,-,-4,-,-3,-3,-,-1,-5,-6,-,1,
23225,愛知県,西三河,知立市,―,b)日本人,c)女,a)総数,人口増減数（人）,20230101-31,-17,29,-29,62,-,-,6,-,9,2,-,-,-,3,-,-72,-,-,-2,-,-7,-5,-,-2,-4,-7,-,-,
23226,愛知県,尾張北東部,尾張旭市,―,b)日本人,c)女,a)総数,人口増減数（人）,20230101-31,-43,19,-45,67,2,-,-,-,7,2,2,-,2,1,-,-62,-,-,-9,-2,-6,-11,-,-,-2,-9,-,1,
23227,愛知県,西三河,高浜市,―,b)日本人,c)女,a)総数,人口増減数（人）,20230101-31,3,15,-22,37,2,-,1,1,4,3,-,-,1,1,-,-34,-,-,-,-,-5,-,-,-,-1,-,-,-,
23228,愛知県,尾張北東部,岩倉市,―,b)日本人,c)女,a)総数,人口増減数（人）,20230101-31,-13,30,-34,36,-,3,6,-,10,2,-,1,-,6,-,-45,-1,-,-,-7,-11,-,-2,-,-4,-3,-,-,
23229,愛知県,尾張北東部,豊明市,―,b)日本人,c)女,a)総数,人口増減数（人）,20230101-31,-14,21,-29,61,-,-,1,-,8,2,1,-,-,3,-,-63,-2,-,-6,-,-2,-3,-1,-,-1,-5,-,1,
23230,愛知県,尾張北東部,日進市,―,b)日本人,c)女,a)総数,人口増減数（人）,20230101-31,21,40,-36,97,2,-,8,3,9,5,-,-,2,20,-,-75,-1,-,-11,-1,-7,-6,-2,-,-3,-23,-,-,
23231,愛知県,東三河,田原市,―,b)日本人,c)女,a)総数,人口増減数（人）,20230101-31,-41,14,-54,21,2,1,-,1,2,4,-,-,4,3,-,-27,-,-,-3,-,-1,-1,-,-,-2,-5,-,-,
23232,愛知県,尾張中西部・海部,愛西市,―,b)日本人,c)女,a)総数,人口増減数（人）,20230101-31,-29,16,-51,48,-,-,3,-,6,-,-,1,1,1,-,-38,-,-,-3,-,-8,-1,-,-,-,-5,-,1,
23233,愛知県,尾張中西部・海部,清須市,―,b)日本人,c)女,a)総数,人口増減数（人）,20230101-31,-13,18,-38,66,-,-,2,1,13,2,-,-,2,3,-,-60,-,-,-4,-,-7,-3,-1,-1,-1,-5,-,-,
23234,愛知県,尾張中西部・海部,北名古屋市,―,b)日本人,c)女,a)総数,人口増減数（人）,20230101-31,-22,28,-39,61,2,-,2,4,6,4,1,-,1,2,-,-59,-2,-,-12,-2,-6,-5,-2,-,-1,-4,-1,-,
23235,愛知県,尾張中西部・海部,弥富市,―,b)日本人,c)女,a)総数,人口増減数（人）,20230101-31,-19,13,-35,39,2,-,4,3,4,-,1,-,1,-,-,-34,-,-,-1,-,-7,-,-3,-1,-1,-4,-,-,
23236,愛知県,西三河,みよし市,―,b)日本人,c)女,a)総数,人口増減数（人）,20230101-31,11,18,-21,69,1,2,3,2,4,2,-,-,-,9,-,-53,-,-,-7,-1,-3,-5,-,-,-1,-11,-,3,
23237,愛知県,尾張中西部・海部,あま市,―,b)日本人,c)女,a)総数,人口増減数（人）,20230101-31,-39,33,-49,45,2,-,5,1,9,5,1,-,1,5,-,-66,-1,-,-5,-3,-9,-3,-1,-,-1,-8,-,-,
23238,愛知県,尾張北東部,長久手市,―,b)日本人,c)女,a)総数,人口増減数（人）,20230101-31,-4,25,-22,57,2,-,10,4,5,3,3,1,-,7,-,-61,-1,-,-11,-3,-6,-7,-2,-,-1,-7,-,-,
23302,愛知県,尾張北東部,愛知郡,東郷町,b)日本人,c)女,a)総数,人口増減数（人）,20230101-31,10,15,-16,41,1,-,-,1,6,-,1,-,1,3,-,-30,-1,-,-4,-,-3,-,-,-,-3,-2,-,-,
23342,愛知県,尾張中西部・海部,西春日井郡,豊山町,b)日本人,c)女,a)総数,人口増減数（人）,20230101-31,-8,4,-10,11,-,-,-,-,1,-,-,-,1,1,-,-12,-,-,-1,-1,-,-1,-,-,-,-1,-,-,
23361,愛知県,尾張北東部,丹羽郡,大口町,b)日本人,c)女,a)総数,人口増減数（人）,20230101-31,-3,5,-15,24,-,-,-,-,6,-,-,-,-,1,-,-13,-,-,-1,-,-7,-2,-,-,-,-1,-,-,
23362,愛知県,尾張北東部,丹羽郡,扶桑町,b)日本人,c)女,a)総数,人口増減数（人）,20230101-31,-25,11,-18,18,-,-,1,2,4,1,-,-,2,3,-,-33,-,-1,-1,-1,-8,-3,-,-,-1,-1,-,-,
23424,愛知県,尾張中西部・海部,海部郡,大治町,b)日本人,c)女,a)総数,人口増減数（人）,20230101-31,-5,10,-14,26,-,-,3,1,2,3,-,-,3,-,-,-26,-,-,-3,-2,-4,-1,-,-,-,-3,-,-,
23425,愛知県,尾張中西部・海部,海部郡,蟹江町,b)日本人,c)女,a)総数,人口増減数（人）,20230101-31,17,9,-18,39,-,-,1,-,7,3,1,1,2,1,-,-20,-,-,-2,-,-3,-4,-,-,-,-,-,-,
23427,愛知県,尾張中西部・海部,海部郡,飛島村,b)日本人,c)女,a)総数,人口増減数（人）,20230101-31,-4,1,-4,1,-,-,-,-,1,-,-,-,-,-,-,-2,-,-,-,-,-,-,-,-,-,-,-,-1,
23441,愛知県,知多,知多郡,阿久比町,b)日本人,c)女,a)総数,人口増減数（人）,20230101-31,-17,5,-14,16,-,1,2,-,-,-,-,-,1,-,-,-23,-,-,-2,-,-2,-,-,-,-,-1,-,-,
23442,愛知県,知多,知多郡,東浦町,b)日本人,c)女,a)総数,人口増減数（人）,20230101-31,-14,10,-25,36,-,1,2,-,5,2,-,-,-,4,-,-27,-,-,-6,-,-9,-1,-1,-,-1,-4,-,-,
23445,愛知県,知多,知多郡,南知多町,b)日本人,c)女,a)総数,人口増減数（人）,20230101-31,-19,4,-20,7,-,-,-,1,1,-,-,-,-,1,-,-13,-,-,-,-,-,-,-,-,-1,-,-,1,
23446,愛知県,知多,知多郡,美浜町,b)日本人,c)女,a)総数,人口増減数（人）,20230101-31,-4,5,-14,14,-,-,-,-,-,1,-,-,-,-,-,-5,-,-,-,-,-3,-,-,-,-,-2,-,-,
23447,愛知県,知多,知多郡,武豊町,b)日本人,c)女,a)総数,人口増減数（人）,20230101-31,-14,6,-20,32,-,-,1,1,3,2,1,-,4,4,-,-31,-,-1,-3,-3,-1,-2,-1,-,-4,-3,-,1,
23501,愛知県,西三河,額田郡,幸田町,b)日本人,c)女,a)総数,人口増減数（人）,20230101-31,17,12,-19,41,-,-,3,-,3,3,1,1,3,4,-,-29,-,-,-2,-,-2,-,-,-,-,-3,-,1,
23561,愛知県,東三河,北設楽郡,設楽町,b)日本人,c)女,a)総数,人口増減数（人）,20230101-31,-9,-,-7,1,-,-,-,-,-,-,-,-,-,1,-,-3,-,-,-,-,-,-,-,-,-,-1,-,-,
23562,愛知県,東三河,北設楽郡,東栄町,b)日本人,c)女,a)総数,人口増減数（人）,20230101-31,-4,-,-6,4,-,-,-,-,1,-,-,-,-,-,-,-1,-,-,-1,-,-1,-,-,-,-,-,-,-,
23563,愛知県,東三河,北設楽郡,豊根村,b)日本人,c)女,a)総数,人口増減数（人）,20230101-31,-2,-,-2,-,-,-,-,-,-,-,-,-,-,-,-,-,-,-,-,-,-,-,-,-,-,-,-,-,
23000,愛知県,―,―,―,c)外国人,b)男,a)総数,人口増減数（人）,20230101-31,312,96,-33,1179,23,52,116,74,287,123,65,15,55,1829,1,-1218,-31,-63,-204,-65,-366,-128,-24,-14,-70,-992,-2,-393,
23100,愛知県,名古屋,名古屋市,―,c)外国人,b)男,a)総数,人口増減数（人）,20230101-31,63,22,-15,356,5,5,31,21,63,33,10,2,14,688,-,-477,-13,-20,-73,-17,-91,-45,-6,-3,-21,-224,-,-182,
23101,愛知県,名古屋,名古屋市,千種区,c)外国人,b)男,a)総数,人口増減数（人）,20230101-31,-31,1,-1,26,-,1,2,1,3,2,-,1,-,22,-,-36,-,-,-7,-,-2,-1,-1,-,-1,-23,-,-18,
23102,愛知県,名古屋,名古屋市,東区,c)外国人,b)男,a)総数,人口増減数（人）,20230101-31,-20,-,-1,14,-,-,1,-,2,-,-,-,-,29,-,-25,-1,-1,-3,-1,-3,-,-3,-1,-8,-9,-,-10,
23103,愛知県,名古屋,名古屋市,北区,c)外国人,b)男,a)総数,人口増減数（人）,20230101-31,18,1,-1,23,-,-,3,4,1,2,-,-,-,36,-,-16,-,-2,-3,-,-3,-1,-,-,-,-15,-,-11,
23104,愛知県,名古屋,名古屋市,西区,c)外国人,b)男,a)総数,人口増減数（人）,20230101-31,-4,-,-4,15,1,-,1,2,5,2,3,-,-,11,-,-10,-,-,-5,-2,-1,-6,-,-,-,-14,-,-2,
23105,愛知県,名古屋,名古屋市,中村区,c)外国人,b)男,a)総数,人口増減数（人）,20230101-31,-2,2,-,31,-,-,2,2,7,3,1,-,2,102,-,-83,-4,-1,-4,-3,-20,-1,-2,-,-,-7,-,-29,
23106,愛知県,名古屋,名古屋市,中区,c)外国人,b)男,a)総数,人口増減数（人）,20230101-31,22,2,-,40,1,-,5,-,5,6,-,-,-,51,-,-32,-,-1,-8,-,-5,-7,-,-,-2,-8,-,-25,
23107,愛知県,名古屋,名古屋市,昭和区,c)外国人,b)男,a)総数,人口増減数（人）,20230101-31,22,-,-,11,-,-,-,-,2,2,-,-,-,52,-,-24,-1,-,-4,-,-1,-1,-,-,-,-8,-,-6,
23108,愛知県,名古屋,名古屋市,瑞穂区,c)外国人,b)男,a)総数,人口増減数（人）,20230101-31,-5,-,-,6,-,-,-,-,1,1,1,-,-,6,-,-13,-,-2,-3,-,-1,-,-,-,-1,-1,-,1,
23109,愛知県,名古屋,名古屋市,熱田区,c)外国人,b)男,a)総数,人口増減数（人）,20230101-31,21,3,-1,10,1,-,3,-,2,1,-,-,-,16,-,-6,-,-,-2,-,-1,-,-,-,-,-2,-,-3,
23110,愛知県,名古屋,名古屋市,中川区,c)外国人,b)男,a)総数,人口増減数（人）,20230101-31,10,4,-1,45,-,1,1,2,5,4,2,-,-,49,-,-43,-1,-2,-6,-5,-6,-2,-,-,-,-18,-,-19,
23111,愛知県,名古屋,名古屋市,港区,c)外国人,b)男,a)総数,人口増減数（人）,20230101-31,-9,1,-2,35,2,2,8,2,10,6,1,1,3,29,-,-39,-,-2,-6,-1,-4,-,-,-1,-4,-32,-,-18,
23112,愛知県,名古屋,名古屋市,南区,c)外国人,b)男,a)総数,人口増減数（人）,20230101-31,45,4,-1,27,-,1,-,1,8,1,-,-,2,175,-,-70,-3,-4,-14,-2,-32,-18,-,-,-3,-17,-,-10,
23113,愛知県,名古屋,名古屋市,守山区,c)外国人,b)男,a)総数,人口増減数（人）,20230101-31,8,-,-,18,-,-,2,5,5,-,1,-,-,21,-,-16,-,-,-2,-,-5,-1,-,-,-,-14,-,-6,
23114,愛知県,名古屋,名古屋市,緑区,c)外国人,b)男,a)総数,人口増減数（人）,20230101-31,20,4,-1,25,-,-,1,2,3,-,1,-,7,59,-,-41,-3,-3,-1,-1,-,-4,-,-,-2,-18,-,-8,
23115,愛知県,名古屋,名古屋市,名東区,c)外国人,b)男,a)総数,人口増減数（人）,20230101-31,-26,-,-2,16,-,-,2,-,2,1,-,-,-,14,-,-11,-,-2,-1,-1,-5,-2,-,-,-,-23,-,-14,
23116,愛知県,名古屋,名古屋市,天白区,c)外国人,b)男,a)総数,人口増減数（人）,20230101-31,-6,-,-,14,-,-,-,-,2,2,-,-,-,16,-,-12,-,-,-4,-1,-2,-1,-,-1,-,-15,-,-4,
23201,愛知県,東三河,豊橋市,―,c)外国人,b)男,a)総数,人口増減数（人）,20230101-31,29,10,-2,39,2,7,9,6,41,2,5,1,3,120,-,-30,-1,-4,-11,-3,-63,-2,-2,-1,-4,-87,-,-6,
23202,愛知県,西三河,岡崎市,―,c)外国人,b)男,a)総数,人口増減数（人）,20230101-31,49,5,-3,40,3,5,3,8,14,-,10,-,1,86,-,-39,-4,-3,-9,-2,-7,-3,-2,-1,-1,-37,-,-15,
23203,愛知県,尾張中西部・海部,一宮市,―,c)外国人,b)男,a)総数,人口増減数（人）,20230101-31,50,4,-2,10,-,2,6,-,8,4,4,1,9,105,-,-21,-1,-1,-10,-5,-10,-8,-4,-,-1,-25,-,-15,
23204,愛知県,尾張北東部,瀬戸市,―,c)外国人,b)男,a)総数,人口増減数（人）,20230101-31,6,1,-1,21,1,1,2,-,4,2,3,1,-,13,-,-17,-,-,-1,-3,-4,-1,-,-,-,-17,-,1,
23205,愛知県,知多,半田市,―,c)外国人,b)男,a)総数,人口増減数（人）,20230101-31,1,-,-1,17,-,2,-,1,2,-,-,-,-,36,-,-16,-,-3,-4,-,-5,-13,-,-,-1,-12,-,-2,
23206,愛知県,尾張北東部,春日井市,―,c)外国人,b)男,a)総数,人口増減数（人）,20230101-31,13,1,-1,26,1,2,5,-,15,1,1,-,-,51,-,-25,-,-2,-10,-1,-6,-4,-,-,-,-24,-,-17,
23207,愛知県,東三河,豊川市,―,c)外国人,b)男,a)総数,人口増減数（人）,20230101-31,13,1,-1,24,1,1,-,-,9,8,3,-,2,46,-,-29,-,-1,-4,-,-12,-3,-,-1,-,-29,-,-2,
23208,愛知県,尾張中西部・海部,津島市,―,c)外国人,b)男,a)総数,人口増減数（人）,20230101-31,-,1,-,10,2,-,4,2,3,3,1,-,-,11,-,-11,-,-,-3,-1,-2,-1,-1,-,-,-14,-,-4,
23209,愛知県,西三河,碧南市,―,c)外国人,b)男,a)総数,人口増減数（人）,20230101-31,-18,4,-1,24,1,-,2,-,3,1,-,-,1,14,-,-29,-2,-2,-1,-1,-4,-4,-,-1,-1,-17,-,-5,
23210,愛知県,西三河,刈谷市,―,c)外国人,b)男,a)総数,人口増減数（人）,20230101-31,35,1,-,29,-,2,3,1,2,3,-,-,-,40,-,-19,-,-2,-3,-1,-3,-2,-,-,-1,-14,-,-1,
23211,愛知県,西三河,豊田市,―,c)外国人,b)男,a)総数,人口増減数（人）,20230101-31,56,8,-2,64,1,4,11,9,29,11,7,2,4,101,-,-67,-,-4,-15,-1,-14,-7,-2,-1,-,-66,-,-16,
23212,愛知県,西三河,安城市,―,c)外国人,b)男,a)総数,人口増減数（人）,20230101-31,-20,2,-,20,-,3,3,2,8,2,-,1,-,53,-,-64,-,-2,-1,-3,-6,-2,-1,-,-9,-24,-,-2,
23213,愛知県,西三河,西尾市,―,c)外国人,b)男,a)総数,人口増減数（人）,20230101-31,27,11,-,58,1,2,4,5,10,5,-,1,2,65,-,-41,-1,-1,-5,-9,-21,-1,-2,-,-16,-36,-,-4,
23214,愛知県,東三河,蒲郡市,―,c)外国人,b)男,a)総数,人口増減数（人）,20230101-31,-,2,-,7,-,-,1,-,3,1,-,-,1,11,-,-6,-,-1,-3,-3,-2,-,-,-,-,-11,-,-,
23215,愛知県,尾張北東部,犬山市,―,c)外国人,b)男,a)総数,人口増減数（人）,20230101-31,-8,2,-,11,-,-,-,-,1,-,-,-,1,10,-,-7,-1,-,-2,-,-2,-3,-1,-,-,-10,-,-7,
23216,愛知県,知多,常滑市,―,c)外国人,b)男,a)総数,人口増減数（人）,20230101-31,-14,-,-,6,-,-,-,-,-,1,1,-,-,13,-,-14,-,-1,-1,-,-6,-,-,-,-,-9,-,-4,
23217,愛知県,尾張北東部,江南市,―,c)外国人,b)男,a)総数,人口増減数（人）,20230101-31,18,-,-1,8,1,1,6,-,3,3,-,-,-,16,-,-11,-1,-,-2,-,-2,-,-,-,-,-2,-,-1,
23219,愛知県,尾張北東部,小牧市,―,c)外国人,b)男,a)総数,人口増減数（人）,20230101-31,-,3,-1,49,-,-,1,6,15,6,3,2,3,34,-,-35,-,-1,-4,-3,-16,-3,-1,-,-2,-42,-,-14,
23220,愛知県,尾張中西部・海部,稲沢市,―,c)外国人,b)男,a)総数,人口増減数（人）,20230101-31,23,2,-,15,-,-,1,-,3,4,1,-,-,23,-,-12,-,-,-,-,-2,-,-,-1,-,-12,-,1,
23221,愛知県,東三河,新城市,―,c)外国人,b)男,a)総数,人口増減数（人）,20230101-31,2,-,-,5,-,-,1,-,1,-,1,-,-,8,-,-4,-,-1,-,-1,-1,-,-,-,-,-4,-,-3,
23222,愛知県,知多,東海市,―,c)外国人,b)男,a)総数,人口増減数（人）,20230101-31,18,-,-,23,-,-,1,-,1,-,-,1,-,20,-,-7,-,-,-1,-1,-1,-,-,-,-,-10,-,-8,
23223,愛知県,知多,大府市,―,c)外国人,b)男,a)総数,人口増減数（人）,20230101-31,8,1,-,17,-,1,-,-,7,3,-,-,1,34,-,-17,-,-,-4,-,-4,-,-1,-,-4,-12,-,-14,
23224,愛知県,知多,知多市,―,c)外国人,b)男,a)総数,人口増減数（人）,20230101-31,18,-,-1,13,-,-,-,-,-,-,-,1,-,28,-,-9,-,-,-1,-,-2,-,-,-1,-1,-9,-,-,
23225,愛知県,西三河,知立市,―,c)外国人,b)男,a)総数,人口増減数（人）,20230101-31,-1,2,-,25,-,2,-,1,2,1,-,-,2,21,-,-24,-,-4,-4,-2,-7,-,-,-,-1,-10,-,-5,
23226,愛知県,尾張北東部,尾張旭市,―,c)外国人,b)男,a)総数,人口増減数（人）,20230101-31,-6,3,-,9,-,-,-,-,-,1,-,-,-,6,-,-9,-2,-,-1,-1,-,-,-,-,-,-9,-,-3,
23227,愛知県,西三河,高浜市,―,c)外国人,b)男,a)総数,人口増減数（人）,20230101-31,-21,2,-,12,-,1,-,-,5,1,-,-,-,10,-,-23,-,-1,-1,-,-1,-2,-,-,-1,-23,-,-,
23228,愛知県,尾張北東部,岩倉市,―,c)外国人,b)男,a)総数,人口増減数（人）,20230101-31,23,3,-,28,-,-,1,-,3,5,2,-,1,9,-,-7,-1,-,-1,-,-3,-,-,-,-1,-9,-,-7,
23229,愛知県,尾張北東部,豊明市,―,c)外国人,b)男,a)総数,人口増減数（人）,20230101-31,-7,1,-,17,1,3,2,1,2,3,2,-,-,13,-,-20,-1,-,-5,-,-4,-,-,-,-,-12,-1,-9,
23230,愛知県,尾張北東部,日進市,―,c)外国人,b)男,a)総数,人口増減数（人）,20230101-31,-7,1,-,17,-,-,2,1,-,-,-,-,-,2,-,-4,-,-,-2,-,-,-1,-,-,-,-23,-,-,
23231,愛知県,東三河,田原市,―,c)外国人,b)男,a)総数,人口増減数（人）,20230101-31,25,-,-,24,-,-,-,-,4,2,-,-,-,5,-,-2,-,-,-2,-,-,-,-,-1,-,-4,-1,-,
23232,愛知県,尾張中西部・海部,愛西市,―,c)外国人,b)男,a)総数,人口増減数（人）,20230101-31,-8,-,-,4,-,-,2,-,2,-,-,-,1,4,-,-3,-,-,-2,-1,-1,-1,-,-,-,-8,-,-5,
23233,愛知県,尾張中西部・海部,清須市,―,c)外国人,b)男,a)総数,人口増減数（人）,20230101-31,11,-,-,8,-,-,-,-,1,-,3,-,-,19,-,-11,-,-,-1,-,-2,-,-,-3,-,-1,-,-2,
23234,愛知県,尾張中西部・海部,北名古屋市,―,c)外国人,b)男,a)総数,人口増減数（人）,20230101-31,-25,-,-,4,-,-,-,-,-,-,-,-,-,10,1,-16,-1,-1,-1,-,-1,-1,-,-,-,-14,-,-5,
23235,愛知県,尾張中西部・海部,弥富市,―,c)外国人,b)男,a)総数,人口増減数（人）,20230101-31,-6,-,-,16,2,-,2,1,5,-,-,1,1,11,-,-7,-,-,-1,-,-10,-2,-,-,-,-22,-,-3,
23236,愛知県,西三河,みよし市,―,c)外国人,b)男,a)総数,人口増減数（人）,20230101-31,-10,-,-1,12,-,1,-,2,-,1,-,-,1,6,-,-12,-,-5,-,-,-3,-1,-,-,-,-6,-,-5,
23237,愛知県,尾張中西部・海部,あま市,―,c)外国人,b)男,a)総数,人口増減数（人）,20230101-31,1,-,-,15,-,-,2,4,5,-,-,-,-,15,-,-16,-,-,-,-2,-,-3,-,-,-,-11,-,-8,
23238,愛知県,尾張北東部,長久手市,―,c)外国人,b)男,a)総数,人口増減数（人）,20230101-31,6,1,-,3,-,1,1,-,-,1,-,-,7,5,-,-1,-,-1,-,-,-,-4,-,-,-,-5,-,-2,
23302,愛知県,尾張北東部,愛知郡,東郷町,c)外国人,b)男,a)総数,人口増減数（人）,20230101-31,13,-,-,16,-,2,3,-,3,2,4,-,-,6,-,-6,-,-,-,-,-3,-1,-,-,-,-7,-,-6,
23342,愛知県,尾張中西部・海部,西春日井郡,豊山町,c)外国人,b)男,a)総数,人口増減数（人）,20230101-31,1,-,-,2,-,-,-,-,-,-,-,-,-,8,-,-1,-,-,-5,-,-1,-,-,-,-,-,-,-2,
23361,愛知県,尾張北東部,丹羽郡,大口町,c)外国人,b)男,a)総数,人口増減数（人）,20230101-31,-,-,-,8,-,-,-,2,-,-,2,-,-,1,-,-2,-,-,-3,-,-2,-,-,-,-,-6,-,-,
23362,愛知県,尾張北東部,丹羽郡,扶桑町,c)外国人,b)男,a)総数,人口増減数（人）,20230101-31,5,-,-,8,-,-,2,-,3,-,-,-,-,1,-,-2,-,-,-1,-,-1,-,-,-,-,-3,-,-2,
23424,愛知県,尾張中西部・海部,海部郡,大治町,c)外国人,b)男,a)総数,人口増減数（人）,20230101-31,11,-,-,12,-,1,1,-,-,2,-,-,-,1,-,-2,-,-,-,-,-1,-,-,-,-,-4,-,1,
23425,愛知県,尾張中西部・海部,海部郡,蟹江町,c)外国人,b)男,a)総数,人口増減数（人）,20230101-31,-5,1,-,12,-,1,1,-,2,1,1,-,-,3,-,-4,-,-,-2,-,-7,-,-,-,-,-13,-,-1,
23427,愛知県,尾張中西部・海部,海部郡,飛島村,c)外国人,b)男,a)総数,人口増減数（人）,20230101-31,-6,-,-,5,-,1,-,-,-,-,-,-,-,2,-,-1,-,-2,-,-,-,-,-,-,-,-10,-,-1,
23441,愛知県,知多,知多郡,阿久比町,c)外国人,b)男,a)総数,人口増減数（人）,20230101-31,-3,-,-,1,-,-,-,-,-,-,-,1,-,1,-,-,-,-,-,-,-,-1,-,-,-,-5,-,-,
23442,愛知県,知多,知多郡,東浦町,c)外国人,b)男,a)総数,人口増減数（人）,20230101-31,-9,-,-,7,-,1,-,-,3,2,-,-,-,1,-,-7,-,-,-,-,-2,-1,-1,-,-,-8,-,-4,
23445,愛知県,知多,知多郡,南知多町,c)外国人,b)男,a)総数,人口増減数（人）,20230101-31,-32,-,-,1,-,-,1,-,1,-,-,-,-,10,-,-5,-2,-,-3,-,-17,-4,-,-,-2,-11,-,-1,
23446,愛知県,知多,知多郡,美浜町,c)外国人,b)男,a)総数,人口増減数（人）,20230101-31,-12,-,-,4,1,-,-,-,-,1,-,-,-,22,-,-18,-,-,-,-3,-13,-,-,-,-3,-3,-,-,
23447,愛知県,知多,知多郡,武豊町,c)外国人,b)男,a)総数,人口増減数（人）,20230101-31,4,-,-,11,-,-,-,1,1,5,1,-,-,6,-,-3,-,-,-1,-1,-,-3,-,-,-,-14,-,1,
23501,愛知県,西三河,額田郡,幸田町,c)外国人,b)男,a)総数,人口増減数（人）,20230101-31,-,1,-,3,-,-,2,-,-,2,-,-,-,5,-,-5,-,-,-,-,-1,-1,-,-,-,-3,-,-3,
23561,愛知県,東三河,北設楽郡,設楽町,c)外国人,b)男,a)総数,人口増減数（人）,20230101-31,-1,-,-,-,-,-,-,-,-,-,-,-,-,-,-,-,-,-,-,-,-,-,-,-,-,-1,-,-,
23562,愛知県,東三河,北設楽郡,東栄町,c)外国人,b)男,a)総数,人口増減数（人）,20230101-31,2,-,-,3,-,-,-,-,-,-,-,-,-,-,-,-,-,-,-,-,-,-,-,-,-,-,-,-1,
23563,愛知県,東三河,北設楽郡,豊根村,c)外国人,b)男,a)総数,人口増減数（人）,20230101-31,-,-,-,-,-,-,-,-,-,-,-,-,-,-,-,-,-,-,-,-,-,-,-,-,-,-,-,-,
23000,愛知県,―,―,―,c)外国人,c)女,a)総数,人口増減数（人）,20230101-31,316,85,-43,881,31,32,92,56,225,94,40,14,45,1279,1,-935,-16,-44,-122,-38,-268,-89,-25,-10,-25,-730,-8,-206,
23100,愛知県,名古屋,名古屋市,―,c)外国人,c)女,a)総数,人口増減数（人）,20230101-31,78,22,-23,291,7,5,31,3,63,27,6,2,9,430,-,-383,-2,-9,-57,-3,-69,-28,-4,-4,-13,-145,-,-78,
23101,愛知県,名古屋,名古屋市,千種区,c)外国人,c)女,a)総数,人口増減数（人）,20230101-31,-10,1,-1,26,-,-,2,-,-,-,-,-,-,26,-,-19,-,-1,-6,-,-2,-2,-,-,-,-19,-,-15,
23102,愛知県,名古屋,名古屋市,東区,c)外国人,c)女,a)総数,人口増減数（人）,20230101-31,-4,1,-,13,-,-,-,-,1,1,-,-,-,19,-,-14,-,-,-2,-,-1,-1,-1,-,-,-9,-,-11,
23103,愛知県,名古屋,名古屋市,北区,c)外国人,c)女,a)総数,人口増減数（人）,20230101-31,5,1,-4,19,-,-,4,-,-,-,-,-,-,23,-,-17,-,-2,-4,-,-4,-,-,-,-,-9,-,-2,
23104,愛知県,名古屋,名古屋市,西区,c)外国人,c)女,a)総数,人口増減数（人）,20230101-31,1,-,-2,10,2,-,-,-,4,3,1,-,-,13,-,-10,-,-,-5,-,-1,-5,-,-,-3,-8,-,2,
23105,愛知県,名古屋,名古屋市,中村区,c)外国人,c)女,a)総数,人口増減数（人）,20230101-31,-11,1,-1,12,-,1,3,-,2,-,2,-,1,30,-,-33,-,-1,-5,-,-9,-3,-,-,-1,-2,-,-8,
23106,愛知県,名古屋,名古屋市,中区,c)外国人,c)女,a)総数,人口増減数（人）,20230101-31,27,2,-,41,1,-,6,-,3,4,-,1,1,66,-,-58,-1,-1,-13,-,-5,-2,-,-,-,-4,-,-14,
23107,愛知県,名古屋,名古屋市,昭和区,c)外国人,c)女,a)総数,人口増減数（人）,20230101-31,15,1,-1,12,1,1,-,-,4,2,-,-,-,56,-,-25,-1,-1,-4,-,-,-2,-,-4,-2,-16,-,-6,
23108,愛知県,名古屋,名古屋市,瑞穂区,c)外国人,c)女,a)総数,人口増減数（人）,20230101-31,-1,2,-1,6,1,-,2,-,-,-,-,-,-,4,-,-8,-,-2,-,-,-1,-1,-,-,-,-2,-,-1,
23109,愛知県,名古屋,名古屋市,熱田区,c)外国人,c)女,a)総数,人口増減数（人）,20230101-31,3,1,-,10,-,-,2,-,1,-,1,-,-,10,-,-9,-,-,-1,-2,-2,-,-,-,-,-4,-,-4,
23110,愛知県,名古屋,名古屋市,中川区,c)外国人,c)女,a)総数,人口増減数（人）,20230101-31,23,2,-,46,1,1,4,-,1,3,1,-,2,40,-,-52,-,-1,-4,-1,-6,-3,-,-,-,-2,-,-9,
23111,愛知県,名古屋,名古屋市,港区,c)外国人,c)女,a)総数,人口増減数（人）,20230101-31,9,2,-3,26,-,2,-,1,33,6,-,-,2,11,-,-38,-,-,-4,-,-2,-3,-1,-,-2,-16,-,-5,
23112,愛知県,名古屋,名古屋市,南区,c)外国人,c)女,a)総数,人口増減数（人）,20230101-31,4,1,-1,13,-,-,2,1,1,3,-,-,-,70,-,-49,-,-,-2,-,-30,-,-1,-,-,-6,-,2,
23113,愛知県,名古屋,名古屋市,守山区,c)外国人,c)女,a)総数,人口増減数（人）,20230101-31,18,1,-4,18,-,-,-,-,3,2,-,-,-,11,-,-8,-,-,-2,-,-1,-1,-,-,-,-2,-,1,
23114,愛知県,名古屋,名古屋市,緑区,c)外国人,c)女,a)総数,人口増減数（人）,20230101-31,10,4,-2,15,-,-,1,-,4,1,-,-,2,23,-,-20,-,-,-2,-,-,-1,-1,-,-,-11,-,-3,
23115,愛知県,名古屋,名古屋市,名東区,c)外国人,c)女,a)総数,人口増減数（人）,20230101-31,-4,-,-1,11,-,-,2,-,1,-,1,1,1,20,-,-11,-,-,-,-,-3,-2,-,-,-5,-19,-,-,
23116,愛知県,名古屋,名古屋市,天白区,c)外国人,c)女,a)総数,人口増減数（人）,20230101-31,-7,2,-2,13,1,-,3,1,5,2,-,-,-,8,-,-12,-,-,-3,-,-2,-2,-,-,-,-16,-,-5,
23201,愛知県,東三河,豊橋市,―,c)外国人,c)女,a)総数,人口増減数（人）,20230101-31,25,5,-2,34,1,3,5,7,17,4,3,2,3,75,-,-37,-1,-4,-6,-,-38,-2,-2,-1,-2,-41,-,2,
23202,愛知県,西三河,岡崎市,―,c)外国人,c)女,a)総数,人口増減数（人）,20230101-31,44,5,-,30,6,1,5,4,10,3,6,-,1,75,-,-32,-2,-4,-4,-9,-12,-2,-2,-,-,-35,-,-,
23203,愛知県,尾張中西部・海部,一宮市,―,c)外国人,c)女,a)総数,人口増減数（人）,20230101-31,13,-,-,19,-,2,6,2,6,2,-,-,5,65,-,-15,-,-1,-4,-4,-11,-5,-,-2,-,-35,-,-17,
23204,愛知県,尾張北東部,瀬戸市,―,c)外国人,c)女,a)総数,人口増減数（人）,20230101-31,16,2,-,14,1,-,2,1,9,4,6,3,1,9,-,-13,-,-1,-,-2,-2,-,-,-,-,-16,-,-2,
23205,愛知県,知多,半田市,―,c)外国人,c)女,a)総数,人口増減数（人）,20230101-31,-12,-,-2,11,-,-,3,2,2,1,-,-,1,16,-,-11,-1,-,-2,-1,-7,-3,-2,-,-1,-15,-,-3,
23206,愛知県,尾張北東部,春日井市,―,c)外国人,c)女,a)総数,人口増減数（人）,20230101-31,-18,5,-5,15,4,-,1,2,3,14,-,-,2,11,-,-19,-,-2,-3,-,-6,-2,-,-,-,-27,-,-11,
23207,愛知県,東三河,豊川市,―,c)外国人,c)女,a)総数,人口増減数（人）,20230101-31,47,4,-,27,-,1,3,3,7,6,4,-,4,37,-,-14,-,-3,-1,-1,-4,-1,-,-,-,-17,-,-8,
23208,愛知県,尾張中西部・海部,津島市,―,c)外国人,c)女,a)総数,人口増減数（人）,20230101-31,-3,-,-1,8,1,-,-,-,2,-,1,-,1,5,-,-7,-,-,-1,-,-,-,-,-,-,-11,-,-1,
23209,愛知県,西三河,碧南市,―,c)外国人,c)女,a)総数,人口増減数（人）,20230101-31,-1,-,-,8,-,1,1,-,1,-,1,-,-,23,-,-13,-,-,-,-1,-3,-1,-,-,-,-13,-,-5,
23210,愛知県,西三河,刈谷市,―,c)外国人,c)女,a)総数,人口増減数（人）,20230101-31,14,1,-,24,-,-,1,1,2,2,-,-,-,23,-,-23,-,-,-,-1,-2,-2,-,-,-,-9,-,-3,
23211,愛知県,西三河,豊田市,―,c)外国人,c)女,a)総数,人口増減数（人）,20230101-31,51,8,-2,43,1,6,3,5,14,7,3,4,1,87,-,-47,-,-3,-4,-,-9,-4,-1,-,-,-50,-,-11,
23212,愛知県,西三河,安城市,―,c)外国人,c)女,a)総数,人口増減数（人）,20230101-31,7,2,-2,33,-,-,3,5,3,1,-,-,-,81,-,-36,-,-1,-3,-1,-29,-20,-,-,-1,-27,-,-1,
23213,愛知県,西三河,西尾市,―,c)外国人,c)女,a)総数,人口増減数（人）,20230101-31,7,3,-,20,-,-,1,5,2,-,-,1,-,41,-,-29,-,-2,-,-5,-5,-,-1,-,-,-24,-,-,
23214,愛知県,東三河,蒲郡市,―,c)外国人,c)女,a)総数,人口増減数（人）,20230101-31,-7,1,-1,3,-,-,-,-,1,-,1,-,-,13,-,-6,-,-1,-1,-4,-3,-2,-,-,-,-5,-,-3,
23215,愛知県,尾張北東部,犬山市,―,c)外国人,c)女,a)総数,人口増減数（人）,20230101-31,-3,-,-1,5,-,-,-,1,2,1,-,-,-,4,-,-4,-,-,-1,-,-4,-,-,-,-,-4,-,-2,
23216,愛知県,知多,常滑市,―,c)外国人,c)女,a)総数,人口増減数（人）,20230101-31,-3,-,-1,9,-,1,-,-,-,-,-,-,1,7,-,-7,-,-,-,-,-5,-1,-,-,-1,-3,-,-3,
23217,愛知県,尾張北東部,江南市,―,c)外国人,c)女,a)総数,人口増減数（人）,20230101-31,15,1,-,12,1,3,2,1,3,1,-,-,2,9,-,-7,-,-,-6,-,-,-,-,-,-,-6,-,-1,
23219,愛知県,尾張北東部,小牧市,―,c)外国人,c)女,a)総数,人口増減数（人）,20230101-31,-16,6,-,22,-,1,3,5,12,3,1,1,2,24,-,-26,-,-3,-4,-,-8,-2,-1,-1,-2,-34,-,-15,
23220,愛知県,尾張中西部・海部,稲沢市,―,c)外国人,c)女,a)総数,人口増減数（人）,20230101-31,16,1,-,24,-,-,1,-,2,-,-,-,-,11,-,-16,-1,-,-,-,-1,-,-,-,-,-4,-,-1,
23221,愛知県,東三河,新城市,―,c)外国人,c)女,a)総数,人口増減数（人）,20230101-31,-,-,-,7,-,-,-,-,-,-,-,-,-,6,-,-,-,-3,-,-,-5,-2,-,-,-,-2,-,-1,
23222,愛知県,知多,東海市,―,c)外国人,c)女,a)総数,人口増減数（人）,20230101-31,6,-,-,10,1,1,1,-,11,-,-,-,-,4,-,-5,-,-,-2,-1,-,-1,-,-,-,-11,-,-2,
23223,愛知県,知多,大府市,―,c)外国人,c)女,a)総数,人口増減数（人）,20230101-31,-1,1,-,8,1,-,-,-,6,-,-,-,-,14,-,-7,-,-,-,-,-4,-1,-,-,-,-11,-,-8,
23224,愛知県,知多,知多市,―,c)外国人,c)女,a)総数,人口増減数（人）,20230101-31,3,1,-1,7,-,-,-,1,8,1,-,-,1,5,-,-11,-,-,-,-1,-,-,-1,-,-1,-6,-,-,
23225,愛知県,西三河,知立市,―,c)外国人,c)女,a)総数,人口増減数（人）,20230101-31,18,3,-1,34,-,1,-,-,1,1,1,-,3,14,-,-20,-,-1,-1,-,-4,-,-,-,-1,-8,-,-4,
23226,愛知県,尾張北東部,尾張旭市,―,c)外国人,c)女,a)総数,人口増減数（人）,20230101-31,-30,-,-,4,-,-,1,1,-,-,-,-,-,13,-,-14,-,-,-,-,-4,-2,-8,-,-,-20,-,-1,
23227,愛知県,西三河,高浜市,―,c)外国人,c)女,a)総数,人口増減数（人）,20230101-31,-,-,-1,9,-,-,3,-,1,1,-,-,1,18,-,-19,-,-,-1,-,-4,-1,-,-,-,-7,-,-,
23228,愛知県,尾張北東部,岩倉市,―,c)外国人,c)女,a)総数,人口増減数（人）,20230101-31,9,1,-,20,-,-,1,-,3,3,1,-,-,8,-,-11,-1,-1,-,-,-5,-,-,-,-1,-9,-,-,
23229,愛知県,尾張北東部,豊明市,―,c)外国人,c)女,a)総数,人口増減数（人）,20230101-31,-,3,-,7,1,-,-,-,-,-,1,-,-,14,-,-9,-,-,-2,-,-1,-,-,-1,-,-8,-,-5,
23230,愛知県,尾張北東部,日進市,―,c)外国人,c)女,a)総数,人口増減数（人）,20230101-31,-2,1,-,11,-,-,-,-,-,-,-,-,-,15,-,-4,-,-,-3,-,-,-,-,-,-,-23,-,1,
23231,愛知県,東三河,田原市,―,c)外国人,c)女,a)総数,人口増減数（人）,20230101-31,8,-,-,12,1,3,6,3,4,-,1,-,3,6,-,-10,-,-3,-,-,-,-,-,-,-1,-9,-8,-,
23232,愛知県,尾張中西部・海部,愛西市,―,c)外国人,c)女,a)総数,人口増減数（人）,20230101-31,-8,-,-,2,-,-,1,-,4,-,-,-,1,3,-,-6,-,-1,-1,-,-1,-2,-,-,-,-7,-,-1,
23233,愛知県,尾張中西部・海部,清須市,―,c)外国人,c)女,a)総数,人口増減数（人）,20230101-31,-3,1,-,6,-,-,-,-,-,-,-,-,1,7,-,-9,-,-,-2,-,-1,-1,-,-,-,-3,-,-2,
23234,愛知県,尾張中西部・海部,北名古屋市,―,c)外国人,c)女,a)総数,人口増減数（人）,20230101-31,-8,-,-,3,-,-,-,-,1,-,-,-,1,10,1,-10,-,-,-,-,-,-,-,-1,-,-5,-,-8,
23235,愛知県,尾張中西部・海部,弥富市,―,c)外国人,c)女,a)総数,人口増減数（人）,20230101-31,2,2,-,8,1,-,1,1,5,1,-,-,-,5,-,-3,-,-,-1,-1,-6,-,-,-,-,-10,-,-1,
23236,愛知県,西三河,みよし市,―,c)外国人,c)女,a)総数,人口増減数（人）,20230101-31,11,2,-,19,-,-,1,2,2,1,-,-,-,5,-,-3,-,-1,-,-,-2,-1,-,-,-,-10,-,-4,
23237,愛知県,尾張中西部・海部,あま市,―,c)外国人,c)女,a)総数,人口増減数（人）,20230101-31,26,1,-,19,-,-,-,1,5,5,1,-,-,16,-,-11,-,-,-2,-,-3,-,-,-,-,-6,-,-,
23238,愛知県,尾張北東部,長久手市,―,c)外国人,c)女,a)総数,人口増減数（人）,20230101-31,2,-,-,3,-,-,-,-,5,-,-,-,-,1,-,-2,-,-,-1,-,-,-,-,-,-,-5,-,1,
23302,愛知県,尾張北東部,愛知郡,東郷町,c)外国人,c)女,a)総数,人口増減数（人）,20230101-31,-,-,-,6,-,-,1,-,2,-,-,1,-,-,-,-3,-,-,-1,-,-1,-,-,-,-,-2,-,-3,
23342,愛知県,尾張中西部・海部,西春日井郡,豊山町,c)外国人,c)女,a)総数,人口増減数（人）,20230101-31,4,-,-,1,-,-,-,-,1,1,1,-,-,1,-,-,-,-,-,-,-,-,-,-,-,-,-,-1,
23361,愛知県,尾張北東部,丹羽郡,大口町,c)外国人,c)女,a)総数,人口増減数（人）,20230101-31,8,-,-,4,1,1,-,-,-,-,-,-,-,6,-,-,-,-,-1,-,-,-,-,-,-,-3,-,-,
23362,愛知県,尾張北東部,丹羽郡,扶桑町,c)外国人,c)女,a)総数,人口増減数（人）,20230101-31,1,1,-,2,-,-,-,-,-,-,1,-,-,5,-,-2,-,-,-,-,-,-,-,-,-,-5,-,-1,
23424,愛知県,尾張中西部・海部,海部郡,大治町,c)外国人,c)女,a)総数,人口増減数（人）,20230101-31,5,-,-,3,-,-,-,-,-,-,-,-,-,6,-,-,-,-,-,-,-,-,-1,-,-1,-3,-,1,
23425,愛知県,尾張中西部・海部,海部郡,蟹江町,c)外国人,c)女,a)総数,人口増減数（人）,20230101-31,2,1,-,7,-,-,-,-,3,1,-,-,-,5,-,-2,-,-,-2,-,-4,-1,-,-,-,-5,-,-1,
23427,愛知県,尾張中西部・海部,海部郡,飛島村,c)外国人,c)女,a)総数,人口増減数（人）,20230101-31,-3,-,-,1,-,-,-,-,-,-,-,-,-,1,-,-1,-,-,-,-,-1,-,-,-,-,-3,-,-,
23441,愛知県,知多,知多郡,阿久比町,c)外国人,c)女,a)総数,人口増減数（人）,20230101-31,-,-,-,2,-,2,-,-,-,-,-,-,-,-,-,-1,-,-,-,-,-,-,-,-,-,-3,-,-,
23442,愛知県,知多,知多郡,東浦町,c)外国人,c)女,a)総数,人口増減数（人）,20230101-31,-7,-,-,4,1,-,-,-,1,-,-,-,1,-,-,-5,-,-,-,-,-2,-,-2,-,-,-4,-,-1,
23445,愛知県,知多,知多郡,南知多町,c)外国人,c)女,a)総数,人口増減数（人）,20230101-31,-3,-,-,1,-,-,4,-,-,2,-,-,-,9,-,-5,-4,-,-1,-,-,-,-,-,-,-9,-,-,
23446,愛知県,知多,知多郡,美浜町,c)外国人,c)女,a)総数,人口増減数（人）,20230101-31,19,-,-,3,-,-,-,-,-,-,-,-,-,32,-,-3,-4,-,-1,-3,-2,-,-,-,-,-3,-,-,
23447,愛知県,知多,知多郡,武豊町,c)外国人,c)女,a)総数,人口増減数（人）,20230101-31,-8,-,-,5,1,-,-,-,1,1,1,-,-,2,-,-5,-,-,-2,-,-,-2,-,-,-,-8,-,-2,
23501,愛知県,西三河,額田郡,幸田町,c)外国人,c)女,a)総数,人口増減数（人）,20230101-31,-5,1,-,1,1,-,1,-,-,-,-,-,-,2,-,-9,-,-,-1,-,-,-,-,-,-,-1,-,-,
23561,愛知県,東三河,北設楽郡,設楽町,c)外国人,c)女,a)総数,人口増減数（人）,20230101-31,-,-,-,-,-,-,-,-,-,-,-,-,-,-,-,-,-,-,-,-,-,-,-,-,-,-,-,-,
23562,愛知県,東三河,北設楽郡,東栄町,c)外国人,c)女,a)総数,人口増減数（人）,20230101-31,-,-,-,-,-,-,-,-,-,-,-,-,-,-,-,-,-,-,-,-,-,-,-,-,-,-,-,-,
23563,愛知県,東三河,北設楽郡,豊根村,c)外国人,c)女,a)総数,人口増減数（人）,20230101-31,-,-,-,-,-,-,-,-,-,-,-,-,-,-,-,-,-,-,-,-,-,-,-,-,-,-,-,-,
23000,愛知県,―,―,―,a)日外,a)男女,b) 0〜 4歳,人口増減数（人）,20230101-31,4401,4437,-10,840,21,13,84,28,85,53,18,6,42,164,-,-857,-20,-14,-82,-28,-117,-77,-14,-6,-42,-119,-,-4,
23000,愛知県,―,―,―,a)日外,a)男女,c) 5〜 9歳,人口増減数（人）,20230101-31,88,-,-2,272,9,3,37,3,22,14,11,1,8,208,-,-273,-7,-1,-24,-6,-27,-21,-4,-4,-12,-121,-,2,
23000,愛知県,―,―,―,a)日外,a)男女,d)10〜14歳,人口増減数（人）,20230101-31,95,-,-4,130,9,4,11,3,20,9,5,1,4,167,-,-131,-2,-,-9,-,-12,-8,-2,-1,-5,-94,-1,1,
23000,愛知県,―,―,―,a)日外,a)男女,e)15〜19歳,人口増減数（人）,20230101-31,143,-,-3,487,11,2,30,22,70,42,11,5,15,282,-,-485,-5,-13,-83,-23,-96,-39,-6,-5,-32,-50,-,6,
23000,愛知県,―,―,―,a)日外,a)男女,f)20〜24歳,人口増減数（人）,20230101-31,16,-,-8,2372,56,39,251,130,534,220,79,34,142,925,-,-2467,-77,-43,-537,-114,-490,-224,-48,-32,-155,-458,-3,-110,
23000,愛知県,―,―,―,a)日外,a)男女,g)25〜29歳,人口増減数（人）,20230101-31,-172,-,-21,3428,77,65,425,132,649,291,70,33,147,815,2,-3495,-70,-58,-741,-93,-552,-286,-52,-23,-130,-632,-2,-151,
23000,愛知県,―,―,―,a)日外,a)男女,h)30〜34歳,人口増減数（人）,20230101-31,-74,-,-18,2302,58,51,250,63,325,185,51,19,90,574,-,-2363,-37,-43,-346,-75,-310,-182,-32,-10,-79,-436,-4,-107,
23000,愛知県,―,―,―,a)日外,a)男女,i)35〜39歳,人口増減数（人）,20230101-31,21,-,-20,1297,33,28,180,38,198,91,34,5,53,412,1,-1313,-28,-25,-190,-40,-194,-106,-22,-11,-77,-289,-,-34,
23000,愛知県,―,―,―,a)日外,a)男女,j)40〜44歳,人口増減数（人）,20230101-31,84,-,-45,768,25,17,110,34,125,60,23,5,40,304,-,-761,-25,-8,-125,-20,-122,-68,-26,-9,-39,-156,-2,-21,
23000,愛知県,―,―,―,a)日外,a)男女,k)45〜49歳,人口増減数（人）,20230101-31,-6,-,-80,636,25,9,88,22,109,51,20,6,23,220,1,-637,-22,-10,-105,-14,-94,-46,-10,-9,-49,-137,-,-3,
23000,愛知県,―,―,―,a)日外,a)男女,l)50〜54歳,人口増減数（人）,20230101-31,-70,-,-127,571,19,7,94,18,71,45,18,9,30,171,-,-591,-14,-9,-86,-21,-87,-48,-9,-4,-28,-100,-,1,
23000,愛知県,―,―,―,a)日外,a)男女,m)55〜59歳,人口増減数（人）,20230101-31,-147,-,-165,395,12,2,51,9,48,35,4,5,15,111,1,-402,-7,-10,-55,-9,-60,-36,-7,-1,-29,-58,-,4,
23000,愛知県,―,―,―,a)日外,a)男女,n)60〜64歳,人口増減数（人）,20230101-31,-229,-,-215,299,6,1,29,7,28,22,4,1,16,57,-,-308,-4,-1,-27,-10,-46,-20,-6,-5,-19,-36,-,-2,
23000,愛知県,―,―,―,a)日外,a)男女,o)65〜69歳,人口増減数（人）,20230101-31,-361,-,-343,185,1,-,18,6,20,7,-,2,10,25,-,-191,-3,-1,-16,-2,-29,-13,-2,-1,-13,-26,-,5,
23000,愛知県,―,―,―,a)日外,a)男女,p)70〜74歳,人口増減数（人）,20230101-31,-771,-,-764,173,3,-,14,1,15,8,1,3,7,6,-,-177,-1,-1,-7,-4,-26,-4,-,-,-16,-7,-,5,
23000,愛知県,―,―,―,a)日外,a)男女,q)75〜79歳,人口増減数（人）,20230101-31,-1125,-,-1110,150,-,-,7,1,11,5,-,2,3,4,-,-151,-,-1,-7,-2,-18,-4,-4,-2,-8,-2,-,1,
23000,愛知県,―,―,―,a)日外,a)男女,r)80〜84歳,人口増減数（人）,20230101-31,-1568,-,-1574,157,1,-,8,1,13,7,2,1,3,2,-,-161,-1,-,-8,-2,-9,-5,-1,-3,-1,-,-,2,
23000,愛知県,―,―,―,a)日外,a)男女,s)85〜89歳,人口増減数（人）,20230101-31,-1932,-,-1934,166,1,-,9,1,14,7,3,1,4,1,-,-168,-2,-,-9,-,-14,-9,-,-2,-3,-1,-,3,
23000,愛知県,―,―,―,a)日外,a)男女,t)90〜94歳,人口増減数（人）,20230101-31,-1557,-,-1567,80,-,-,3,2,8,3,1,1,3,1,-,-82,-,-,-6,-,-3,-,-,-,-2,-,-,1,
23000,愛知県,―,―,―,a)日外,a)男女,u)95〜99歳,人口増減数（人）,20230101-31,-837,-,-840,19,-,1,-,-,4,3,-,-,-,-,-,-21,-,-,-3,-,-,-1,-,-,-,-,-,1,
23000,愛知県,―,―,―,a)日外,a)男女,x)100歳以上,人口増減数（人）,20230101-31,-159,-,-161,2,-,-,-,-,2,-,-,-,-,-,-,-2,-,-,-,-,-,-,-,-,-,-,-,-,
23000,愛知県,―,―,―,b)日本人,a)男女,a)総数,人口増減数（人）,20230101-31,-4788,4256,-8935,12669,313,158,1491,391,1859,941,250,111,555,1341,3,-12883,-278,-131,-2140,-360,-1672,-980,-196,-104,-644,-1000,-2,199,
23000,愛知県,―,―,―,b)日本人,a)男女,b) 0〜 4歳,人口増減数（人）,20230101-31,4193,4256,-10,795,19,8,83,21,77,51,15,6,41,102,-,-804,-20,-8,-80,-24,-106,-75,-13,-6,-40,-103,-,8,
23000,愛知県,―,―,―,b)日本人,a)男女,c) 5〜 9歳,人口増減数（人）,20230101-31,46,-,-2,237,8,1,36,3,13,10,8,1,8,132,-,-235,-7,-,-22,-5,-21,-17,-4,-4,-12,-95,-,13,
23000,愛知県,―,―,―,b)日本人,a)男女,d)10〜14歳,人口増減数（人）,20230101-31,44,-,-4,97,9,3,10,1,13,9,4,1,4,101,-,-95,-2,-,-7,-,-9,-7,-2,-1,-5,-78,-1,3,
23000,愛知県,―,―,―,b)日本人,a)男女,e)15〜19歳,人口増減数（人）,20230101-31,-30,-,-3,361,10,-,24,17,41,30,10,5,12,27,-,-365,-4,-7,-73,-12,-37,-22,-5,-4,-18,-26,-,9,
23000,愛知県,―,―,―,b)日本人,a)男女,f)20〜24歳,人口増減数（人）,20230101-31,-221,-,-8,1864,47,30,212,106,387,166,51,26,107,21,-,-1932,-54,-19,-472,-84,-298,-172,-37,-23,-122,-48,-,31,
23000,愛知県,―,―,―,b)日本人,a)男女,g)25〜29歳,人口増減数（人）,20230101-31,-177,-,-18,2958,62,38,368,91,528,211,47,22,116,73,1,-3005,-60,-31,-629,-75,-406,-225,-36,-18,-111,-101,-,23,
23000,愛知県,―,―,―,b)日本人,a)男女,h)30〜34歳,人口増減数（人）,20230101-31,-44,-,-18,2001,43,27,206,45,251,147,33,14,74,108,-,-2040,-32,-24,-284,-46,-220,-151,-18,-7,-67,-107,-,21,
23000,愛知県,―,―,―,b)日本人,a)男女,i)35〜39歳,人口増減数（人）,20230101-31,20,-,-20,1110,26,20,153,31,158,83,28,4,49,177,1,-1118,-26,-16,-167,-36,-147,-90,-21,-10,-69,-123,-,23,
23000,愛知県,―,―,―,b)日本人,a)男女,j)40〜44歳,人口増減数（人）,20230101-31,80,-,-41,658,23,12,98,23,100,56,16,4,38,190,-,-654,-24,-3,-107,-18,-95,-54,-22,-6,-39,-87,-1,13,
23000,愛知県,―,―,―,b)日本人,a)男女,k)45〜49歳,人口増減数（人）,20230101-31,-16,-,-76,561,24,9,83,16,87,47,14,5,20,144,-,-559,-21,-5,-90,-12,-68,-36,-10,-9,-48,-98,-,6,
23000,愛知県,―,―,―,b)日本人,a)男女,l)50〜54歳,人口増減数（人）,20230101-31,-86,-,-125,505,19,6,85,12,59,40,10,9,29,117,-,-522,-11,-8,-78,-20,-74,-43,-9,-4,-27,-67,-,11,
23000,愛知県,―,―,―,b)日本人,a)男女,m)55〜59歳,人口増減数（人）,20230101-31,-135,-,-162,346,11,2,50,7,40,31,3,4,13,90,1,-350,-6,-8,-53,-9,-54,-35,-6,-,-26,-40,-,16,
23000,愛知県,―,―,―,b)日本人,a)男女,n)60〜64歳,人口増減数（人）,20230101-31,-217,-,-212,275,6,1,26,7,21,20,4,1,14,37,-,-284,-4,-,-25,-9,-40,-19,-6,-4,-17,-14,-,5,
23000,愛知県,―,―,―,b)日本人,a)男女,o)65〜69歳,人口増減数（人）,20230101-31,-349,-,-339,172,1,-,16,5,19,7,-,1,10,16,-,-176,-3,-,-14,-2,-27,-11,-2,-1,-13,-9,-,1,
23000,愛知県,―,―,―,b)日本人,a)男女,p)70〜74歳,人口増減数（人）,20230101-31,-768,-,-762,167,3,-,14,1,13,8,1,3,7,2,-,-170,-1,-1,-7,-4,-26,-4,-,-,-16,-2,-,6,
23000,愛知県,―,―,―,b)日本人,a)男女,q)75〜79歳,人口増減数（人）,20230101-31,-1114,-,-1097,146,-,-,7,1,11,5,-,2,3,2,-,-149,-,-1,-7,-2,-18,-4,-4,-2,-8,-1,-,2,
23000,愛知県,―,―,―,b)日本人,a)男女,r)80〜84歳,人口増減数（人）,20230101-31,-1558,-,-1566,151,1,-,8,1,13,7,2,1,3,2,-,-155,-1,-,-8,-2,-9,-5,-1,-3,-1,-,-,4,
23000,愛知県,―,―,―,b)日本人,a)男女,s)85〜89歳,人口増減数（人）,20230101-31,-1917,-,-1919,164,1,-,9,1,14,7,3,1,4,-,-,-165,-2,-,-8,-,-14,-9,-,-2,-3,-1,-,2,
23000,愛知県,―,―,―,b)日本人,a)男女,t)90〜94歳,人口増減数（人）,20230101-31,-1548,-,-1557,80,-,-,3,2,8,3,1,1,3,-,-,-82,-,-,-6,-,-3,-,-,-,-2,-,-,1,
23000,愛知県,―,―,―,b)日本人,a)男女,u)95〜99歳,人口増減数（人）,20230101-31,-833,-,-836,19,-,1,-,-,4,3,-,-,-,-,-,-21,-,-,-3,-,-,-1,-,-,-,-,-,1,
23000,愛知県,―,―,―,b)日本人,a)男女,x)100歳以上,人口増減数（人）,20230101-31,-158,-,-160,2,-,-,-,-,2,-,-,-,-,-,-,-2,-,-,-,-,-,-,-,-,-,-,-,-,
23000,愛知県,―,―,―,c)外国人,a)男女,a)総数,人口増減数（人）,20230101-31,628,181,-76,2060,54,84,208,130,512,217,105,29,100,3108,2,-2153,-47,-107,-326,-103,-634,-217,-49,-24,-95,-1722,-10,-599,
23000,愛知県,―,―,―,c)外国人,a)男女,b) 0〜 4歳,人口増減数（人）,20230101-31,208,181,-,45,2,5,1,7,8,2,3,-,1,62,-,-53,-,-6,-2,-4,-11,-2,-1,-,-2,-16,-,-12,
23000,愛知県,―,―,―,c)外国人,a)男女,c) 5〜 9歳,人口増減数（人）,20230101-31,42,-,-,35,1,2,1,-,9,4,3,-,-,76,-,-38,-,-1,-2,-1,-6,-4,-,-,-,-26,-,-11,
23000,愛知県,―,―,―,c)外国人,a)男女,d)10〜14歳,人口増減数（人）,20230101-31,51,-,-,33,-,1,1,2,7,-,1,-,-,66,-,-36,-,-,-2,-,-3,-1,-,-,-,-16,-,-2,
23000,愛知県,―,―,―,c)外国人,a)男女,e)15〜19歳,人口増減数（人）,20230101-31,173,-,-,126,1,2,6,5,29,12,1,-,3,255,-,-120,-1,-6,-10,-11,-59,-17,-1,-1,-14,-24,-,-3,
23000,愛知県,―,―,―,c)外国人,a)男女,f)20〜24歳,人口増減数（人）,20230101-31,237,-,-,508,9,9,39,24,147,54,28,8,35,904,-,-535,-23,-24,-65,-30,-192,-52,-11,-9,-33,-410,-3,-141,
23000,愛知県,―,―,―,c)外国人,a)男女,g)25〜29歳,人口増減数（人）,20230101-31,5,-,-3,470,15,27,57,41,121,80,23,11,31,742,1,-490,-10,-27,-112,-18,-146,-61,-16,-5,-19,-531,-2,-174,
23000,愛知県,―,―,―,c)外国人,a)男女,h)30〜34歳,人口増減数（人）,20230101-31,-30,-,-,301,15,24,44,18,74,38,18,5,16,466,-,-323,-5,-19,-62,-29,-90,-31,-14,-3,-12,-329,-4,-128,
23000,愛知県,―,―,―,c)外国人,a)男女,i)35〜39歳,人口増減数（人）,20230101-31,1,-,-,187,7,8,27,7,40,8,6,1,4,235,-,-195,-2,-9,-23,-4,-47,-16,-1,-1,-8,-166,-,-57,
23000,愛知県,―,―,―,c)外国人,a)男女,j)40〜44歳,人口増減数（人）,20230101-31,4,-,-4,110,2,5,12,11,25,4,7,1,2,114,-,-107,-1,-5,-18,-2,-27,-14,-4,-3,-,-69,-1,-34,
23000,愛知県,―,―,―,c)外国人,a)男女,k)45〜49歳,人口増減数（人）,20230101-31,10,-,-4,75,1,-,5,6,22,4,6,1,3,76,1,-78,-1,-5,-15,-2,-26,-10,-,-,-1,-39,-,-9,
23000,愛知県,―,―,―,c)外国人,a)男女,l)50〜54歳,人口増減数（人）,20230101-31,16,-,-2,66,-,1,9,6,12,5,8,-,1,54,-,-69,-3,-1,-8,-1,-13,-5,-,-,-1,-33,-,-10,
23000,愛知県,―,―,―,c)外国人,a)男女,m)55〜59歳,人口増減数（人）,20230101-31,-12,-,-3,49,1,-,1,2,8,4,1,1,2,21,-,-52,-1,-2,-2,-,-6,-1,-1,-1,-3,-18,-,-12,
23000,愛知県,―,―,―,c)外国人,a)男女,n)60〜64歳,人口増減数（人）,20230101-31,-12,-,-3,24,-,-,3,-,7,2,-,-,2,20,-,-24,-,-1,-2,-1,-6,-1,-,-1,-2,-22,-,-7,
23000,愛知県,―,―,―,c)外国人,a)男女,o)65〜69歳,人口増減数（人）,20230101-31,-12,-,-4,13,-,-,2,1,1,-,-,1,-,9,-,-15,-,-1,-2,-,-2,-2,-,-,-,-17,-,4,
23000,愛知県,―,―,―,c)外国人,a)男女,p)70〜74歳,人口増減数（人）,20230101-31,-3,-,-2,6,-,-,-,-,2,-,-,-,-,4,-,-7,-,-,-,-,-,-,-,-,-,-5,-,-1,
23000,愛知県,―,―,―,c)外国人,a)男女,q)75〜79歳,人口増減数（人）,20230101-31,-11,-,-13,4,-,-,-,-,-,-,-,-,-,2,-,-2,-,-,-,-,-,-,-,-,-,-1,-,-1,
23000,愛知県,―,―,―,c)外国人,a)男女,r)80〜84歳,人口増減数（人）,20230101-31,-10,-,-8,6,-,-,-,-,-,-,-,-,-,-,-,-6,-,-,-,-,-,-,-,-,-,-,-,-2,
23000,愛知県,―,―,―,c)外国人,a)男女,s)85〜89歳,人口増減数（人）,20230101-31,-15,-,-15,2,-,-,-,-,-,-,-,-,-,1,-,-3,-,-,-1,-,-,-,-,-,-,-,-,1,
23000,愛知県,―,―,―,c)外国人,a)男女,t)90〜94歳,人口増減数（人）,20230101-31,-9,-,-10,-,-,-,-,-,-,-,-,-,-,1,-,-,-,-,-,-,-,-,-,-,-,-,-,-,
23000,愛知県,―,―,―,c)外国人,a)男女,u)95〜99歳,人口増減数（人）,20230101-31,-4,-,-4,-,-,-,-,-,-,-,-,-,-,-,-,-,-,-,-,-,-,-,-,-,-,-,-,-,
23000,愛知県,―,―,―,c)外国人,a)男女,x)100歳以上,人口増減数（人）,20230101-31,-1,-,-1,-,-,-,-,-,-,-,-,-,-,-,-,-,-,-,-,-,-,-,-,-,-,-,-,-,
,,,,,,,,,,,,,,,,,,,,,,,,,,,,,,,,,,,,,,
,,,,,,,,,,,,,,,,,,,,,,,,,,,,,,,,,,,,,,
