地域階層,地域コード,東京都26町丁目コード,区市町村名称,町・大字名,丁目・字名,地域名称,50各種商品卸売業／事業所数（事業所）,50各種商品卸売業／従業者数（人）,5011各種商品卸売業（従業者が常時100人以上のもの）／事業所数（事業所）,5011各種商品卸売業（従業者が常時100人以上のもの）／従業者数（人）,5019その他の各種商品卸売業／事業所数（事業所）,5019その他の各種商品卸売業／従業者数（人）,51繊維・衣服等卸売業／事業所数（事業所）,51繊維・衣服等卸売業／従業者数（人）,511繊維品卸売業（衣服，身の回り品を除く）／事業所数（事業所）,511繊維品卸売業（衣服，身の回り品を除く）／従業者数（人）,5111繊維原料卸売業／事業所数（事業所）,5111繊維原料卸売業／従業者数（人）,5112糸卸売業／事業所数（事業所）,5112糸卸売業／従業者数（人）,5113織物卸売業（室内装飾繊維品を除く）／事業所数（事業所）,5113織物卸売業（室内装飾繊維品を除く）／従業者数（人）,512衣服卸売業／事業所数（事業所）,512衣服卸売業／従業者数（人）,5121男子服卸売業／事業所数（事業所）,5121男子服卸売業／従業者数（人）,5122婦人・子供服卸売業／事業所数（事業所）,5122婦人・子供服卸売業／従業者数（人）,5123下着類卸売業／事業所数（事業所）,5123下着類卸売業／従業者数（人）,5129その他の衣服卸売業／事業所数（事業所）,5129その他の衣服卸売業／従業者数（人）,513身の回り品卸売業／事業所数（事業所）,513身の回り品卸売業／従業者数（人）,5131寝具類卸売業／事業所数（事業所）,5131寝具類卸売業／従業者数（人）,5132靴・履物卸売業／事業所数（事業所）,5132靴・履物卸売業／従業者数（人）,5133かばん・袋物卸売業／事業所数（事業所）,5133かばん・袋物卸売業／従業者数（人）,5139その他の身の回り品卸売業／事業所数（事業所）,5139その他の身の回り品卸売業／従業者数（人）,52飲食料品卸売業／事業所数（事業所）,52飲食料品卸売業／従業者数（人）,521農畜産物・水産物卸売業／事業所数（事業所）,521農畜産物・水産物卸売業／従業者数（人）,5211米麦卸売業／事業所数（事業所）,5211米麦卸売業／従業者数（人）,5212雑穀・豆類卸売業／事業所数（事業所）,5212雑穀・豆類卸売業／従業者数（人）,5213野菜卸売業／事業所数（事業所）,5213野菜卸売業／従業者数（人）,5214果実卸売業／事業所数（事業所）,5214果実卸売業／従業者数（人）,5215食肉卸売業／事業所数（事業所）,5215食肉卸売業／従業者数（人）,5216生鮮魚介卸売業／事業所数（事業所）,5216生鮮魚介卸売業／従業者数（人）,5219その他の農畜産物・水産物卸売業／事業所数（事業所）,5219その他の農畜産物・水産物卸売業／従業者数（人）,522食料・飲料卸売業／事業所数（事業所）,522食料・飲料卸売業／従業者数（人）,5221砂糖・味そ・しょう油卸売業／事業所数（事業所）,5221砂糖・味そ・しょう油卸売業／従業者数（人）,5222酒類卸売業／事業所数（事業所）,5222酒類卸売業／従業者数（人）,5223乾物卸売業／事業所数（事業所）,5223乾物卸売業／従業者数（人）,5224菓子・パン類卸売業／事業所数（事業所）,5224菓子・パン類卸売業／従業者数（人）,5225飲料卸売業（別掲を除く）／事業所数（事業所）,5225飲料卸売業（別掲を除く）／従業者数（人）,5226茶類卸売業／事業所数（事業所）,5226茶類卸売業／従業者数（人）,5227牛乳・乳製品卸売業／事業所数（事業所）,5227牛乳・乳製品卸売業／従業者数（人）,5229その他の食料・飲料卸売業／事業所数（事業所）,5229その他の食料・飲料卸売業／従業者数（人）,53建築材料，鉱物・金属材料等卸売業／事業所数（事業所）,53建築材料，鉱物・金属材料等卸売業／従業者数（人）,531建築材料卸売業／事業所数（事業所）,531建築材料卸売業／従業者数（人）,5311木材・竹材卸売業／事業所数（事業所）,5311木材・竹材卸売業／従業者数（人）,5312セメント卸売業／事業所数（事業所）,5312セメント卸売業／従業者数（人）,5313板ガラス卸売業／事業所数（事業所）,5313板ガラス卸売業／従業者数（人）,5314建築用金属製品卸売業（建築用金物を除く）／事業所数（事業所）,5314建築用金属製品卸売業（建築用金物を除く）／従業者数（人）,5319その他の建築材料卸売業／事業所数（事業所）,5319その他の建築材料卸売業／従業者数（人）,532化学製品卸売業／事業所数（事業所）,532化学製品卸売業／従業者数（人）,5321塗料卸売業／事業所数（事業所）,5321塗料卸売業／従業者数（人）,5322プラスチック卸売業／事業所数（事業所）,5322プラスチック卸売業／従業者数（人）,5329その他の化学製品卸売業／事業所数（事業所）,5329その他の化学製品卸売業／従業者数（人）,533石油・鉱物卸売業／事業所数（事業所）,533石油・鉱物卸売業／従業者数（人）,5331石油卸売業／事業所数（事業所）,5331石油卸売業／従業者数（人）,5332鉱物卸売業（石油を除く）／事業所数（事業所）,5332鉱物卸売業（石油を除く）／従業者数（人）,534鉄鋼製品卸売業／事業所数（事業所）,534鉄鋼製品卸売業／従業者数（人）,5341鉄鋼粗製品卸売業／事業所数（事業所）,5341鉄鋼粗製品卸売業／従業者数（人）,5342鉄鋼一次製品卸売業／事業所数（事業所）,5342鉄鋼一次製品卸売業／従業者数（人）,5349その他の鉄鋼製品卸売業／事業所数（事業所）,5349その他の鉄鋼製品卸売業／従業者数（人）,535非鉄金属卸売業／事業所数（事業所）,535非鉄金属卸売業／従業者数（人）,5351非鉄金属地金卸売業／事業所数（事業所）,5351非鉄金属地金卸売業／従業者数（人）,5352非鉄金属製品卸売業／事業所数（事業所）,5352非鉄金属製品卸売業／従業者数（人）,536再生資源卸売業／事業所数（事業所）,536再生資源卸売業／従業者数（人）,5361空瓶・空缶等空容器卸売業／事業所数（事業所）,5361空瓶・空缶等空容器卸売業／従業者数（人）,5362鉄スクラップ卸売業／事業所数（事業所）,5362鉄スクラップ卸売業／従業者数（人）,5363非鉄金属スクラップ卸売業／事業所数（事業所）,5363非鉄金属スクラップ卸売業／従業者数（人）,5364古紙卸売業／事業所数（事業所）,5364古紙卸売業／従業者数（人）,5369その他の再生資源卸売業／事業所数（事業所）,5369その他の再生資源卸売業／従業者数（人）,54機械器具卸売業／事業所数（事業所）,54機械器具卸売業／従業者数（人）,541産業機械器具卸売業／事業所数（事業所）,541産業機械器具卸売業／従業者数（人）,5411農業用機械器具卸売業／事業所数（事業所）,5411農業用機械器具卸売業／従業者数（人）,5412建設機械・鉱山機械卸売業／事業所数（事業所）,5412建設機械・鉱山機械卸売業／従業者数（人）,5413金属加工機械卸売業／事業所数（事業所）,5413金属加工機械卸売業／従業者数（人）,5414事務用機械器具卸売業／事業所数（事業所）,5414事務用機械器具卸売業／従業者数（人）,5419その他の産業機械器具卸売業／事業所数（事業所）,5419その他の産業機械器具卸売業／従業者数（人）,542自動車卸売業／事業所数（事業所）,542自動車卸売業／従業者数（人）,5421自動車卸売業（二輪自動車を含む）／事業所数（事業所）,5421自動車卸売業（二輪自動車を含む）／従業者数（人）,5422自動車部分品・附属品卸売業（中古品を除く）／事業所数（事業所）,5422自動車部分品・附属品卸売業（中古品を除く）／従業者数（人）,5423自動車中古部品卸売業／事業所数（事業所）,5423自動車中古部品卸売業／従業者数（人）,543電気機械器具卸売業／事業所数（事業所）,543電気機械器具卸売業／従業者数（人）,5431家庭用電気機械器具卸売業／事業所数（事業所）,5431家庭用電気機械器具卸売業／従業者数（人）,5432電気機械器具卸売業（家庭用電気機械器具を除く）／事業所数（事業所）,5432電気機械器具卸売業（家庭用電気機械器具を除く）／従業者数（人）,549その他の機械器具卸売業／事業所数（事業所）,549その他の機械器具卸売業／従業者数（人）,5491輸送用機械器具卸売業（自動車を除く）／事業所数（事業所）,5491輸送用機械器具卸売業（自動車を除く）／従業者数（人）,5492計量器・理化学機械器具・光学機械器具等卸売業／事業所数（事業所）,5492計量器・理化学機械器具・光学機械器具等卸売業／従業者数（人）,5493医療用機械器具卸売業（歯科用機械器具を含む）／事業所数（事業所）,5493医療用機械器具卸売業（歯科用機械器具を含む）／従業者数（人）,55その他の卸売業／事業所数（事業所）,55その他の卸売業／従業者数（人）,551家具・建具・じゅう器等卸売業／事業所数（事業所）,551家具・建具・じゅう器等卸売業／従業者数（人）,5511家具・建具卸売業／事業所数（事業所）,5511家具・建具卸売業／従業者数（人）,5512荒物卸売業／事業所数（事業所）,5512荒物卸売業／従業者数（人）,5513畳卸売業／事業所数（事業所）,5513畳卸売業／従業者数（人）,5514室内装飾繊維品卸売業／事業所数（事業所）,5514室内装飾繊維品卸売業／従業者数（人）,5515陶磁器・ガラス器卸売業／事業所数（事業所）,5515陶磁器・ガラス器卸売業／従業者数（人）,5519その他のじゅう器卸売業／事業所数（事業所）,5519その他のじゅう器卸売業／従業者数（人）,552医薬品・化粧品等卸売業／事業所数（事業所）,552医薬品・化粧品等卸売業／従業者数（人）,5521医薬品卸売業／事業所数（事業所）,5521医薬品卸売業／従業者数（人）,5522医療用品卸売業／事業所数（事業所）,5522医療用品卸売業／従業者数（人）,5523化粧品卸売業／事業所数（事業所）,5523化粧品卸売業／従業者数（人）,5524合成洗剤卸売業／事業所数（事業所）,5524合成洗剤卸売業／従業者数（人）,553紙・紙製品卸売業／事業所数（事業所）,553紙・紙製品卸売業／従業者数（人）,5531紙卸売業／事業所数（事業所）,5531紙卸売業／従業者数（人）,5532紙製品卸売業／事業所数（事業所）,5532紙製品卸売業／従業者数（人）,559他に分類されない卸売業／事業所数（事業所）,559他に分類されない卸売業／従業者数（人）,5591金物卸売業／事業所数（事業所）,5591金物卸売業／従業者数（人）,5592肥料・飼料卸売業／事業所数（事業所）,5592肥料・飼料卸売業／従業者数（人）,5593スポーツ用品卸売業／事業所数（事業所）,5593スポーツ用品卸売業／従業者数（人）,5594娯楽用品・がん具卸売業／事業所数（事業所）,5594娯楽用品・がん具卸売業／従業者数（人）,5595たばこ卸売業／事業所数（事業所）,5595たばこ卸売業／従業者数（人）,5596ジュエリー製品卸売業／事業所数（事業所）,5596ジュエリー製品卸売業／従業者数（人）,5597書籍・雑誌卸売業／事業所数（事業所）,5597書籍・雑誌卸売業／従業者数（人）,5598代理商，仲立業／事業所数（事業所）,5598代理商，仲立業／従業者数（人）,5599他に分類されないその他の卸売業／事業所数（事業所）,5599他に分類されないその他の卸売業／従業者数（人）,56各種商品小売業／事業所数（事業所）,56各種商品小売業／従業者数（人）,561百貨店，総合スーパー／事業所数（事業所）,561百貨店，総合スーパー／従業者数（人）,569その他の各種商品小売業（従業者が常時50人未満のもの）／事業所数（事業所）,569その他の各種商品小売業（従業者が常時50人未満のもの）／従業者数（人）,57織物・衣服・身の回り品小売業／事業所数（事業所）,57織物・衣服・身の回り品小売業／従業者数（人）,571呉服・服地・寝具小売業／事業所数（事業所）,571呉服・服地・寝具小売業／従業者数（人）,5711呉服・服地小売業／事業所数（事業所）,5711呉服・服地小売業／従業者数（人）,5712寝具小売業／事業所数（事業所）,5712寝具小売業／従業者数（人）,572男子服小売業／事業所数（事業所）,572男子服小売業／従業者数（人）,573婦人・子供服小売業／事業所数（事業所）,573婦人・子供服小売業／従業者数（人）,5731婦人服小売業／事業所数（事業所）,5731婦人服小売業／従業者数（人）,5732子供服小売業／事業所数（事業所）,5732子供服小売業／従業者数（人）,574靴・履物小売業／事業所数（事業所）,574靴・履物小売業／従業者数（人）,5741靴小売業／事業所数（事業所）,5741靴小売業／従業者数（人）,5742履物小売業（靴を除く）／事業所数（事業所）,5742履物小売業（靴を除く）／従業者数（人）,579その他の織物・衣服・身の回り品小売業／事業所数（事業所）,579その他の織物・衣服・身の回り品小売業／従業者数（人）,5791かばん・袋物小売業／事業所数（事業所）,5791かばん・袋物小売業／従業者数（人）,5792下着類小売業／事業所数（事業所）,5792下着類小売業／従業者数（人）,5793洋品雑貨・小間物小売業／事業所数（事業所）,5793洋品雑貨・小間物小売業／従業者数（人）,5799他に分類されない織物・衣服・身の回り品小売業／事業所数（事業所）,5799他に分類されない織物・衣服・身の回り品小売業／従業者数（人）,58飲食料品小売業／事業所数（事業所）,58飲食料品小売業／従業者数（人）,581各種食料品小売業／事業所数（事業所）,581各種食料品小売業／従業者数（人）,582野菜・果実小売業／事業所数（事業所）,582野菜・果実小売業／従業者数（人）,5821野菜小売業／事業所数（事業所）,5821野菜小売業／従業者数（人）,5822果実小売業／事業所数（事業所）,5822果実小売業／従業者数（人）,583食肉小売業／事業所数（事業所）,583食肉小売業／従業者数（人）,5831食肉小売業（卵，鳥肉を除く）／事業所数（事業所）,5831食肉小売業（卵，鳥肉を除く）／従業者数（人）,5832卵・鳥肉小売業／事業所数（事業所）,5832卵・鳥肉小売業／従業者数（人）,584鮮魚小売業／事業所数（事業所）,584鮮魚小売業／従業者数（人）,585酒小売業／事業所数（事業所）,585酒小売業／従業者数（人）,586菓子・パン小売業／事業所数（事業所）,586菓子・パン小売業／従業者数（人）,5861菓子小売業（製造小売）／事業所数（事業所）,5861菓子小売業（製造小売）／従業者数（人）,5862菓子小売業（製造小売でないもの）／事業所数（事業所）,5862菓子小売業（製造小売でないもの）／従業者数（人）,5863パン小売業（製造小売）／事業所数（事業所）,5863パン小売業（製造小売）／従業者数（人）,5864パン小売業（製造小売でないもの）／事業所数（事業所）,5864パン小売業（製造小売でないもの）／従業者数（人）,589その他の飲食料品小売業／事業所数（事業所）,589その他の飲食料品小売業／従業者数（人）,5891コンビニエンスストア（飲食料品を中心とするものに限る）／事業所数（事業所）,5891コンビニエンスストア（飲食料品を中心とするものに限る）／従業者数（人）,5892牛乳小売業／事業所数（事業所）,5892牛乳小売業／従業者数（人）,5893飲料小売業（別掲を除く）／事業所数（事業所）,5893飲料小売業（別掲を除く）／従業者数（人）,5894茶類小売業／事業所数（事業所）,5894茶類小売業／従業者数（人）,5895料理品小売業／事業所数（事業所）,5895料理品小売業／従業者数（人）,5896米穀類小売業／事業所数（事業所）,5896米穀類小売業／従業者数（人）,5897豆腐・かまぼこ等加工食品小売業／事業所数（事業所）,5897豆腐・かまぼこ等加工食品小売業／従業者数（人）,5898乾物小売業／事業所数（事業所）,5898乾物小売業／従業者数（人）,5899他に分類されない飲食料品小売業／事業所数（事業所）,5899他に分類されない飲食料品小売業／従業者数（人）,59機械器具小売業／事業所数（事業所）,59機械器具小売業／従業者数（人）,591自動車小売業／事業所数（事業所）,591自動車小売業／従業者数（人）,5911自動車（新車）小売業／事業所数（事業所）,5911自動車（新車）小売業／従業者数（人）,5912中古自動車小売業／事業所数（事業所）,5912中古自動車小売業／従業者数（人）,5913自動車部分品・附属品小売業／事業所数（事業所）,5913自動車部分品・附属品小売業／従業者数（人）,5914二輪自動車小売業（原動機付自転車を含む）／事業所数（事業所）,5914二輪自動車小売業（原動機付自転車を含む）／従業者数（人）,592自転車小売業／事業所数（事業所）,592自転車小売業／従業者数（人）,593機械器具小売業（自動車，自転車を除く）／事業所数（事業所）,593機械器具小売業（自動車，自転車を除く）／従業者数（人）,5931電気機械器具小売業（中古品を除く）／事業所数（事業所）,5931電気機械器具小売業（中古品を除く）／従業者数（人）,5932電気事務機械器具小売業（中古品を除く）／事業所数（事業所）,5932電気事務機械器具小売業（中古品を除く）／従業者数（人）,5933中古電気製品小売業／事業所数（事業所）,5933中古電気製品小売業／従業者数（人）,5939その他の機械器具小売業／事業所数（事業所）,5939その他の機械器具小売業／従業者数（人）,60その他の小売業／事業所数（事業所）,60その他の小売業／従業者数（人）,601家具・建具・畳小売業／事業所数（事業所）,601家具・建具・畳小売業／従業者数（人）,6011家具小売業／事業所数（事業所）,6011家具小売業／従業者数（人）,6012建具小売業／事業所数（事業所）,6012建具小売業／従業者数（人）,6013畳小売業／事業所数（事業所）,6013畳小売業／従業者数（人）,6014宗教用具小売業／事業所数（事業所）,6014宗教用具小売業／従業者数（人）,602じゅう器小売業／事業所数（事業所）,602じゅう器小売業／従業者数（人）,6021金物小売業／事業所数（事業所）,6021金物小売業／従業者数（人）,6022荒物小売業／事業所数（事業所）,6022荒物小売業／従業者数（人）,6023陶磁器・ガラス器小売業／事業所数（事業所）,6023陶磁器・ガラス器小売業／従業者数（人）,6029他に分類されないじゅう器小売業／事業所数（事業所）,6029他に分類されないじゅう器小売業／従業者数（人）,603医薬品・化粧品小売業／事業所数（事業所）,603医薬品・化粧品小売業／従業者数（人）,6031ドラッグストア／事業所数（事業所）,6031ドラッグストア／従業者数（人）,6032医薬品小売業（調剤薬局を除く）／事業所数（事業所）,6032医薬品小売業（調剤薬局を除く）／従業者数（人）,6033調剤薬局／事業所数（事業所）,6033調剤薬局／従業者数（人）,6034化粧品小売業／事業所数（事業所）,6034化粧品小売業／従業者数（人）,604農耕用品小売業／事業所数（事業所）,604農耕用品小売業／従業者数（人）,6041農業用機械器具小売業／事業所数（事業所）,6041農業用機械器具小売業／従業者数（人）,6042苗・種子小売業／事業所数（事業所）,6042苗・種子小売業／従業者数（人）,6043肥料・飼料小売業／事業所数（事業所）,6043肥料・飼料小売業／従業者数（人）,605燃料小売業／事業所数（事業所）,605燃料小売業／従業者数（人）,6051ガソリンスタンド／事業所数（事業所）,6051ガソリンスタンド／従業者数（人）,6052燃料小売業（ガソリンスタンドを除く）／事業所数（事業所）,6052燃料小売業（ガソリンスタンドを除く）／従業者数（人）,606書籍・文房具小売業／事業所数（事業所）,606書籍・文房具小売業／従業者数（人）,6061書籍・雑誌小売業（古本を除く）／事業所数（事業所）,6061書籍・雑誌小売業（古本を除く）／従業者数（人）,6062古本小売業／事業所数（事業所）,6062古本小売業／従業者数（人）,6063新聞小売業／事業所数（事業所）,6063新聞小売業／従業者数（人）,6064紙・文房具小売業／事業所数（事業所）,6064紙・文房具小売業／従業者数（人）,607スポーツ用品・がん具・娯楽用品・楽器小売業／事業所数（事業所）,607スポーツ用品・がん具・娯楽用品・楽器小売業／従業者数（人）,6071スポーツ用品小売業／事業所数（事業所）,6071スポーツ用品小売業／従業者数（人）,6072がん具・娯楽用品小売業／事業所数（事業所）,6072がん具・娯楽用品小売業／従業者数（人）,6073楽器小売業／事業所数（事業所）,6073楽器小売業／従業者数（人）,608写真機・時計・眼鏡小売業／事業所数（事業所）,608写真機・時計・眼鏡小売業／従業者数（人）,6081写真機・写真材料小売業／事業所数（事業所）,6081写真機・写真材料小売業／従業者数（人）,6082時計・眼鏡・光学機械小売業／事業所数（事業所）,6082時計・眼鏡・光学機械小売業／従業者数（人）,609他に分類されない小売業／事業所数（事業所）,609他に分類されない小売業／従業者数（人）,6091ホームセンター／事業所数（事業所）,6091ホームセンター／従業者数（人）,6092たばこ・喫煙具専門小売業／事業所数（事業所）,6092たばこ・喫煙具専門小売業／従業者数（人）,6093花・植木小売業／事業所数（事業所）,6093花・植木小売業／従業者数（人）,6094建築材料小売業／事業所数（事業所）,6094建築材料小売業／従業者数（人）,6095ジュエリー製品小売業／事業所数（事業所）,6095ジュエリー製品小売業／従業者数（人）,6096ペット・ペット用品小売業／事業所数（事業所）,6096ペット・ペット用品小売業／従業者数（人）,6097骨とう品小売業／事業所数（事業所）,6097骨とう品小売業／従業者数（人）,6098中古品小売業（骨とう品を除く）／事業所数（事業所）,6098中古品小売業（骨とう品を除く）／従業者数（人）,6099他に分類されないその他の小売業／事業所数（事業所）,6099他に分類されないその他の小売業／従業者数（人）,61無店舗小売業／事業所数（事業所）,61無店舗小売業／従業者数（人）,611通信販売・訪問販売小売業／事業所数（事業所）,611通信販売・訪問販売小売業／従業者数（人）,6111無店舗小売業（各種商品小売）／事業所数（事業所）,6111無店舗小売業（各種商品小売）／従業者数（人）,6112無店舗小売業（織物・衣服・身の回り品小売）／事業所数（事業所）,6112無店舗小売業（織物・衣服・身の回り品小売）／従業者数（人）,6113無店舗小売業（飲食料品小売）／事業所数（事業所）,6113無店舗小売業（飲食料品小売）／従業者数（人）,6114無店舗小売業（機械器具小売）／事業所数（事業所）,6114無店舗小売業（機械器具小売）／従業者数（人）,6119無店舗小売業（その他の小売）／事業所数（事業所）,6119無店舗小売業（その他の小売）／従業者数（人）,612自動販売機による小売業／事業所数（事業所）,612自動販売機による小売業／従業者数（人）,619その他の無店舗小売業／事業所数（事業所）,619その他の無店舗小売業／従業者数（人）
4,13211,1321100000,小平市,,,小平市,-,-,-,-,-,-,5,31,-,-,-,-,-,-,-,-,1,4,1,4,-,-,-,-,-,-,4,27,-,-,-,-,-,-,4,27,25,176,8,80,1,6,1,2,3,56,-,-,2,8,-,-,1,8,17,96,-,-,-,-,-,-,3,4,-,-,2,13,2,4,10,75,39,355,31,290,10,37,1,2,-,-,2,12,18,239,4,28,1,2,2,18,1,8,1,3,1,3,-,-,-,-,-,-,-,-,-,-,-,-,-,-,-,-,3,34,1,4,-,-,-,-,2,30,-,-,46,347,12,43,-,-,4,9,2,7,1,3,5,24,10,50,4,10,6,40,-,-,16,222,4,8,12,214,8,32,2,5,3,8,3,19,30,221,3,9,-,-,1,6,-,-,1,1,1,2,-,-,8,123,3,88,1,23,4,12,-,-,-,-,-,-,-,-,19,89,1,2,2,7,-,-,-,-,-,-,-,-,3,17,-,-,13,63,2,248,2,248,-,-,73,256,10,24,5,15,5,9,9,42,35,122,32,98,3,24,8,16,7,14,1,2,11,52,-,-,1,1,10,51,-,-,224,2897,24,1341,15,67,14,64,1,3,7,21,7,21,-,-,3,6,18,47,54,314,24,103,13,87,16,115,1,9,103,1101,40,821,3,14,6,9,10,26,12,50,15,40,3,6,1,3,13,132,82,691,35,296,14,188,4,15,8,68,9,25,19,56,28,339,25,186,-,-,-,-,3,153,279,1904,10,47,2,5,1,1,4,20,3,21,12,30,9,22,2,6,1,2,-,-,78,749,18,321,-,-,50,373,10,55,2,6,-,-,1,4,1,2,21,195,12,129,9,66,35,289,9,82,4,14,11,160,11,33,21,91,11,46,5,28,5,17,18,49,-,-,18,49,82,448,1,47,7,13,17,61,6,21,4,12,8,40,-,-,13,57,26,197,22,214,19,158,-,-,4,33,6,94,3,6,6,25,2,52,1,4
5,13211,1321102200,小平市,小平市大沼町,,小平市大沼町,-,-,-,-,-,-,-,-,-,-,-,-,-,-,-,-,-,-,-,-,-,-,-,-,-,-,-,-,-,-,-,-,-,-,-,-,-,-,-,-,-,-,-,-,-,-,-,-,-,-,-,-,-,-,-,-,-,-,-,-,-,-,-,-,-,-,-,-,-,-,-,-,5,24,2,4,1,2,-,-,-,-,-,-,1,2,2,16,-,-,1,8,1,8,-,-,-,-,-,-,-,-,-,-,-,-,-,-,-,-,-,-,-,-,1,4,1,4,-,-,-,-,-,-,-,-,1,3,-,-,-,-,-,-,-,-,-,-,-,-,-,-,-,-,-,-,-,-,-,-,-,-,-,-,1,3,1,3,-,-,-,-,2,16,-,-,-,-,-,-,-,-,-,-,-,-,-,-,-,-,-,-,-,-,-,-,-,-,-,-,-,-,-,-,2,16,-,-,-,-,-,-,-,-,-,-,-,-,-,-,-,-,2,16,-,-,-,-,-,-,-,-,-,-,-,-,-,-,-,-,-,-,-,-,-,-,-,-,-,-,-,-,-,-,-,-,-,-,-,-,-,-,3,21,-,-,1,3,1,3,-,-,-,-,-,-,-,-,-,-,-,-,-,-,-,-,-,-,-,-,-,-,2,18,1,16,-,-,1,2,-,-,-,-,-,-,-,-,-,-,-,-,5,39,3,25,1,16,-,-,1,2,1,7,1,1,1,13,1,13,-,-,-,-,-,-,8,47,-,-,-,-,-,-,-,-,-,-,-,-,-,-,-,-,-,-,-,-,3,12,-,-,-,-,3,12,-,-,-,-,-,-,-,-,-,-,2,25,2,25,-,-,1,2,-,-,-,-,-,-,1,2,-,-,-,-,-,-,-,-,-,-,-,-,-,-,2,8,-,-,-,-,1,2,-,-,-,-,-,-,-,-,-,-,1,6,1,1,1,1,-,-,-,-,-,-,-,-,1,1,-,-,-,-
6,13211,1321102201,小平市,小平市大沼町,1丁目,小平市大沼町1丁目,-,-,-,-,-,-,-,-,-,-,-,-,-,-,-,-,-,-,-,-,-,-,-,-,-,-,-,-,-,-,-,-,-,-,-,-,-,-,-,-,-,-,-,-,-,-,-,-,-,-,-,-,-,-,-,-,-,-,-,-,-,-,-,-,-,-,-,-,-,-,-,-,1,2,1,2,1,2,-,-,-,-,-,-,-,-,-,-,-,-,-,-,-,-,-,-,-,-,-,-,-,-,-,-,-,-,-,-,-,-,-,-,-,-,-,-,-,-,-,-,-,-,-,-,-,-,-,-,-,-,-,-,-,-,-,-,-,-,-,-,-,-,-,-,-,-,-,-,-,-,-,-,-,-,-,-,-,-,-,-,-,-,-,-,-,-,-,-,-,-,-,-,-,-,-,-,-,-,-,-,-,-,-,-,-,-,-,-,-,-,-,-,-,-,-,-,-,-,-,-,-,-,-,-,-,-,-,-,-,-,-,-,-,-,-,-,-,-,-,-,-,-,-,-,-,-,-,-,-,-,-,-,-,-,-,-,-,-,-,-,-,-,-,-,-,-,-,-,-,-,-,-,-,-,-,-,-,-,-,-,-,-,-,-,-,-,-,-,-,-,-,-,-,-,-,-,-,-,-,-,-,-,-,-,-,-,-,-,-,-,-,-,-,-,-,-,-,-,-,-,-,-,-,-,-,-,-,-,-,-,-,-,-,-,-,-,-,-,-,-,-,-,-,-,-,-,2,8,-,-,-,-,-,-,-,-,-,-,-,-,-,-,-,-,-,-,-,-,1,6,-,-,-,-,1,6,-,-,-,-,-,-,-,-,-,-,-,-,-,-,-,-,1,2,-,-,-,-,-,-,1,2,-,-,-,-,-,-,-,-,-,-,-,-,-,-,-,-,-,-,-,-,-,-,-,-,-,-,-,-,-,-,-,-,-,-,-,-,-,-,-,-,-,-,-,-,-,-,-,-,-,-,-,-
6,13211,1321102202,小平市,小平市大沼町,2丁目,小平市大沼町2丁目,-,-,-,-,-,-,-,-,-,-,-,-,-,-,-,-,-,-,-,-,-,-,-,-,-,-,-,-,-,-,-,-,-,-,-,-,-,-,-,-,-,-,-,-,-,-,-,-,-,-,-,-,-,-,-,-,-,-,-,-,-,-,-,-,-,-,-,-,-,-,-,-,1,8,-,-,-,-,-,-,-,-,-,-,-,-,1,8,-,-,1,8,-,-,-,-,-,-,-,-,-,-,-,-,-,-,-,-,-,-,-,-,-,-,-,-,-,-,-,-,-,-,-,-,-,-,-,-,-,-,-,-,-,-,-,-,-,-,-,-,-,-,-,-,-,-,-,-,-,-,-,-,-,-,-,-,-,-,-,-,-,-,1,8,-,-,-,-,-,-,-,-,-,-,-,-,-,-,-,-,-,-,-,-,-,-,-,-,-,-,-,-,-,-,1,8,-,-,-,-,-,-,-,-,-,-,-,-,-,-,-,-,1,8,-,-,-,-,-,-,-,-,-,-,-,-,-,-,-,-,-,-,-,-,-,-,-,-,-,-,-,-,-,-,-,-,-,-,-,-,-,-,1,16,-,-,-,-,-,-,-,-,-,-,-,-,-,-,-,-,-,-,-,-,-,-,-,-,-,-,-,-,1,16,1,16,-,-,-,-,-,-,-,-,-,-,-,-,-,-,-,-,1,13,-,-,-,-,-,-,-,-,-,-,-,-,1,13,1,13,-,-,-,-,-,-,1,3,-,-,-,-,-,-,-,-,-,-,-,-,-,-,-,-,-,-,-,-,1,3,-,-,-,-,1,3,-,-,-,-,-,-,-,-,-,-,-,-,-,-,-,-,-,-,-,-,-,-,-,-,-,-,-,-,-,-,-,-,-,-,-,-,-,-,-,-,-,-,-,-,-,-,-,-,-,-,-,-,-,-,-,-,-,-,-,-,1,1,1,1,-,-,-,-,-,-,-,-,1,1,-,-,-,-
6,13211,1321102203,小平市,小平市大沼町,3丁目,小平市大沼町3丁目,-,-,-,-,-,-,-,-,-,-,-,-,-,-,-,-,-,-,-,-,-,-,-,-,-,-,-,-,-,-,-,-,-,-,-,-,-,-,-,-,-,-,-,-,-,-,-,-,-,-,-,-,-,-,-,-,-,-,-,-,-,-,-,-,-,-,-,-,-,-,-,-,-,-,-,-,-,-,-,-,-,-,-,-,-,-,-,-,-,-,-,-,-,-,-,-,-,-,-,-,-,-,-,-,-,-,-,-,-,-,-,-,-,-,-,-,-,-,-,-,-,-,-,-,-,-,-,-,-,-,-,-,-,-,-,-,-,-,-,-,-,-,-,-,-,-,-,-,-,-,-,-,-,-,-,-,-,-,-,-,-,-,-,-,-,-,-,-,-,-,-,-,-,-,-,-,-,-,-,-,-,-,-,-,-,-,-,-,-,-,-,-,-,-,-,-,-,-,-,-,-,-,-,-,-,-,-,-,-,-,-,-,-,-,-,-,-,-,-,-,-,-,-,-,-,-,-,-,-,-,-,-,-,-,-,-,-,-,-,-,-,-,-,-,-,-,-,-,-,-,-,-,-,-,-,-,-,-,-,-,-,-,-,-,-,-,-,-,-,-,-,-,-,-,-,-,-,-,-,-,-,-,-,-,-,-,-,-,-,-,-,-,-,-,-,-,-,-,-,-,-,-,-,-,-,-,-,-,-,-,-,-,-,-,-,-,-,-,-,-,-,-,-,-,-,-,-,-,-,-,-,-,-,-,-,-,-,-,-,-,-,-,-,-,-,-,-,-,-,-,-,-,-,-,-,-,-,-,-,-,-,-,-,-,-,-,-,-,-,-,-,-,-,-,-,-,-,-,-,-,-,-,-,-,-,-,-,-,-,-,-,-,-,-,-,-,-,-,-,-,-,-,-,-,-,-,-,-,-,-,-,-,-,-,-,-,-,-,-,-,-,-,-,-,-,-,-,-,-,-,-,-,-,-
6,13211,1321102204,小平市,小平市大沼町,4丁目,小平市大沼町4丁目,-,-,-,-,-,-,-,-,-,-,-,-,-,-,-,-,-,-,-,-,-,-,-,-,-,-,-,-,-,-,-,-,-,-,-,-,-,-,-,-,-,-,-,-,-,-,-,-,-,-,-,-,-,-,-,-,-,-,-,-,-,-,-,-,-,-,-,-,-,-,-,-,-,-,-,-,-,-,-,-,-,-,-,-,-,-,-,-,-,-,-,-,-,-,-,-,-,-,-,-,-,-,-,-,-,-,-,-,-,-,-,-,-,-,-,-,-,-,-,-,-,-,-,-,-,-,-,-,-,-,-,-,-,-,-,-,-,-,-,-,-,-,-,-,-,-,-,-,-,-,-,-,-,-,-,-,-,-,-,-,-,-,-,-,-,-,-,-,-,-,-,-,-,-,-,-,-,-,-,-,-,-,-,-,-,-,-,-,-,-,-,-,-,-,-,-,-,-,-,-,-,-,-,-,-,-,-,-,-,-,-,-,-,-,-,-,-,-,-,-,-,-,-,-,-,-,-,-,-,-,-,-,-,-,-,-,-,-,-,-,-,-,-,-,-,-,-,-,-,-,-,-,1,2,-,-,-,-,-,-,-,-,-,-,-,-,-,-,-,-,-,-,-,-,-,-,-,-,-,-,-,-,1,2,-,-,-,-,1,2,-,-,-,-,-,-,-,-,-,-,-,-,2,9,2,9,-,-,-,-,1,2,1,7,-,-,-,-,-,-,-,-,-,-,-,-,3,28,-,-,-,-,-,-,-,-,-,-,-,-,-,-,-,-,-,-,-,-,1,3,-,-,-,-,1,3,-,-,-,-,-,-,-,-,-,-,2,25,2,25,-,-,-,-,-,-,-,-,-,-,-,-,-,-,-,-,-,-,-,-,-,-,-,-,-,-,-,-,-,-,-,-,-,-,-,-,-,-,-,-,-,-,-,-,-,-,-,-,-,-,-,-,-,-,-,-,-,-,-,-,-,-,-,-
6,13211,1321102205,小平市,小平市大沼町,5丁目,小平市大沼町5丁目,-,-,-,-,-,-,-,-,-,-,-,-,-,-,-,-,-,-,-,-,-,-,-,-,-,-,-,-,-,-,-,-,-,-,-,-,-,-,-,-,-,-,-,-,-,-,-,-,-,-,-,-,-,-,-,-,-,-,-,-,-,-,-,-,-,-,-,-,-,-,-,-,1,8,-,-,-,-,-,-,-,-,-,-,-,-,1,8,-,-,-,-,1,8,-,-,-,-,-,-,-,-,-,-,-,-,-,-,-,-,-,-,-,-,-,-,-,-,-,-,-,-,-,-,-,-,-,-,-,-,-,-,-,-,-,-,-,-,-,-,-,-,-,-,-,-,-,-,-,-,-,-,-,-,-,-,-,-,-,-,-,-,1,8,-,-,-,-,-,-,-,-,-,-,-,-,-,-,-,-,-,-,-,-,-,-,-,-,-,-,-,-,-,-,1,8,-,-,-,-,-,-,-,-,-,-,-,-,-,-,-,-,1,8,-,-,-,-,-,-,-,-,-,-,-,-,-,-,-,-,-,-,-,-,-,-,-,-,-,-,-,-,-,-,-,-,-,-,-,-,-,-,-,-,-,-,-,-,-,-,-,-,-,-,-,-,-,-,-,-,-,-,-,-,-,-,-,-,-,-,-,-,-,-,-,-,-,-,-,-,-,-,-,-,-,-,-,-,-,-,-,-,2,17,1,16,1,16,-,-,-,-,-,-,1,1,-,-,-,-,-,-,-,-,-,-,2,8,-,-,-,-,-,-,-,-,-,-,-,-,-,-,-,-,-,-,-,-,-,-,-,-,-,-,-,-,-,-,-,-,-,-,-,-,-,-,-,-,-,-,-,-,-,-,-,-,-,-,-,-,-,-,-,-,-,-,-,-,-,-,-,-,-,-,-,-,2,8,-,-,-,-,1,2,-,-,-,-,-,-,-,-,-,-,1,6,-,-,-,-,-,-,-,-,-,-,-,-,-,-,-,-,-,-
6,13211,1321102206,小平市,小平市大沼町,6丁目,小平市大沼町6丁目,-,-,-,-,-,-,-,-,-,-,-,-,-,-,-,-,-,-,-,-,-,-,-,-,-,-,-,-,-,-,-,-,-,-,-,-,-,-,-,-,-,-,-,-,-,-,-,-,-,-,-,-,-,-,-,-,-,-,-,-,-,-,-,-,-,-,-,-,-,-,-,-,1,2,1,2,-,-,-,-,-,-,-,-,1,2,-,-,-,-,-,-,-,-,-,-,-,-,-,-,-,-,-,-,-,-,-,-,-,-,-,-,-,-,-,-,-,-,-,-,-,-,-,-,-,-,1,3,-,-,-,-,-,-,-,-,-,-,-,-,-,-,-,-,-,-,-,-,-,-,-,-,-,-,1,3,1,3,-,-,-,-,-,-,-,-,-,-,-,-,-,-,-,-,-,-,-,-,-,-,-,-,-,-,-,-,-,-,-,-,-,-,-,-,-,-,-,-,-,-,-,-,-,-,-,-,-,-,-,-,-,-,-,-,-,-,-,-,-,-,-,-,-,-,-,-,-,-,-,-,-,-,-,-,-,-,-,-,-,-,-,-,-,-,-,-,-,-,-,-,-,-,1,3,-,-,1,3,1,3,-,-,-,-,-,-,-,-,-,-,-,-,-,-,-,-,-,-,-,-,-,-,-,-,-,-,-,-,-,-,-,-,-,-,-,-,-,-,-,-,-,-,-,-,-,-,-,-,-,-,-,-,-,-,-,-,-,-,-,-,-,-,-,-,-,-,-,-,-,-,-,-,-,-,-,-,-,-,-,-,-,-,-,-,-,-,-,-,-,-,-,-,-,-,-,-,-,-,-,-,-,-,-,-,-,-,-,-,-,-,-,-,-,-,-,-,-,-,-,-,-,-,-,-,-,-,-,-,-,-,-,-,-,-,-,-,-,-,-,-,-,-,-,-,-,-,-,-,-,-,-,-,-,-,-,-,-,-,-,-,-,-,-,-,-,-,-,-,-,-,-,-,-,-
6,13211,1321102207,小平市,小平市大沼町,7丁目,小平市大沼町7丁目,-,-,-,-,-,-,-,-,-,-,-,-,-,-,-,-,-,-,-,-,-,-,-,-,-,-,-,-,-,-,-,-,-,-,-,-,-,-,-,-,-,-,-,-,-,-,-,-,-,-,-,-,-,-,-,-,-,-,-,-,-,-,-,-,-,-,-,-,-,-,-,-,1,4,-,-,-,-,-,-,-,-,-,-,-,-,-,-,-,-,-,-,-,-,-,-,-,-,-,-,-,-,-,-,-,-,-,-,-,-,-,-,-,-,1,4,1,4,-,-,-,-,-,-,-,-,-,-,-,-,-,-,-,-,-,-,-,-,-,-,-,-,-,-,-,-,-,-,-,-,-,-,-,-,-,-,-,-,-,-,-,-,-,-,-,-,-,-,-,-,-,-,-,-,-,-,-,-,-,-,-,-,-,-,-,-,-,-,-,-,-,-,-,-,-,-,-,-,-,-,-,-,-,-,-,-,-,-,-,-,-,-,-,-,-,-,-,-,-,-,-,-,-,-,-,-,-,-,-,-,-,-,-,-,-,-,-,-,-,-,-,-,-,-,-,-,-,-,-,-,-,-,-,-,-,-,-,-,-,-,-,-,-,-,-,-,-,-,-,-,-,-,-,-,-,-,-,-,-,-,-,-,-,-,-,-,-,-,-,-,-,-,-,-,-,-,-,-,-,-,-,-,-,-,-,-,-,-,-,-,-,-,-,-,-,-,-,-,-,-,-,-,-,-,-,-,-,-,-,-,-,-,-,-,-,-,-,-,-,-,-,-,-,-,-,-,-,-,-,-,-,-,-,-,-,-,-,-,-,-,-,-,-,-,-,-,-,-,-,-,-,-,-,-,-,-,-,-,-,-,-,-,-,-,-,-,-,-,-,-,-,-,-,-,-,-,-,-,-,-,-,-,-,-,-,-,-,-,-,-,-,-,-,-,-,-,-,-,-,-,-,-,-,-,-,-,-,-,-,-,-,-,-,-
5,13211,1321100600,小平市,小平市小川西町,,小平市小川西町,-,-,-,-,-,-,-,-,-,-,-,-,-,-,-,-,-,-,-,-,-,-,-,-,-,-,-,-,-,-,-,-,-,-,-,-,2,6,1,2,-,-,-,-,1,2,-,-,-,-,-,-,-,-,1,4,-,-,-,-,-,-,-,-,-,-,-,-,-,-,1,4,2,10,1,8,-,-,-,-,-,-,-,-,1,8,1,2,1,2,-,-,-,-,-,-,-,-,-,-,-,-,-,-,-,-,-,-,-,-,-,-,-,-,-,-,-,-,-,-,-,-,-,-,-,-,1,6,-,-,-,-,-,-,-,-,-,-,-,-,1,6,-,-,1,6,-,-,-,-,-,-,-,-,-,-,-,-,-,-,-,-,-,-,-,-,-,-,-,-,-,-,-,-,-,-,-,-,-,-,-,-,-,-,-,-,-,-,-,-,-,-,-,-,-,-,-,-,-,-,-,-,-,-,-,-,-,-,-,-,-,-,-,-,-,-,-,-,-,-,9,14,1,3,1,3,-,-,1,1,4,5,4,5,-,-,1,2,1,2,-,-,2,3,-,-,-,-,2,3,-,-,18,281,3,196,2,9,2,9,-,-,-,-,-,-,-,-,-,-,1,5,5,22,4,17,1,5,-,-,-,-,7,49,2,36,1,4,-,-,1,1,2,7,-,-,-,-,-,-,1,1,1,3,-,-,-,-,-,-,-,-,-,-,-,-,1,3,1,3,-,-,-,-,-,-,20,91,1,1,-,-,-,-,1,1,-,-,-,-,-,-,-,-,-,-,-,-,9,61,1,22,-,-,5,34,3,5,-,-,-,-,-,-,-,-,1,4,-,-,1,4,-,-,-,-,-,-,-,-,-,-,1,3,-,-,1,3,-,-,4,8,-,-,4,8,4,14,-,-,1,3,2,8,-,-,-,-,-,-,-,-,1,3,-,-,-,-,-,-,-,-,-,-,-,-,-,-,-,-,-,-,-,-
6,13211,1321100601,小平市,小平市小川西町,1丁目,小平市小川西町1丁目,-,-,-,-,-,-,-,-,-,-,-,-,-,-,-,-,-,-,-,-,-,-,-,-,-,-,-,-,-,-,-,-,-,-,-,-,-,-,-,-,-,-,-,-,-,-,-,-,-,-,-,-,-,-,-,-,-,-,-,-,-,-,-,-,-,-,-,-,-,-,-,-,-,-,-,-,-,-,-,-,-,-,-,-,-,-,-,-,-,-,-,-,-,-,-,-,-,-,-,-,-,-,-,-,-,-,-,-,-,-,-,-,-,-,-,-,-,-,-,-,-,-,-,-,-,-,-,-,-,-,-,-,-,-,-,-,-,-,-,-,-,-,-,-,-,-,-,-,-,-,-,-,-,-,-,-,-,-,-,-,-,-,-,-,-,-,-,-,-,-,-,-,-,-,-,-,-,-,-,-,-,-,-,-,-,-,-,-,-,-,-,-,-,-,-,-,-,-,-,-,-,-,-,-,-,-,-,-,-,-,-,-,-,-,-,-,-,-,-,-,1,1,-,-,-,-,-,-,-,-,-,-,-,-,-,-,-,-,-,-,-,-,1,1,-,-,-,-,1,1,-,-,3,197,2,174,-,-,-,-,-,-,-,-,-,-,-,-,-,-,-,-,-,-,-,-,-,-,-,-,-,-,1,23,1,23,-,-,-,-,-,-,-,-,-,-,-,-,-,-,-,-,-,-,-,-,-,-,-,-,-,-,-,-,-,-,-,-,-,-,-,-,-,-,-,-,-,-,-,-,-,-,-,-,-,-,-,-,-,-,-,-,-,-,-,-,-,-,-,-,-,-,-,-,-,-,-,-,-,-,-,-,-,-,-,-,-,-,-,-,-,-,-,-,-,-,-,-,-,-,-,-,-,-,-,-,-,-,-,-,-,-,-,-,-,-,-,-,-,-,-,-,-,-,-,-,-,-,-,-,-,-,-,-,-,-,-,-,-,-,-,-,-,-,-,-,-,-,-,-,-,-,-,-
6,13211,1321100602,小平市,小平市小川西町,2丁目,小平市小川西町2丁目,-,-,-,-,-,-,-,-,-,-,-,-,-,-,-,-,-,-,-,-,-,-,-,-,-,-,-,-,-,-,-,-,-,-,-,-,1,2,1,2,-,-,-,-,1,2,-,-,-,-,-,-,-,-,-,-,-,-,-,-,-,-,-,-,-,-,-,-,-,-,-,-,-,-,-,-,-,-,-,-,-,-,-,-,-,-,-,-,-,-,-,-,-,-,-,-,-,-,-,-,-,-,-,-,-,-,-,-,-,-,-,-,-,-,-,-,-,-,-,-,-,-,-,-,-,-,1,6,-,-,-,-,-,-,-,-,-,-,-,-,1,6,-,-,1,6,-,-,-,-,-,-,-,-,-,-,-,-,-,-,-,-,-,-,-,-,-,-,-,-,-,-,-,-,-,-,-,-,-,-,-,-,-,-,-,-,-,-,-,-,-,-,-,-,-,-,-,-,-,-,-,-,-,-,-,-,-,-,-,-,-,-,-,-,-,-,-,-,-,-,2,2,-,-,-,-,-,-,-,-,2,2,2,2,-,-,-,-,-,-,-,-,-,-,-,-,-,-,-,-,-,-,3,17,-,-,-,-,-,-,-,-,-,-,-,-,-,-,-,-,-,-,2,13,2,13,-,-,-,-,-,-,1,4,-,-,1,4,-,-,-,-,-,-,-,-,-,-,-,-,-,-,-,-,-,-,-,-,-,-,-,-,-,-,-,-,-,-,-,-,-,-,-,-,-,-,2,8,-,-,-,-,-,-,-,-,-,-,-,-,-,-,-,-,-,-,-,-,1,5,-,-,-,-,1,5,-,-,-,-,-,-,-,-,-,-,-,-,-,-,-,-,-,-,-,-,-,-,-,-,-,-,-,-,-,-,-,-,-,-,-,-,-,-,-,-,1,3,-,-,-,-,-,-,-,-,-,-,-,-,-,-,1,3,-,-,-,-,-,-,-,-,-,-,-,-,-,-,-,-,-,-,-,-
6,13211,1321100603,小平市,小平市小川西町,3丁目,小平市小川西町3丁目,-,-,-,-,-,-,-,-,-,-,-,-,-,-,-,-,-,-,-,-,-,-,-,-,-,-,-,-,-,-,-,-,-,-,-,-,1,4,-,-,-,-,-,-,-,-,-,-,-,-,-,-,-,-,1,4,-,-,-,-,-,-,-,-,-,-,-,-,-,-,1,4,-,-,-,-,-,-,-,-,-,-,-,-,-,-,-,-,-,-,-,-,-,-,-,-,-,-,-,-,-,-,-,-,-,-,-,-,-,-,-,-,-,-,-,-,-,-,-,-,-,-,-,-,-,-,-,-,-,-,-,-,-,-,-,-,-,-,-,-,-,-,-,-,-,-,-,-,-,-,-,-,-,-,-,-,-,-,-,-,-,-,-,-,-,-,-,-,-,-,-,-,-,-,-,-,-,-,-,-,-,-,-,-,-,-,-,-,-,-,-,-,-,-,-,-,-,-,-,-,-,-,-,-,-,-,-,-,-,-,-,-,-,-,-,-,-,-,-,-,2,3,-,-,-,-,-,-,-,-,2,3,2,3,-,-,-,-,-,-,-,-,-,-,-,-,-,-,-,-,-,-,5,20,-,-,1,2,1,2,-,-,-,-,-,-,-,-,-,-,-,-,2,4,2,4,-,-,-,-,-,-,2,14,1,13,-,-,-,-,-,-,-,-,-,-,-,-,-,-,1,1,1,3,-,-,-,-,-,-,-,-,-,-,-,-,1,3,1,3,-,-,-,-,-,-,7,26,-,-,-,-,-,-,-,-,-,-,-,-,-,-,-,-,-,-,-,-,1,11,-,-,-,-,1,11,-,-,-,-,-,-,-,-,-,-,1,4,-,-,1,4,-,-,-,-,-,-,-,-,-,-,1,3,-,-,1,3,-,-,4,8,-,-,4,8,-,-,-,-,-,-,-,-,-,-,-,-,-,-,-,-,-,-,-,-,-,-,-,-,-,-,-,-,-,-,-,-,-,-,-,-,-,-
6,13211,1321100604,小平市,小平市小川西町,4丁目,小平市小川西町4丁目,-,-,-,-,-,-,-,-,-,-,-,-,-,-,-,-,-,-,-,-,-,-,-,-,-,-,-,-,-,-,-,-,-,-,-,-,-,-,-,-,-,-,-,-,-,-,-,-,-,-,-,-,-,-,-,-,-,-,-,-,-,-,-,-,-,-,-,-,-,-,-,-,2,10,1,8,-,-,-,-,-,-,-,-,1,8,1,2,1,2,-,-,-,-,-,-,-,-,-,-,-,-,-,-,-,-,-,-,-,-,-,-,-,-,-,-,-,-,-,-,-,-,-,-,-,-,-,-,-,-,-,-,-,-,-,-,-,-,-,-,-,-,-,-,-,-,-,-,-,-,-,-,-,-,-,-,-,-,-,-,-,-,-,-,-,-,-,-,-,-,-,-,-,-,-,-,-,-,-,-,-,-,-,-,-,-,-,-,-,-,-,-,-,-,-,-,-,-,-,-,-,-,-,-,-,-,-,-,-,-,-,-,-,-,-,-,-,-,-,-,3,5,-,-,-,-,-,-,1,1,-,-,-,-,-,-,1,2,1,2,-,-,1,2,-,-,-,-,1,2,-,-,7,47,1,22,1,7,1,7,-,-,-,-,-,-,-,-,-,-,1,5,1,5,-,-,1,5,-,-,-,-,3,8,-,-,-,-,-,-,1,1,2,7,-,-,-,-,-,-,-,-,-,-,-,-,-,-,-,-,-,-,-,-,-,-,-,-,-,-,-,-,-,-,-,-,10,56,-,-,-,-,-,-,-,-,-,-,-,-,-,-,-,-,-,-,-,-,7,45,1,22,-,-,3,18,3,5,-,-,-,-,-,-,-,-,-,-,-,-,-,-,-,-,-,-,-,-,-,-,-,-,-,-,-,-,-,-,-,-,-,-,-,-,-,-,3,11,-,-,1,3,2,8,-,-,-,-,-,-,-,-,-,-,-,-,-,-,-,-,-,-,-,-,-,-,-,-,-,-,-,-,-,-
6,13211,1321100605,小平市,小平市小川西町,5丁目,小平市小川西町5丁目,-,-,-,-,-,-,-,-,-,-,-,-,-,-,-,-,-,-,-,-,-,-,-,-,-,-,-,-,-,-,-,-,-,-,-,-,-,-,-,-,-,-,-,-,-,-,-,-,-,-,-,-,-,-,-,-,-,-,-,-,-,-,-,-,-,-,-,-,-,-,-,-,-,-,-,-,-,-,-,-,-,-,-,-,-,-,-,-,-,-,-,-,-,-,-,-,-,-,-,-,-,-,-,-,-,-,-,-,-,-,-,-,-,-,-,-,-,-,-,-,-,-,-,-,-,-,-,-,-,-,-,-,-,-,-,-,-,-,-,-,-,-,-,-,-,-,-,-,-,-,-,-,-,-,-,-,-,-,-,-,-,-,-,-,-,-,-,-,-,-,-,-,-,-,-,-,-,-,-,-,-,-,-,-,-,-,-,-,-,-,-,-,-,-,-,-,-,-,-,-,-,-,-,-,-,-,-,-,-,-,-,-,-,-,-,-,-,-,-,-,1,3,1,3,1,3,-,-,-,-,-,-,-,-,-,-,-,-,-,-,-,-,-,-,-,-,-,-,-,-,-,-,-,-,-,-,-,-,-,-,-,-,-,-,-,-,-,-,-,-,-,-,-,-,-,-,-,-,-,-,-,-,-,-,-,-,-,-,-,-,-,-,-,-,-,-,-,-,-,-,-,-,-,-,-,-,-,-,-,-,-,-,-,-,-,-,-,-,-,-,-,-,-,-,-,-,1,1,1,1,-,-,-,-,1,1,-,-,-,-,-,-,-,-,-,-,-,-,-,-,-,-,-,-,-,-,-,-,-,-,-,-,-,-,-,-,-,-,-,-,-,-,-,-,-,-,-,-,-,-,-,-,-,-,-,-,-,-,-,-,-,-,-,-,-,-,-,-,-,-,-,-,-,-,-,-,-,-,-,-,-,-,-,-,-,-,-,-,-,-,-,-,-,-,-,-,-,-,-,-,-,-,-,-
5,13211,1321100800,小平市,小平市小川東町,,小平市小川東町,-,-,-,-,-,-,-,-,-,-,-,-,-,-,-,-,-,-,-,-,-,-,-,-,-,-,-,-,-,-,-,-,-,-,-,-,3,19,1,6,1,6,-,-,-,-,-,-,-,-,-,-,-,-,2,13,-,-,-,-,-,-,-,-,-,-,1,12,-,-,1,1,3,9,2,6,2,6,-,-,-,-,-,-,-,-,-,-,-,-,-,-,-,-,1,3,1,3,-,-,-,-,-,-,-,-,-,-,-,-,-,-,-,-,-,-,-,-,-,-,-,-,-,-,-,-,2,12,-,-,-,-,-,-,-,-,-,-,-,-,1,7,-,-,1,7,-,-,1,5,-,-,1,5,-,-,-,-,-,-,-,-,5,85,-,-,-,-,-,-,-,-,-,-,-,-,-,-,3,77,2,54,1,23,-,-,-,-,-,-,-,-,-,-,2,8,-,-,1,6,-,-,-,-,-,-,-,-,-,-,-,-,1,2,2,248,2,248,-,-,8,36,2,8,2,8,-,-,1,7,1,3,1,3,-,-,1,1,1,1,-,-,3,17,-,-,-,-,3,17,-,-,7,239,2,158,-,-,-,-,-,-,-,-,-,-,-,-,-,-,-,-,1,12,-,-,-,-,1,12,-,-,4,69,2,51,-,-,-,-,-,-,-,-,1,2,-,-,-,-,1,16,6,37,3,17,1,6,-,-,1,7,1,4,1,3,2,17,2,17,-,-,-,-,-,-,14,103,-,-,-,-,-,-,-,-,-,-,1,1,1,1,-,-,-,-,-,-,4,50,1,19,-,-,3,31,-,-,-,-,-,-,-,-,-,-,-,-,-,-,-,-,2,17,2,17,-,-,-,-,-,-,3,7,2,3,-,-,1,4,1,3,-,-,1,3,3,25,-,-,-,-,1,3,-,-,-,-,-,-,-,-,-,-,2,22,2,17,2,17,-,-,2,17,-,-,-,-,-,-,-,-,-,-
6,13211,1321100801,小平市,小平市小川東町,1丁目,小平市小川東町1丁目,-,-,-,-,-,-,-,-,-,-,-,-,-,-,-,-,-,-,-,-,-,-,-,-,-,-,-,-,-,-,-,-,-,-,-,-,1,6,1,6,1,6,-,-,-,-,-,-,-,-,-,-,-,-,-,-,-,-,-,-,-,-,-,-,-,-,-,-,-,-,-,-,-,-,-,-,-,-,-,-,-,-,-,-,-,-,-,-,-,-,-,-,-,-,-,-,-,-,-,-,-,-,-,-,-,-,-,-,-,-,-,-,-,-,-,-,-,-,-,-,-,-,-,-,-,-,-,-,-,-,-,-,-,-,-,-,-,-,-,-,-,-,-,-,-,-,-,-,-,-,-,-,-,-,-,-,-,-,-,-,-,-,1,6,-,-,-,-,-,-,-,-,-,-,-,-,-,-,-,-,-,-,-,-,-,-,-,-,-,-,-,-,-,-,1,6,-,-,1,6,-,-,-,-,-,-,-,-,-,-,-,-,-,-,1,60,1,60,-,-,1,3,1,3,1,3,-,-,-,-,-,-,-,-,-,-,-,-,-,-,-,-,-,-,-,-,-,-,-,-,-,-,5,136,1,57,-,-,-,-,-,-,-,-,-,-,-,-,-,-,-,-,1,12,-,-,-,-,1,12,-,-,3,67,2,51,-,-,-,-,-,-,-,-,-,-,-,-,-,-,1,16,3,21,1,4,-,-,-,-,-,-,1,4,-,-,2,17,2,17,-,-,-,-,-,-,6,62,-,-,-,-,-,-,-,-,-,-,-,-,-,-,-,-,-,-,-,-,2,28,1,19,-,-,1,9,-,-,-,-,-,-,-,-,-,-,-,-,-,-,-,-,1,10,1,10,-,-,-,-,-,-,1,2,1,2,-,-,-,-,-,-,-,-,-,-,2,22,-,-,-,-,-,-,-,-,-,-,-,-,-,-,-,-,2,22,-,-,-,-,-,-,-,-,-,-,-,-,-,-,-,-,-,-
6,13211,1321100802,小平市,小平市小川東町,2丁目,小平市小川東町2丁目,-,-,-,-,-,-,-,-,-,-,-,-,-,-,-,-,-,-,-,-,-,-,-,-,-,-,-,-,-,-,-,-,-,-,-,-,-,-,-,-,-,-,-,-,-,-,-,-,-,-,-,-,-,-,-,-,-,-,-,-,-,-,-,-,-,-,-,-,-,-,-,-,-,-,-,-,-,-,-,-,-,-,-,-,-,-,-,-,-,-,-,-,-,-,-,-,-,-,-,-,-,-,-,-,-,-,-,-,-,-,-,-,-,-,-,-,-,-,-,-,-,-,-,-,-,-,-,-,-,-,-,-,-,-,-,-,-,-,-,-,-,-,-,-,-,-,-,-,-,-,-,-,-,-,-,-,-,-,-,-,-,-,-,-,-,-,-,-,-,-,-,-,-,-,-,-,-,-,-,-,-,-,-,-,-,-,-,-,-,-,-,-,-,-,-,-,-,-,-,-,-,-,-,-,-,-,-,-,-,-,-,-,-,-,1,188,1,188,-,-,6,26,1,5,1,5,-,-,-,-,1,3,1,3,-,-,1,1,1,1,-,-,3,17,-,-,-,-,3,17,-,-,-,-,-,-,-,-,-,-,-,-,-,-,-,-,-,-,-,-,-,-,-,-,-,-,-,-,-,-,-,-,-,-,-,-,-,-,-,-,-,-,-,-,-,-,-,-,-,-,-,-,-,-,-,-,-,-,-,-,-,-,-,-,-,-,-,-,-,-,-,-,-,-,-,-,3,11,-,-,-,-,-,-,-,-,-,-,1,1,1,1,-,-,-,-,-,-,-,-,-,-,-,-,-,-,-,-,-,-,-,-,-,-,-,-,-,-,-,-,-,-,1,7,1,7,-,-,-,-,-,-,-,-,-,-,-,-,-,-,1,3,-,-,1,3,-,-,-,-,-,-,-,-,-,-,-,-,-,-,-,-,-,-,-,-,-,-,-,-,-,-,-,-,-,-,-,-,-,-,-,-,-,-
6,13211,1321100803,小平市,小平市小川東町,3丁目,小平市小川東町3丁目,-,-,-,-,-,-,-,-,-,-,-,-,-,-,-,-,-,-,-,-,-,-,-,-,-,-,-,-,-,-,-,-,-,-,-,-,-,-,-,-,-,-,-,-,-,-,-,-,-,-,-,-,-,-,-,-,-,-,-,-,-,-,-,-,-,-,-,-,-,-,-,-,-,-,-,-,-,-,-,-,-,-,-,-,-,-,-,-,-,-,-,-,-,-,-,-,-,-,-,-,-,-,-,-,-,-,-,-,-,-,-,-,-,-,-,-,-,-,-,-,-,-,-,-,-,-,1,7,-,-,-,-,-,-,-,-,-,-,-,-,1,7,-,-,1,7,-,-,-,-,-,-,-,-,-,-,-,-,-,-,-,-,-,-,-,-,-,-,-,-,-,-,-,-,-,-,-,-,-,-,-,-,-,-,-,-,-,-,-,-,-,-,-,-,-,-,-,-,-,-,-,-,-,-,-,-,-,-,-,-,-,-,-,-,-,-,-,-,-,-,-,-,-,-,-,-,-,-,-,-,-,-,-,-,-,-,-,-,-,-,-,-,-,-,-,-,-,-,-,-,-,-,-,-,-,-,-,-,-,-,-,-,-,-,-,-,-,-,-,-,-,-,-,-,-,-,-,-,-,-,-,-,-,-,-,-,-,-,-,-,-,-,-,-,-,-,-,-,-,-,-,-,2,10,1,7,-,-,-,-,1,7,-,-,1,3,-,-,-,-,-,-,-,-,-,-,1,1,-,-,-,-,-,-,-,-,-,-,-,-,-,-,-,-,-,-,-,-,-,-,-,-,-,-,-,-,-,-,-,-,-,-,-,-,-,-,-,-,-,-,-,-,-,-,-,-,-,-,-,-,-,-,1,1,1,1,-,-,-,-,-,-,-,-,-,-,-,-,-,-,-,-,-,-,-,-,-,-,-,-,-,-,-,-,-,-,-,-,-,-,-,-,-,-,-,-,-,-,-,-,-,-,-,-
6,13211,1321100804,小平市,小平市小川東町,4丁目,小平市小川東町4丁目,-,-,-,-,-,-,-,-,-,-,-,-,-,-,-,-,-,-,-,-,-,-,-,-,-,-,-,-,-,-,-,-,-,-,-,-,-,-,-,-,-,-,-,-,-,-,-,-,-,-,-,-,-,-,-,-,-,-,-,-,-,-,-,-,-,-,-,-,-,-,-,-,2,6,2,6,2,6,-,-,-,-,-,-,-,-,-,-,-,-,-,-,-,-,-,-,-,-,-,-,-,-,-,-,-,-,-,-,-,-,-,-,-,-,-,-,-,-,-,-,-,-,-,-,-,-,-,-,-,-,-,-,-,-,-,-,-,-,-,-,-,-,-,-,-,-,-,-,-,-,-,-,-,-,-,-,-,-,-,-,-,-,1,19,-,-,-,-,-,-,-,-,-,-,-,-,-,-,1,19,1,19,-,-,-,-,-,-,-,-,-,-,-,-,-,-,-,-,-,-,-,-,-,-,-,-,-,-,-,-,-,-,-,-,-,-,-,-,-,-,-,-,-,-,-,-,-,-,-,-,-,-,-,-,-,-,-,-,-,-,-,-,-,-,-,-,-,-,-,-,-,-,1,2,-,-,-,-,-,-,-,-,-,-,-,-,-,-,-,-,-,-,-,-,-,-,-,-,-,-,-,-,1,2,-,-,-,-,-,-,-,-,-,-,1,2,-,-,-,-,-,-,-,-,-,-,-,-,-,-,-,-,-,-,-,-,-,-,-,-,-,-,-,-,-,-,2,22,-,-,-,-,-,-,-,-,-,-,-,-,-,-,-,-,-,-,-,-,2,22,-,-,-,-,2,22,-,-,-,-,-,-,-,-,-,-,-,-,-,-,-,-,-,-,-,-,-,-,-,-,-,-,-,-,-,-,-,-,-,-,-,-,-,-,-,-,-,-,-,-,-,-,-,-,-,-,-,-,-,-,-,-,-,-,-,-,-,-,-,-,-,-,-,-,-,-,-,-,-,-,-,-,-,-
6,13211,1321100805,小平市,小平市小川東町,5丁目,小平市小川東町5丁目,-,-,-,-,-,-,-,-,-,-,-,-,-,-,-,-,-,-,-,-,-,-,-,-,-,-,-,-,-,-,-,-,-,-,-,-,2,13,-,-,-,-,-,-,-,-,-,-,-,-,-,-,-,-,2,13,-,-,-,-,-,-,-,-,-,-,1,12,-,-,1,1,-,-,-,-,-,-,-,-,-,-,-,-,-,-,-,-,-,-,-,-,-,-,-,-,-,-,-,-,-,-,-,-,-,-,-,-,-,-,-,-,-,-,-,-,-,-,-,-,-,-,-,-,-,-,1,5,-,-,-,-,-,-,-,-,-,-,-,-,-,-,-,-,-,-,-,-,1,5,-,-,1,5,-,-,-,-,-,-,-,-,3,60,-,-,-,-,-,-,-,-,-,-,-,-,-,-,2,58,1,35,1,23,-,-,-,-,-,-,-,-,-,-,1,2,-,-,-,-,-,-,-,-,-,-,-,-,-,-,-,-,1,2,-,-,-,-,-,-,1,7,-,-,-,-,-,-,1,7,-,-,-,-,-,-,-,-,-,-,-,-,-,-,-,-,-,-,-,-,-,-,1,101,1,101,-,-,-,-,-,-,-,-,-,-,-,-,-,-,-,-,-,-,-,-,-,-,-,-,-,-,-,-,-,-,-,-,-,-,-,-,-,-,-,-,-,-,-,-,-,-,1,6,1,6,1,6,-,-,-,-,-,-,-,-,-,-,-,-,-,-,-,-,-,-,1,3,-,-,-,-,-,-,-,-,-,-,-,-,-,-,-,-,-,-,-,-,-,-,-,-,-,-,-,-,-,-,-,-,-,-,-,-,-,-,-,-,-,-,-,-,-,-,-,-,-,-,-,-,-,-,-,-,-,-,-,-,-,-,-,-,-,-,-,-,1,3,-,-,-,-,1,3,-,-,-,-,-,-,-,-,-,-,-,-,2,17,2,17,-,-,2,17,-,-,-,-,-,-,-,-,-,-
6,13211,1321100891,小平市,小平市小川東町,（1～5丁目を除く）,小平市小川東町（1～5丁目を除く）,-,-,-,-,-,-,-,-,-,-,-,-,-,-,-,-,-,-,-,-,-,-,-,-,-,-,-,-,-,-,-,-,-,-,-,-,-,-,-,-,-,-,-,-,-,-,-,-,-,-,-,-,-,-,-,-,-,-,-,-,-,-,-,-,-,-,-,-,-,-,-,-,1,3,-,-,-,-,-,-,-,-,-,-,-,-,-,-,-,-,-,-,-,-,1,3,1,3,-,-,-,-,-,-,-,-,-,-,-,-,-,-,-,-,-,-,-,-,-,-,-,-,-,-,-,-,-,-,-,-,-,-,-,-,-,-,-,-,-,-,-,-,-,-,-,-,-,-,-,-,-,-,-,-,-,-,-,-,-,-,-,-,-,-,-,-,-,-,-,-,-,-,-,-,-,-,-,-,-,-,-,-,-,-,-,-,-,-,-,-,-,-,-,-,-,-,-,-,-,-,-,-,-,-,-,-,-,-,-,-,-,-,-,-,-,-,-,-,-,-,-,-,-,-,-,-,-,-,-,-,-,-,-,-,-,-,-,-,-,-,-,-,-,-,-,-,-,-,-,-,-,-,-,-,-,-,-,-,-,-,-,-,-,-,-,-,-,-,-,-,-,-,-,-,-,-,-,-,-,-,-,-,-,-,-,-,-,-,-,-,-,-,-,-,-,-,-,-,-,-,-,-,-,-,-,-,-,-,-,-,-,-,-,-,-,-,-,-,-,-,-,-,-,-,-,-,1,4,-,-,-,-,-,-,-,-,-,-,-,-,-,-,-,-,-,-,-,-,-,-,-,-,-,-,-,-,-,-,-,-,-,-,-,-,-,-,-,-,-,-,-,-,-,-,-,-,-,-,-,-,-,-,1,4,-,-,-,-,1,4,-,-,-,-,-,-,-,-,-,-,-,-,-,-,-,-,-,-,-,-,-,-,-,-,-,-,-,-,-,-,-,-,-,-,-,-,-,-,-,-,-,-,-,-
5,13211,1321100400,小平市,小平市小川町,,小平市小川町,-,-,-,-,-,-,1,2,-,-,-,-,-,-,-,-,-,-,-,-,-,-,-,-,-,-,1,2,-,-,-,-,-,-,1,2,3,18,1,8,-,-,-,-,-,-,-,-,-,-,-,-,1,8,2,10,-,-,-,-,-,-,-,-,-,-,-,-,-,-,2,10,10,73,9,63,2,12,-,-,-,-,1,11,6,40,1,10,-,-,1,10,-,-,-,-,-,-,-,-,-,-,-,-,-,-,-,-,-,-,-,-,-,-,-,-,-,-,-,-,-,-,-,-,-,-,8,32,1,4,-,-,-,-,-,-,-,-,1,4,3,9,2,4,1,5,-,-,3,18,1,1,2,17,1,1,-,-,-,-,1,1,5,28,-,-,-,-,-,-,-,-,-,-,-,-,-,-,-,-,-,-,-,-,-,-,-,-,-,-,-,-,-,-,5,28,1,2,-,-,-,-,-,-,-,-,-,-,1,6,-,-,3,20,-,-,-,-,-,-,5,17,1,2,1,2,-,-,1,6,2,3,2,3,-,-,1,6,1,6,-,-,-,-,-,-,-,-,-,-,-,-,25,363,2,93,2,21,1,18,1,3,1,1,1,1,-,-,-,-,1,3,4,18,1,9,2,6,1,3,-,-,15,227,11,220,-,-,1,1,-,-,1,1,2,5,-,-,-,-,-,-,12,57,9,48,4,38,-,-,2,5,3,5,-,-,3,9,3,9,-,-,-,-,-,-,28,234,2,6,1,2,-,-,1,4,-,-,2,6,2,6,-,-,-,-,-,-,5,57,2,41,-,-,3,16,-,-,-,-,-,-,-,-,-,-,5,25,3,14,2,11,6,87,1,19,-,-,3,62,2,6,2,21,-,-,2,21,-,-,2,11,-,-,2,11,4,21,-,-,-,-,-,-,1,7,-,-,-,-,-,-,1,2,2,12,4,25,3,4,-,-,-,-,1,1,-,-,2,3,1,21,-,-
6,13211,1321100401,小平市,小平市小川町,1丁目,小平市小川町1丁目,-,-,-,-,-,-,1,2,-,-,-,-,-,-,-,-,-,-,-,-,-,-,-,-,-,-,1,2,-,-,-,-,-,-,1,2,1,8,1,8,-,-,-,-,-,-,-,-,-,-,-,-,1,8,-,-,-,-,-,-,-,-,-,-,-,-,-,-,-,-,-,-,8,53,8,53,1,2,-,-,-,-,1,11,6,40,-,-,-,-,-,-,-,-,-,-,-,-,-,-,-,-,-,-,-,-,-,-,-,-,-,-,-,-,-,-,-,-,-,-,-,-,-,-,-,-,5,20,1,4,-,-,-,-,-,-,-,-,1,4,2,4,2,4,-,-,-,-,1,11,-,-,1,11,1,1,-,-,-,-,1,1,4,22,-,-,-,-,-,-,-,-,-,-,-,-,-,-,-,-,-,-,-,-,-,-,-,-,-,-,-,-,-,-,4,22,1,2,-,-,-,-,-,-,-,-,-,-,-,-,-,-,3,20,-,-,-,-,-,-,1,6,-,-,-,-,-,-,1,6,-,-,-,-,-,-,-,-,-,-,-,-,-,-,-,-,-,-,-,-,-,-,19,272,2,93,1,3,-,-,1,3,1,1,1,1,-,-,-,-,1,3,2,6,-,-,2,6,-,-,-,-,12,166,8,159,-,-,1,1,-,-,1,1,2,5,-,-,-,-,-,-,7,25,5,17,2,13,-,-,1,1,2,3,-,-,2,8,2,8,-,-,-,-,-,-,18,128,1,2,1,2,-,-,-,-,-,-,2,6,2,6,-,-,-,-,-,-,3,34,1,22,-,-,2,12,-,-,-,-,-,-,-,-,-,-,4,17,2,6,2,11,5,46,1,19,-,-,2,21,2,6,2,21,-,-,2,21,-,-,-,-,-,-,-,-,1,2,-,-,-,-,-,-,-,-,-,-,-,-,-,-,1,2,-,-,4,25,3,4,-,-,-,-,1,1,-,-,2,3,1,21,-,-
6,13211,1321100402,小平市,小平市小川町,2丁目,小平市小川町2丁目,-,-,-,-,-,-,-,-,-,-,-,-,-,-,-,-,-,-,-,-,-,-,-,-,-,-,-,-,-,-,-,-,-,-,-,-,2,10,-,-,-,-,-,-,-,-,-,-,-,-,-,-,-,-,2,10,-,-,-,-,-,-,-,-,-,-,-,-,-,-,2,10,2,20,1,10,1,10,-,-,-,-,-,-,-,-,1,10,-,-,1,10,-,-,-,-,-,-,-,-,-,-,-,-,-,-,-,-,-,-,-,-,-,-,-,-,-,-,-,-,-,-,-,-,-,-,3,12,-,-,-,-,-,-,-,-,-,-,-,-,1,5,-,-,1,5,-,-,2,7,1,1,1,6,-,-,-,-,-,-,-,-,1,6,-,-,-,-,-,-,-,-,-,-,-,-,-,-,-,-,-,-,-,-,-,-,-,-,-,-,-,-,-,-,1,6,-,-,-,-,-,-,-,-,-,-,-,-,1,6,-,-,-,-,-,-,-,-,-,-,4,11,1,2,1,2,-,-,-,-,2,3,2,3,-,-,1,6,1,6,-,-,-,-,-,-,-,-,-,-,-,-,6,91,-,-,1,18,1,18,-,-,-,-,-,-,-,-,-,-,-,-,2,12,1,9,-,-,1,3,-,-,3,61,3,61,-,-,-,-,-,-,-,-,-,-,-,-,-,-,-,-,5,32,4,31,2,25,-,-,1,4,1,2,-,-,1,1,1,1,-,-,-,-,-,-,10,106,1,4,-,-,-,-,1,4,-,-,-,-,-,-,-,-,-,-,-,-,2,23,1,19,-,-,1,4,-,-,-,-,-,-,-,-,-,-,1,8,1,8,-,-,1,41,-,-,-,-,1,41,-,-,-,-,-,-,-,-,-,-,2,11,-,-,2,11,3,19,-,-,-,-,-,-,1,7,-,-,-,-,-,-,-,-,2,12,-,-,-,-,-,-,-,-,-,-,-,-,-,-,-,-,-,-
5,13211,1321101300,小平市,小平市学園西町,,小平市学園西町,-,-,-,-,-,-,2,26,-,-,-,-,-,-,-,-,1,4,1,4,-,-,-,-,-,-,1,22,-,-,-,-,-,-,1,22,-,-,-,-,-,-,-,-,-,-,-,-,-,-,-,-,-,-,-,-,-,-,-,-,-,-,-,-,-,-,-,-,-,-,-,-,1,1,1,1,1,1,-,-,-,-,-,-,-,-,-,-,-,-,-,-,-,-,-,-,-,-,-,-,-,-,-,-,-,-,-,-,-,-,-,-,-,-,-,-,-,-,-,-,-,-,-,-,-,-,6,10,2,2,-,-,1,1,-,-,-,-,1,1,-,-,-,-,-,-,-,-,4,8,2,4,2,4,-,-,-,-,-,-,-,-,3,9,1,1,-,-,-,-,-,-,1,1,-,-,-,-,-,-,-,-,-,-,-,-,-,-,-,-,-,-,-,-,2,8,-,-,-,-,-,-,-,-,-,-,-,-,-,-,-,-,2,8,-,-,-,-,-,-,4,7,-,-,-,-,-,-,-,-,2,4,2,4,-,-,1,2,1,2,-,-,1,1,-,-,-,-,1,1,-,-,15,126,2,80,1,3,1,3,-,-,1,2,1,2,-,-,-,-,1,1,5,19,4,10,-,-,-,-,1,9,5,21,1,15,-,-,-,-,1,1,-,-,2,4,-,-,-,-,1,1,5,12,1,6,-,-,1,6,-,-,-,-,3,4,1,2,1,2,-,-,-,-,-,-,18,75,1,3,1,3,-,-,-,-,-,-,-,-,-,-,-,-,-,-,-,-,3,36,-,-,-,-,3,36,-,-,1,2,-,-,-,-,1,2,-,-,-,-,-,-,3,16,-,-,-,-,1,12,2,4,2,3,1,1,1,2,-,-,2,4,-,-,2,4,6,11,-,-,-,-,2,4,1,2,1,2,-,-,-,-,-,-,2,3,2,32,1,1,-,-,-,-,-,-,-,-,1,1,1,31,-,-
6,13211,1321101301,小平市,小平市学園西町,1丁目,小平市学園西町1丁目,-,-,-,-,-,-,2,26,-,-,-,-,-,-,-,-,1,4,1,4,-,-,-,-,-,-,1,22,-,-,-,-,-,-,1,22,-,-,-,-,-,-,-,-,-,-,-,-,-,-,-,-,-,-,-,-,-,-,-,-,-,-,-,-,-,-,-,-,-,-,-,-,-,-,-,-,-,-,-,-,-,-,-,-,-,-,-,-,-,-,-,-,-,-,-,-,-,-,-,-,-,-,-,-,-,-,-,-,-,-,-,-,-,-,-,-,-,-,-,-,-,-,-,-,-,-,-,-,-,-,-,-,-,-,-,-,-,-,-,-,-,-,-,-,-,-,-,-,-,-,-,-,-,-,-,-,-,-,-,-,-,-,-,-,-,-,-,-,-,-,-,-,-,-,-,-,-,-,-,-,-,-,-,-,-,-,-,-,-,-,-,-,-,-,-,-,-,-,-,-,-,-,-,-,-,-,-,-,-,-,-,-,-,-,-,-,-,-,-,-,2,4,-,-,-,-,-,-,-,-,1,2,1,2,-,-,1,2,1,2,-,-,-,-,-,-,-,-,-,-,-,-,8,54,1,27,1,3,1,3,-,-,1,2,1,2,-,-,-,-,1,1,2,4,2,4,-,-,-,-,-,-,2,17,1,15,-,-,-,-,-,-,-,-,1,2,-,-,-,-,-,-,1,2,-,-,-,-,-,-,-,-,-,-,1,2,-,-,-,-,-,-,-,-,-,-,8,25,-,-,-,-,-,-,-,-,-,-,-,-,-,-,-,-,-,-,-,-,1,12,-,-,-,-,1,12,-,-,-,-,-,-,-,-,-,-,-,-,-,-,-,-,1,2,-,-,-,-,-,-,1,2,-,-,-,-,-,-,-,-,2,4,-,-,2,4,4,7,-,-,-,-,1,2,1,2,1,2,-,-,-,-,-,-,1,1,1,1,1,1,-,-,-,-,-,-,-,-,1,1,-,-,-,-
6,13211,1321101302,小平市,小平市学園西町,2丁目,小平市学園西町2丁目,-,-,-,-,-,-,-,-,-,-,-,-,-,-,-,-,-,-,-,-,-,-,-,-,-,-,-,-,-,-,-,-,-,-,-,-,-,-,-,-,-,-,-,-,-,-,-,-,-,-,-,-,-,-,-,-,-,-,-,-,-,-,-,-,-,-,-,-,-,-,-,-,-,-,-,-,-,-,-,-,-,-,-,-,-,-,-,-,-,-,-,-,-,-,-,-,-,-,-,-,-,-,-,-,-,-,-,-,-,-,-,-,-,-,-,-,-,-,-,-,-,-,-,-,-,-,5,8,2,2,-,-,1,1,-,-,-,-,1,1,-,-,-,-,-,-,-,-,3,6,2,4,1,2,-,-,-,-,-,-,-,-,3,9,1,1,-,-,-,-,-,-,1,1,-,-,-,-,-,-,-,-,-,-,-,-,-,-,-,-,-,-,-,-,2,8,-,-,-,-,-,-,-,-,-,-,-,-,-,-,-,-,2,8,-,-,-,-,-,-,-,-,-,-,-,-,-,-,-,-,-,-,-,-,-,-,-,-,-,-,-,-,-,-,-,-,-,-,-,-,-,-,5,18,-,-,-,-,-,-,-,-,-,-,-,-,-,-,-,-,-,-,3,15,2,6,-,-,-,-,1,9,2,3,-,-,-,-,-,-,-,-,-,-,1,2,-,-,-,-,1,1,2,8,1,6,-,-,1,6,-,-,-,-,-,-,1,2,1,2,-,-,-,-,-,-,7,45,1,3,1,3,-,-,-,-,-,-,-,-,-,-,-,-,-,-,-,-,2,24,-,-,-,-,2,24,-,-,-,-,-,-,-,-,-,-,-,-,-,-,-,-,2,14,-,-,-,-,1,12,1,2,1,2,-,-,1,2,-,-,-,-,-,-,-,-,1,2,-,-,-,-,1,2,-,-,-,-,-,-,-,-,-,-,-,-,-,-,-,-,-,-,-,-,-,-,-,-,-,-,-,-,-,-
6,13211,1321101303,小平市,小平市学園西町,3丁目,小平市学園西町3丁目,-,-,-,-,-,-,-,-,-,-,-,-,-,-,-,-,-,-,-,-,-,-,-,-,-,-,-,-,-,-,-,-,-,-,-,-,-,-,-,-,-,-,-,-,-,-,-,-,-,-,-,-,-,-,-,-,-,-,-,-,-,-,-,-,-,-,-,-,-,-,-,-,1,1,1,1,1,1,-,-,-,-,-,-,-,-,-,-,-,-,-,-,-,-,-,-,-,-,-,-,-,-,-,-,-,-,-,-,-,-,-,-,-,-,-,-,-,-,-,-,-,-,-,-,-,-,1,2,-,-,-,-,-,-,-,-,-,-,-,-,-,-,-,-,-,-,-,-,1,2,-,-,1,2,-,-,-,-,-,-,-,-,-,-,-,-,-,-,-,-,-,-,-,-,-,-,-,-,-,-,-,-,-,-,-,-,-,-,-,-,-,-,-,-,-,-,-,-,-,-,-,-,-,-,-,-,-,-,-,-,-,-,-,-,-,-,-,-,-,-,2,3,-,-,-,-,-,-,-,-,1,2,1,2,-,-,-,-,-,-,-,-,1,1,-,-,-,-,1,1,-,-,2,54,1,53,-,-,-,-,-,-,-,-,-,-,-,-,-,-,-,-,-,-,-,-,-,-,-,-,-,-,1,1,-,-,-,-,-,-,1,1,-,-,-,-,-,-,-,-,-,-,2,2,-,-,-,-,-,-,-,-,-,-,2,2,-,-,-,-,-,-,-,-,-,-,3,5,-,-,-,-,-,-,-,-,-,-,-,-,-,-,-,-,-,-,-,-,-,-,-,-,-,-,-,-,-,-,1,2,-,-,-,-,1,2,-,-,-,-,-,-,-,-,-,-,-,-,-,-,-,-,1,1,1,1,-,-,-,-,-,-,-,-,-,-,1,2,-,-,-,-,-,-,-,-,-,-,-,-,-,-,-,-,1,2,1,31,-,-,-,-,-,-,-,-,-,-,-,-,1,31,-,-
5,13211,1321101500,小平市,小平市学園東町,,小平市学園東町,-,-,-,-,-,-,-,-,-,-,-,-,-,-,-,-,-,-,-,-,-,-,-,-,-,-,-,-,-,-,-,-,-,-,-,-,-,-,-,-,-,-,-,-,-,-,-,-,-,-,-,-,-,-,-,-,-,-,-,-,-,-,-,-,-,-,-,-,-,-,-,-,1,16,1,16,-,-,-,-,-,-,-,-,1,16,-,-,-,-,-,-,-,-,-,-,-,-,-,-,-,-,-,-,-,-,-,-,-,-,-,-,-,-,-,-,-,-,-,-,-,-,-,-,-,-,1,7,1,7,-,-,-,-,-,-,-,-,1,7,-,-,-,-,-,-,-,-,-,-,-,-,-,-,-,-,-,-,-,-,-,-,3,12,-,-,-,-,-,-,-,-,-,-,-,-,-,-,-,-,-,-,-,-,-,-,-,-,-,-,-,-,-,-,3,12,-,-,-,-,-,-,-,-,-,-,-,-,1,6,-,-,2,6,-,-,-,-,-,-,18,37,2,5,-,-,2,5,2,4,10,16,9,14,1,2,-,-,-,-,-,-,4,12,-,-,1,1,3,11,-,-,33,165,1,41,2,8,2,8,-,-,1,1,1,1,-,-,1,3,3,6,10,45,5,15,1,2,4,28,-,-,15,61,1,16,1,1,2,2,5,10,2,10,2,5,-,-,1,3,1,14,7,32,2,15,1,13,1,2,-,-,-,-,1,5,4,12,4,12,-,-,-,-,-,-,33,116,2,5,-,-,-,-,1,1,1,4,2,5,2,5,-,-,-,-,-,-,10,52,2,19,-,-,5,23,3,10,-,-,-,-,-,-,-,-,-,-,-,-,-,-,4,17,1,1,-,-,1,9,2,7,2,13,2,13,-,-,-,-,3,5,-,-,3,5,10,19,-,-,1,1,2,9,-,-,-,-,3,4,-,-,1,1,3,4,1,3,1,3,-,-,-,-,-,-,1,3,-,-,-,-,-,-
6,13211,1321101501,小平市,小平市学園東町,1丁目,小平市学園東町1丁目,-,-,-,-,-,-,-,-,-,-,-,-,-,-,-,-,-,-,-,-,-,-,-,-,-,-,-,-,-,-,-,-,-,-,-,-,-,-,-,-,-,-,-,-,-,-,-,-,-,-,-,-,-,-,-,-,-,-,-,-,-,-,-,-,-,-,-,-,-,-,-,-,1,16,1,16,-,-,-,-,-,-,-,-,1,16,-,-,-,-,-,-,-,-,-,-,-,-,-,-,-,-,-,-,-,-,-,-,-,-,-,-,-,-,-,-,-,-,-,-,-,-,-,-,-,-,-,-,-,-,-,-,-,-,-,-,-,-,-,-,-,-,-,-,-,-,-,-,-,-,-,-,-,-,-,-,-,-,-,-,-,-,-,-,-,-,-,-,-,-,-,-,-,-,-,-,-,-,-,-,-,-,-,-,-,-,-,-,-,-,-,-,-,-,-,-,-,-,-,-,-,-,-,-,-,-,-,-,-,-,-,-,-,-,-,-,-,-,-,-,14,31,1,2,-,-,1,2,2,4,8,14,7,12,1,2,-,-,-,-,-,-,3,11,-,-,1,1,2,10,-,-,17,76,1,41,1,6,1,6,-,-,1,1,1,1,-,-,-,-,-,-,5,10,2,3,1,2,2,5,-,-,9,18,-,-,-,-,2,2,4,8,-,-,2,5,-,-,1,3,-,-,2,7,-,-,-,-,-,-,-,-,-,-,-,-,2,7,2,7,-,-,-,-,-,-,16,59,1,1,-,-,-,-,1,1,-,-,-,-,-,-,-,-,-,-,-,-,6,40,2,19,-,-,2,12,2,9,-,-,-,-,-,-,-,-,-,-,-,-,-,-,1,1,1,1,-,-,-,-,-,-,-,-,-,-,-,-,-,-,2,3,-,-,2,3,6,14,-,-,-,-,2,9,-,-,-,-,-,-,-,-,1,1,3,4,-,-,-,-,-,-,-,-,-,-,-,-,-,-,-,-,-,-
6,13211,1321101502,小平市,小平市学園東町,2丁目,小平市学園東町2丁目,-,-,-,-,-,-,-,-,-,-,-,-,-,-,-,-,-,-,-,-,-,-,-,-,-,-,-,-,-,-,-,-,-,-,-,-,-,-,-,-,-,-,-,-,-,-,-,-,-,-,-,-,-,-,-,-,-,-,-,-,-,-,-,-,-,-,-,-,-,-,-,-,-,-,-,-,-,-,-,-,-,-,-,-,-,-,-,-,-,-,-,-,-,-,-,-,-,-,-,-,-,-,-,-,-,-,-,-,-,-,-,-,-,-,-,-,-,-,-,-,-,-,-,-,-,-,-,-,-,-,-,-,-,-,-,-,-,-,-,-,-,-,-,-,-,-,-,-,-,-,-,-,-,-,-,-,-,-,-,-,-,-,-,-,-,-,-,-,-,-,-,-,-,-,-,-,-,-,-,-,-,-,-,-,-,-,-,-,-,-,-,-,-,-,-,-,-,-,-,-,-,-,-,-,-,-,-,-,-,-,-,-,-,-,-,-,-,-,-,-,2,2,-,-,-,-,-,-,-,-,1,1,1,1,-,-,-,-,-,-,-,-,1,1,-,-,-,-,1,1,-,-,6,35,-,-,-,-,-,-,-,-,-,-,-,-,-,-,-,-,2,5,3,14,2,10,-,-,1,4,-,-,1,16,1,16,-,-,-,-,-,-,-,-,-,-,-,-,-,-,-,-,3,20,1,13,1,13,-,-,-,-,-,-,1,5,1,2,1,2,-,-,-,-,-,-,6,23,1,4,-,-,-,-,-,-,1,4,-,-,-,-,-,-,-,-,-,-,1,1,-,-,-,-,1,1,-,-,-,-,-,-,-,-,-,-,-,-,-,-,-,-,2,15,-,-,-,-,1,9,1,6,-,-,-,-,-,-,-,-,1,2,-,-,1,2,1,1,-,-,-,-,-,-,-,-,-,-,1,1,-,-,-,-,-,-,-,-,-,-,-,-,-,-,-,-,-,-,-,-,-,-,-,-
6,13211,1321101503,小平市,小平市学園東町,3丁目,小平市学園東町3丁目,-,-,-,-,-,-,-,-,-,-,-,-,-,-,-,-,-,-,-,-,-,-,-,-,-,-,-,-,-,-,-,-,-,-,-,-,-,-,-,-,-,-,-,-,-,-,-,-,-,-,-,-,-,-,-,-,-,-,-,-,-,-,-,-,-,-,-,-,-,-,-,-,-,-,-,-,-,-,-,-,-,-,-,-,-,-,-,-,-,-,-,-,-,-,-,-,-,-,-,-,-,-,-,-,-,-,-,-,-,-,-,-,-,-,-,-,-,-,-,-,-,-,-,-,-,-,1,7,1,7,-,-,-,-,-,-,-,-,1,7,-,-,-,-,-,-,-,-,-,-,-,-,-,-,-,-,-,-,-,-,-,-,2,10,-,-,-,-,-,-,-,-,-,-,-,-,-,-,-,-,-,-,-,-,-,-,-,-,-,-,-,-,-,-,2,10,-,-,-,-,-,-,-,-,-,-,-,-,1,6,-,-,1,4,-,-,-,-,-,-,2,4,1,3,-,-,1,3,-,-,1,1,1,1,-,-,-,-,-,-,-,-,-,-,-,-,-,-,-,-,-,-,10,54,-,-,1,2,1,2,-,-,-,-,-,-,-,-,1,3,1,1,2,21,1,2,-,-,1,19,-,-,5,27,-,-,1,1,-,-,1,2,2,10,-,-,-,-,-,-,1,14,2,5,1,2,-,-,1,2,-,-,-,-,-,-,1,3,1,3,-,-,-,-,-,-,9,31,-,-,-,-,-,-,-,-,-,-,2,5,2,5,-,-,-,-,-,-,2,10,-,-,-,-,2,10,-,-,-,-,-,-,-,-,-,-,-,-,-,-,-,-,1,1,-,-,-,-,-,-,1,1,2,13,2,13,-,-,-,-,-,-,-,-,-,-,2,2,-,-,1,1,-,-,-,-,-,-,1,1,-,-,-,-,-,-,1,3,1,3,-,-,-,-,-,-,1,3,-,-,-,-,-,-
6,13211,1321101591,小平市,小平市学園東町,（1～3丁目を除く）,小平市学園東町（1～3丁目を除く）,-,-,-,-,-,-,-,-,-,-,-,-,-,-,-,-,-,-,-,-,-,-,-,-,-,-,-,-,-,-,-,-,-,-,-,-,-,-,-,-,-,-,-,-,-,-,-,-,-,-,-,-,-,-,-,-,-,-,-,-,-,-,-,-,-,-,-,-,-,-,-,-,-,-,-,-,-,-,-,-,-,-,-,-,-,-,-,-,-,-,-,-,-,-,-,-,-,-,-,-,-,-,-,-,-,-,-,-,-,-,-,-,-,-,-,-,-,-,-,-,-,-,-,-,-,-,-,-,-,-,-,-,-,-,-,-,-,-,-,-,-,-,-,-,-,-,-,-,-,-,-,-,-,-,-,-,-,-,-,-,-,-,1,2,-,-,-,-,-,-,-,-,-,-,-,-,-,-,-,-,-,-,-,-,-,-,-,-,-,-,-,-,-,-,1,2,-,-,-,-,-,-,-,-,-,-,-,-,-,-,-,-,1,2,-,-,-,-,-,-,-,-,-,-,-,-,-,-,-,-,-,-,-,-,-,-,-,-,-,-,-,-,-,-,-,-,-,-,-,-,-,-,-,-,-,-,-,-,-,-,-,-,-,-,-,-,-,-,-,-,-,-,-,-,-,-,-,-,-,-,-,-,-,-,-,-,-,-,-,-,-,-,-,-,-,-,-,-,-,-,-,-,-,-,-,-,-,-,-,-,-,-,-,-,-,-,-,-,-,-,-,-,-,-,-,-,2,3,-,-,-,-,-,-,-,-,-,-,-,-,-,-,-,-,-,-,-,-,1,1,-,-,-,-,-,-,1,1,-,-,-,-,-,-,-,-,-,-,-,-,-,-,-,-,-,-,-,-,-,-,-,-,-,-,-,-,-,-,-,-,-,-,-,-,-,-,1,2,-,-,-,-,-,-,-,-,-,-,1,2,-,-,-,-,-,-,-,-,-,-,-,-,-,-,-,-,-,-,-,-,-,-,-,-
5,13211,1321101100,小平市,小平市喜平町,,小平市喜平町,-,-,-,-,-,-,-,-,-,-,-,-,-,-,-,-,-,-,-,-,-,-,-,-,-,-,-,-,-,-,-,-,-,-,-,-,-,-,-,-,-,-,-,-,-,-,-,-,-,-,-,-,-,-,-,-,-,-,-,-,-,-,-,-,-,-,-,-,-,-,-,-,2,71,2,71,-,-,-,-,-,-,-,-,2,71,-,-,-,-,-,-,-,-,-,-,-,-,-,-,-,-,-,-,-,-,-,-,-,-,-,-,-,-,-,-,-,-,-,-,-,-,-,-,-,-,1,1,1,1,-,-,1,1,-,-,-,-,-,-,-,-,-,-,-,-,-,-,-,-,-,-,-,-,-,-,-,-,-,-,-,-,-,-,-,-,-,-,-,-,-,-,-,-,-,-,-,-,-,-,-,-,-,-,-,-,-,-,-,-,-,-,-,-,-,-,-,-,-,-,-,-,-,-,-,-,-,-,-,-,-,-,-,-,-,-,-,-,-,-,-,-,-,-,-,-,-,-,-,-,-,-,-,-,-,-,-,-,-,-,-,-,-,-,-,-,-,-,-,-,-,-,4,64,2,31,-,-,-,-,-,-,-,-,-,-,-,-,-,-,-,-,1,9,-,-,1,9,-,-,-,-,1,24,1,24,-,-,-,-,-,-,-,-,-,-,-,-,-,-,-,-,1,2,-,-,-,-,-,-,-,-,-,-,1,2,-,-,-,-,-,-,-,-,-,-,5,24,-,-,-,-,-,-,-,-,-,-,-,-,-,-,-,-,-,-,-,-,1,7,-,-,-,-,1,7,-,-,-,-,-,-,-,-,-,-,2,6,1,4,1,2,1,3,1,3,-,-,-,-,-,-,-,-,-,-,-,-,-,-,-,-,-,-,-,-,1,8,-,-,-,-,-,-,-,-,-,-,-,-,-,-,-,-,1,8,-,-,-,-,-,-,-,-,-,-,-,-,-,-,-,-,-,-
6,13211,1321101101,小平市,小平市喜平町,1丁目,小平市喜平町1丁目,-,-,-,-,-,-,-,-,-,-,-,-,-,-,-,-,-,-,-,-,-,-,-,-,-,-,-,-,-,-,-,-,-,-,-,-,-,-,-,-,-,-,-,-,-,-,-,-,-,-,-,-,-,-,-,-,-,-,-,-,-,-,-,-,-,-,-,-,-,-,-,-,2,71,2,71,-,-,-,-,-,-,-,-,2,71,-,-,-,-,-,-,-,-,-,-,-,-,-,-,-,-,-,-,-,-,-,-,-,-,-,-,-,-,-,-,-,-,-,-,-,-,-,-,-,-,-,-,-,-,-,-,-,-,-,-,-,-,-,-,-,-,-,-,-,-,-,-,-,-,-,-,-,-,-,-,-,-,-,-,-,-,-,-,-,-,-,-,-,-,-,-,-,-,-,-,-,-,-,-,-,-,-,-,-,-,-,-,-,-,-,-,-,-,-,-,-,-,-,-,-,-,-,-,-,-,-,-,-,-,-,-,-,-,-,-,-,-,-,-,-,-,-,-,-,-,-,-,-,-,-,-,-,-,-,-,-,-,-,-,-,-,-,-,-,-,-,-,-,-,-,-,2,36,1,12,-,-,-,-,-,-,-,-,-,-,-,-,-,-,-,-,-,-,-,-,-,-,-,-,-,-,1,24,1,24,-,-,-,-,-,-,-,-,-,-,-,-,-,-,-,-,1,2,-,-,-,-,-,-,-,-,-,-,1,2,-,-,-,-,-,-,-,-,-,-,3,14,-,-,-,-,-,-,-,-,-,-,-,-,-,-,-,-,-,-,-,-,-,-,-,-,-,-,-,-,-,-,-,-,-,-,-,-,-,-,2,6,1,4,1,2,-,-,-,-,-,-,-,-,-,-,-,-,-,-,-,-,-,-,-,-,-,-,-,-,1,8,-,-,-,-,-,-,-,-,-,-,-,-,-,-,-,-,1,8,-,-,-,-,-,-,-,-,-,-,-,-,-,-,-,-,-,-
6,13211,1321101102,小平市,小平市喜平町,2丁目,小平市喜平町2丁目,-,-,-,-,-,-,-,-,-,-,-,-,-,-,-,-,-,-,-,-,-,-,-,-,-,-,-,-,-,-,-,-,-,-,-,-,-,-,-,-,-,-,-,-,-,-,-,-,-,-,-,-,-,-,-,-,-,-,-,-,-,-,-,-,-,-,-,-,-,-,-,-,-,-,-,-,-,-,-,-,-,-,-,-,-,-,-,-,-,-,-,-,-,-,-,-,-,-,-,-,-,-,-,-,-,-,-,-,-,-,-,-,-,-,-,-,-,-,-,-,-,-,-,-,-,-,-,-,-,-,-,-,-,-,-,-,-,-,-,-,-,-,-,-,-,-,-,-,-,-,-,-,-,-,-,-,-,-,-,-,-,-,-,-,-,-,-,-,-,-,-,-,-,-,-,-,-,-,-,-,-,-,-,-,-,-,-,-,-,-,-,-,-,-,-,-,-,-,-,-,-,-,-,-,-,-,-,-,-,-,-,-,-,-,-,-,-,-,-,-,-,-,-,-,-,-,-,-,-,-,-,-,-,-,-,-,-,-,-,-,-,-,-,-,-,-,-,-,-,-,-,-,1,9,-,-,-,-,-,-,-,-,-,-,-,-,-,-,-,-,-,-,1,9,-,-,1,9,-,-,-,-,-,-,-,-,-,-,-,-,-,-,-,-,-,-,-,-,-,-,-,-,-,-,-,-,-,-,-,-,-,-,-,-,-,-,-,-,-,-,-,-,-,-,-,-,-,-,-,-,-,-,-,-,-,-,-,-,-,-,-,-,-,-,-,-,-,-,-,-,-,-,-,-,-,-,-,-,-,-,-,-,-,-,-,-,-,-,-,-,-,-,-,-,-,-,-,-,-,-,-,-,-,-,-,-,-,-,-,-,-,-,-,-,-,-,-,-,-,-,-,-,-,-,-,-,-,-,-,-,-,-,-,-,-,-,-,-,-,-,-,-,-,-,-,-,-,-,-,-,-,-,-,-
6,13211,1321101103,小平市,小平市喜平町,3丁目,小平市喜平町3丁目,-,-,-,-,-,-,-,-,-,-,-,-,-,-,-,-,-,-,-,-,-,-,-,-,-,-,-,-,-,-,-,-,-,-,-,-,-,-,-,-,-,-,-,-,-,-,-,-,-,-,-,-,-,-,-,-,-,-,-,-,-,-,-,-,-,-,-,-,-,-,-,-,-,-,-,-,-,-,-,-,-,-,-,-,-,-,-,-,-,-,-,-,-,-,-,-,-,-,-,-,-,-,-,-,-,-,-,-,-,-,-,-,-,-,-,-,-,-,-,-,-,-,-,-,-,-,1,1,1,1,-,-,1,1,-,-,-,-,-,-,-,-,-,-,-,-,-,-,-,-,-,-,-,-,-,-,-,-,-,-,-,-,-,-,-,-,-,-,-,-,-,-,-,-,-,-,-,-,-,-,-,-,-,-,-,-,-,-,-,-,-,-,-,-,-,-,-,-,-,-,-,-,-,-,-,-,-,-,-,-,-,-,-,-,-,-,-,-,-,-,-,-,-,-,-,-,-,-,-,-,-,-,-,-,-,-,-,-,-,-,-,-,-,-,-,-,-,-,-,-,-,-,1,19,1,19,-,-,-,-,-,-,-,-,-,-,-,-,-,-,-,-,-,-,-,-,-,-,-,-,-,-,-,-,-,-,-,-,-,-,-,-,-,-,-,-,-,-,-,-,-,-,-,-,-,-,-,-,-,-,-,-,-,-,-,-,-,-,-,-,-,-,-,-,-,-,2,10,-,-,-,-,-,-,-,-,-,-,-,-,-,-,-,-,-,-,-,-,1,7,-,-,-,-,1,7,-,-,-,-,-,-,-,-,-,-,-,-,-,-,-,-,1,3,1,3,-,-,-,-,-,-,-,-,-,-,-,-,-,-,-,-,-,-,-,-,-,-,-,-,-,-,-,-,-,-,-,-,-,-,-,-,-,-,-,-,-,-,-,-,-,-,-,-,-,-,-,-,-,-,-,-,-,-
5,13211,1321100500,小平市,小平市栄町,,小平市栄町,-,-,-,-,-,-,-,-,-,-,-,-,-,-,-,-,-,-,-,-,-,-,-,-,-,-,-,-,-,-,-,-,-,-,-,-,-,-,-,-,-,-,-,-,-,-,-,-,-,-,-,-,-,-,-,-,-,-,-,-,-,-,-,-,-,-,-,-,-,-,-,-,1,2,1,2,-,-,1,2,-,-,-,-,-,-,-,-,-,-,-,-,-,-,-,-,-,-,-,-,-,-,-,-,-,-,-,-,-,-,-,-,-,-,-,-,-,-,-,-,-,-,-,-,-,-,1,4,-,-,-,-,-,-,-,-,-,-,-,-,1,4,-,-,1,4,-,-,-,-,-,-,-,-,-,-,-,-,-,-,-,-,-,-,-,-,-,-,-,-,-,-,-,-,-,-,-,-,-,-,-,-,-,-,-,-,-,-,-,-,-,-,-,-,-,-,-,-,-,-,-,-,-,-,-,-,-,-,-,-,-,-,-,-,-,-,-,-,-,-,-,-,-,-,-,-,-,-,-,-,-,-,-,-,-,-,-,-,-,-,-,-,-,-,-,-,-,-,-,-,-,-,-,-,-,-,-,-,-,-,-,-,-,-,-,-,-,-,-,-,-,-,-,-,-,-,-,-,-,-,-,-,-,-,-,-,-,-,-,-,-,-,-,-,-,-,-,-,-,-,-,-,-,-,-,-,-,-,-,-,-,-,-,-,-,-,-,-,-,-,-,-,-,-,-,-,1,5,-,-,-,-,-,-,-,-,-,-,-,-,-,-,-,-,-,-,-,-,1,5,1,5,-,-,-,-,-,-,-,-,-,-,-,-,-,-,-,-,-,-,-,-,-,-,-,-,-,-,-,-,-,-,-,-,-,-,-,-,-,-,-,-,-,-,-,-,-,-,-,-,-,-,-,-,-,-,-,-,-,-,-,-,-,-,-,-,-,-,-,-,-,-,-,-,-,-,-,-,-,-,-,-,-,-
6,13211,1321100501,小平市,小平市栄町,1丁目,小平市栄町1丁目,-,-,-,-,-,-,-,-,-,-,-,-,-,-,-,-,-,-,-,-,-,-,-,-,-,-,-,-,-,-,-,-,-,-,-,-,-,-,-,-,-,-,-,-,-,-,-,-,-,-,-,-,-,-,-,-,-,-,-,-,-,-,-,-,-,-,-,-,-,-,-,-,-,-,-,-,-,-,-,-,-,-,-,-,-,-,-,-,-,-,-,-,-,-,-,-,-,-,-,-,-,-,-,-,-,-,-,-,-,-,-,-,-,-,-,-,-,-,-,-,-,-,-,-,-,-,-,-,-,-,-,-,-,-,-,-,-,-,-,-,-,-,-,-,-,-,-,-,-,-,-,-,-,-,-,-,-,-,-,-,-,-,-,-,-,-,-,-,-,-,-,-,-,-,-,-,-,-,-,-,-,-,-,-,-,-,-,-,-,-,-,-,-,-,-,-,-,-,-,-,-,-,-,-,-,-,-,-,-,-,-,-,-,-,-,-,-,-,-,-,-,-,-,-,-,-,-,-,-,-,-,-,-,-,-,-,-,-,-,-,-,-,-,-,-,-,-,-,-,-,-,-,-,-,-,-,-,-,-,-,-,-,-,-,-,-,-,-,-,-,-,-,-,-,-,-,-,-,-,-,-,-,-,-,-,-,-,-,-,-,-,-,-,-,-,-,-,-,-,-,-,-,-,-,-,-,-,-,-,-,-,-,-,-,-,-,-,-,-,-,-,-,-,-,-,-,-,-,-,-,-,-,-,-,-,-,-,-,-,-,-,-,-,-,-,-,-,-,-,-,-,-,-,-,-,-,-,-,-,-,-,-,-,-,-,-,-,-,-,-,-,-,-,-,-,-,-,-,-,-,-,-,-,-,-,-,-,-,-,-,-,-,-,-,-,-,-,-,-,-,-,-,-,-,-,-,-,-,-,-,-,-,-,-,-,-,-,-,-,-,-,-,-,-,-,-,-,-,-,-,-,-,-,-
6,13211,1321100502,小平市,小平市栄町,2丁目,小平市栄町2丁目,-,-,-,-,-,-,-,-,-,-,-,-,-,-,-,-,-,-,-,-,-,-,-,-,-,-,-,-,-,-,-,-,-,-,-,-,-,-,-,-,-,-,-,-,-,-,-,-,-,-,-,-,-,-,-,-,-,-,-,-,-,-,-,-,-,-,-,-,-,-,-,-,-,-,-,-,-,-,-,-,-,-,-,-,-,-,-,-,-,-,-,-,-,-,-,-,-,-,-,-,-,-,-,-,-,-,-,-,-,-,-,-,-,-,-,-,-,-,-,-,-,-,-,-,-,-,1,4,-,-,-,-,-,-,-,-,-,-,-,-,1,4,-,-,1,4,-,-,-,-,-,-,-,-,-,-,-,-,-,-,-,-,-,-,-,-,-,-,-,-,-,-,-,-,-,-,-,-,-,-,-,-,-,-,-,-,-,-,-,-,-,-,-,-,-,-,-,-,-,-,-,-,-,-,-,-,-,-,-,-,-,-,-,-,-,-,-,-,-,-,-,-,-,-,-,-,-,-,-,-,-,-,-,-,-,-,-,-,-,-,-,-,-,-,-,-,-,-,-,-,-,-,-,-,-,-,-,-,-,-,-,-,-,-,-,-,-,-,-,-,-,-,-,-,-,-,-,-,-,-,-,-,-,-,-,-,-,-,-,-,-,-,-,-,-,-,-,-,-,-,-,-,-,-,-,-,-,-,-,-,-,-,-,-,-,-,-,-,-,-,-,-,-,-,-,-,1,5,-,-,-,-,-,-,-,-,-,-,-,-,-,-,-,-,-,-,-,-,1,5,1,5,-,-,-,-,-,-,-,-,-,-,-,-,-,-,-,-,-,-,-,-,-,-,-,-,-,-,-,-,-,-,-,-,-,-,-,-,-,-,-,-,-,-,-,-,-,-,-,-,-,-,-,-,-,-,-,-,-,-,-,-,-,-,-,-,-,-,-,-,-,-,-,-,-,-,-,-,-,-,-,-,-,-
6,13211,1321100503,小平市,小平市栄町,3丁目,小平市栄町3丁目,-,-,-,-,-,-,-,-,-,-,-,-,-,-,-,-,-,-,-,-,-,-,-,-,-,-,-,-,-,-,-,-,-,-,-,-,-,-,-,-,-,-,-,-,-,-,-,-,-,-,-,-,-,-,-,-,-,-,-,-,-,-,-,-,-,-,-,-,-,-,-,-,1,2,1,2,-,-,1,2,-,-,-,-,-,-,-,-,-,-,-,-,-,-,-,-,-,-,-,-,-,-,-,-,-,-,-,-,-,-,-,-,-,-,-,-,-,-,-,-,-,-,-,-,-,-,-,-,-,-,-,-,-,-,-,-,-,-,-,-,-,-,-,-,-,-,-,-,-,-,-,-,-,-,-,-,-,-,-,-,-,-,-,-,-,-,-,-,-,-,-,-,-,-,-,-,-,-,-,-,-,-,-,-,-,-,-,-,-,-,-,-,-,-,-,-,-,-,-,-,-,-,-,-,-,-,-,-,-,-,-,-,-,-,-,-,-,-,-,-,-,-,-,-,-,-,-,-,-,-,-,-,-,-,-,-,-,-,-,-,-,-,-,-,-,-,-,-,-,-,-,-,-,-,-,-,-,-,-,-,-,-,-,-,-,-,-,-,-,-,-,-,-,-,-,-,-,-,-,-,-,-,-,-,-,-,-,-,-,-,-,-,-,-,-,-,-,-,-,-,-,-,-,-,-,-,-,-,-,-,-,-,-,-,-,-,-,-,-,-,-,-,-,-,-,-,-,-,-,-,-,-,-,-,-,-,-,-,-,-,-,-,-,-,-,-,-,-,-,-,-,-,-,-,-,-,-,-,-,-,-,-,-,-,-,-,-,-,-,-,-,-,-,-,-,-,-,-,-,-,-,-,-,-,-,-,-,-,-,-,-,-,-,-,-,-,-,-,-,-,-,-,-,-,-,-,-,-,-,-,-,-,-,-,-,-,-,-,-,-,-,-,-,-,-,-,-,-,-,-,-,-,-,-
5,13211,1321100200,小平市,小平市上水新町,,小平市上水新町,-,-,-,-,-,-,-,-,-,-,-,-,-,-,-,-,-,-,-,-,-,-,-,-,-,-,-,-,-,-,-,-,-,-,-,-,2,4,1,2,-,-,1,2,-,-,-,-,-,-,-,-,-,-,1,2,-,-,-,-,-,-,-,-,-,-,-,-,1,2,-,-,1,1,1,1,-,-,-,-,-,-,-,-,1,1,-,-,-,-,-,-,-,-,-,-,-,-,-,-,-,-,-,-,-,-,-,-,-,-,-,-,-,-,-,-,-,-,-,-,-,-,-,-,-,-,-,-,-,-,-,-,-,-,-,-,-,-,-,-,-,-,-,-,-,-,-,-,-,-,-,-,-,-,-,-,-,-,-,-,-,-,-,-,-,-,-,-,-,-,-,-,-,-,-,-,-,-,-,-,-,-,-,-,-,-,-,-,-,-,-,-,-,-,-,-,-,-,-,-,-,-,-,-,-,-,-,-,-,-,-,-,-,-,-,-,-,-,-,-,-,-,-,-,-,-,-,-,-,-,-,-,-,-,-,-,-,-,-,-,-,-,-,-,-,-,-,-,-,-,-,-,2,33,1,31,-,-,-,-,-,-,-,-,-,-,-,-,-,-,-,-,-,-,-,-,-,-,-,-,-,-,1,2,-,-,-,-,-,-,1,2,-,-,-,-,-,-,-,-,-,-,2,4,-,-,-,-,-,-,-,-,-,-,-,-,2,4,2,4,-,-,-,-,-,-,5,9,-,-,-,-,-,-,-,-,-,-,-,-,-,-,-,-,-,-,-,-,-,-,-,-,-,-,-,-,-,-,-,-,-,-,-,-,-,-,-,-,-,-,-,-,-,-,-,-,-,-,-,-,-,-,1,2,-,-,1,2,-,-,-,-,-,-,-,-,4,7,-,-,2,4,-,-,-,-,1,2,-,-,-,-,1,1,-,-,1,1,1,1,-,-,-,-,-,-,-,-,1,1,-,-,-,-
6,13211,1321100201,小平市,小平市上水新町,1丁目,小平市上水新町1丁目,-,-,-,-,-,-,-,-,-,-,-,-,-,-,-,-,-,-,-,-,-,-,-,-,-,-,-,-,-,-,-,-,-,-,-,-,-,-,-,-,-,-,-,-,-,-,-,-,-,-,-,-,-,-,-,-,-,-,-,-,-,-,-,-,-,-,-,-,-,-,-,-,1,1,1,1,-,-,-,-,-,-,-,-,1,1,-,-,-,-,-,-,-,-,-,-,-,-,-,-,-,-,-,-,-,-,-,-,-,-,-,-,-,-,-,-,-,-,-,-,-,-,-,-,-,-,-,-,-,-,-,-,-,-,-,-,-,-,-,-,-,-,-,-,-,-,-,-,-,-,-,-,-,-,-,-,-,-,-,-,-,-,-,-,-,-,-,-,-,-,-,-,-,-,-,-,-,-,-,-,-,-,-,-,-,-,-,-,-,-,-,-,-,-,-,-,-,-,-,-,-,-,-,-,-,-,-,-,-,-,-,-,-,-,-,-,-,-,-,-,-,-,-,-,-,-,-,-,-,-,-,-,-,-,-,-,-,-,-,-,-,-,-,-,-,-,-,-,-,-,-,-,1,2,-,-,-,-,-,-,-,-,-,-,-,-,-,-,-,-,-,-,-,-,-,-,-,-,-,-,-,-,1,2,-,-,-,-,-,-,1,2,-,-,-,-,-,-,-,-,-,-,1,2,-,-,-,-,-,-,-,-,-,-,-,-,1,2,1,2,-,-,-,-,-,-,2,4,-,-,-,-,-,-,-,-,-,-,-,-,-,-,-,-,-,-,-,-,-,-,-,-,-,-,-,-,-,-,-,-,-,-,-,-,-,-,-,-,-,-,-,-,-,-,-,-,-,-,-,-,-,-,-,-,-,-,-,-,-,-,-,-,-,-,-,-,2,4,-,-,1,2,-,-,-,-,1,2,-,-,-,-,-,-,-,-,1,1,1,1,-,-,-,-,-,-,-,-,1,1,-,-,-,-
6,13211,1321100202,小平市,小平市上水新町,2丁目,小平市上水新町2丁目,-,-,-,-,-,-,-,-,-,-,-,-,-,-,-,-,-,-,-,-,-,-,-,-,-,-,-,-,-,-,-,-,-,-,-,-,1,2,-,-,-,-,-,-,-,-,-,-,-,-,-,-,-,-,1,2,-,-,-,-,-,-,-,-,-,-,-,-,1,2,-,-,-,-,-,-,-,-,-,-,-,-,-,-,-,-,-,-,-,-,-,-,-,-,-,-,-,-,-,-,-,-,-,-,-,-,-,-,-,-,-,-,-,-,-,-,-,-,-,-,-,-,-,-,-,-,-,-,-,-,-,-,-,-,-,-,-,-,-,-,-,-,-,-,-,-,-,-,-,-,-,-,-,-,-,-,-,-,-,-,-,-,-,-,-,-,-,-,-,-,-,-,-,-,-,-,-,-,-,-,-,-,-,-,-,-,-,-,-,-,-,-,-,-,-,-,-,-,-,-,-,-,-,-,-,-,-,-,-,-,-,-,-,-,-,-,-,-,-,-,-,-,-,-,-,-,-,-,-,-,-,-,-,-,-,-,-,-,-,-,-,-,-,-,-,-,-,-,-,-,-,-,-,-,-,-,-,-,-,-,-,-,-,-,-,-,-,-,-,-,-,-,-,-,-,-,-,-,-,-,-,-,-,-,-,-,-,-,-,-,-,-,-,-,-,-,-,-,-,-,-,-,1,2,-,-,-,-,-,-,-,-,-,-,-,-,1,2,1,2,-,-,-,-,-,-,1,1,-,-,-,-,-,-,-,-,-,-,-,-,-,-,-,-,-,-,-,-,-,-,-,-,-,-,-,-,-,-,-,-,-,-,-,-,-,-,-,-,-,-,-,-,-,-,-,-,-,-,-,-,-,-,-,-,-,-,-,-,-,-,-,-,-,-,-,-,1,1,-,-,-,-,-,-,-,-,-,-,-,-,-,-,1,1,-,-,-,-,-,-,-,-,-,-,-,-,-,-,-,-,-,-,-,-
6,13211,1321100203,小平市,小平市上水新町,3丁目,小平市上水新町3丁目,-,-,-,-,-,-,-,-,-,-,-,-,-,-,-,-,-,-,-,-,-,-,-,-,-,-,-,-,-,-,-,-,-,-,-,-,1,2,1,2,-,-,1,2,-,-,-,-,-,-,-,-,-,-,-,-,-,-,-,-,-,-,-,-,-,-,-,-,-,-,-,-,-,-,-,-,-,-,-,-,-,-,-,-,-,-,-,-,-,-,-,-,-,-,-,-,-,-,-,-,-,-,-,-,-,-,-,-,-,-,-,-,-,-,-,-,-,-,-,-,-,-,-,-,-,-,-,-,-,-,-,-,-,-,-,-,-,-,-,-,-,-,-,-,-,-,-,-,-,-,-,-,-,-,-,-,-,-,-,-,-,-,-,-,-,-,-,-,-,-,-,-,-,-,-,-,-,-,-,-,-,-,-,-,-,-,-,-,-,-,-,-,-,-,-,-,-,-,-,-,-,-,-,-,-,-,-,-,-,-,-,-,-,-,-,-,-,-,-,-,-,-,-,-,-,-,-,-,-,-,-,-,-,-,-,-,-,-,-,-,-,-,-,-,-,-,-,-,-,-,-,-,1,31,1,31,-,-,-,-,-,-,-,-,-,-,-,-,-,-,-,-,-,-,-,-,-,-,-,-,-,-,-,-,-,-,-,-,-,-,-,-,-,-,-,-,-,-,-,-,-,-,-,-,-,-,-,-,-,-,-,-,-,-,-,-,-,-,-,-,-,-,-,-,-,-,2,4,-,-,-,-,-,-,-,-,-,-,-,-,-,-,-,-,-,-,-,-,-,-,-,-,-,-,-,-,-,-,-,-,-,-,-,-,-,-,-,-,-,-,-,-,-,-,-,-,-,-,-,-,-,-,1,2,-,-,1,2,-,-,-,-,-,-,-,-,1,2,-,-,1,2,-,-,-,-,-,-,-,-,-,-,-,-,-,-,-,-,-,-,-,-,-,-,-,-,-,-,-,-,-,-,-,-
5,13211,1321100900,小平市,小平市上水本町,,小平市上水本町,-,-,-,-,-,-,-,-,-,-,-,-,-,-,-,-,-,-,-,-,-,-,-,-,-,-,-,-,-,-,-,-,-,-,-,-,-,-,-,-,-,-,-,-,-,-,-,-,-,-,-,-,-,-,-,-,-,-,-,-,-,-,-,-,-,-,-,-,-,-,-,-,-,-,-,-,-,-,-,-,-,-,-,-,-,-,-,-,-,-,-,-,-,-,-,-,-,-,-,-,-,-,-,-,-,-,-,-,-,-,-,-,-,-,-,-,-,-,-,-,-,-,-,-,-,-,2,8,1,4,-,-,1,4,-,-,-,-,-,-,1,4,-,-,1,4,-,-,-,-,-,-,-,-,-,-,-,-,-,-,-,-,-,-,-,-,-,-,-,-,-,-,-,-,-,-,-,-,-,-,-,-,-,-,-,-,-,-,-,-,-,-,-,-,-,-,-,-,-,-,-,-,-,-,-,-,-,-,-,-,-,-,-,-,-,-,-,-,-,-,-,-,-,-,-,-,-,-,-,-,-,-,-,-,-,-,-,-,-,-,-,-,-,-,-,-,-,-,-,-,-,-,5,81,-,-,-,-,-,-,-,-,-,-,-,-,-,-,-,-,-,-,1,2,1,2,-,-,-,-,-,-,4,79,3,78,-,-,-,-,-,-,-,-,-,-,-,-,-,-,1,1,1,4,1,4,-,-,-,-,-,-,1,4,-,-,-,-,-,-,-,-,-,-,-,-,6,100,-,-,-,-,-,-,-,-,-,-,-,-,-,-,-,-,-,-,-,-,2,50,2,50,-,-,-,-,-,-,-,-,-,-,-,-,-,-,-,-,-,-,-,-,1,1,-,-,1,1,-,-,-,-,-,-,-,-,-,-,-,-,-,-,-,-,-,-,3,49,1,47,1,1,-,-,-,-,-,-,-,-,-,-,1,1,-,-,2,5,1,1,-,-,-,-,-,-,1,1,-,-,-,-,1,4
6,13211,1321100901,小平市,小平市上水本町,1丁目,小平市上水本町1丁目,-,-,-,-,-,-,-,-,-,-,-,-,-,-,-,-,-,-,-,-,-,-,-,-,-,-,-,-,-,-,-,-,-,-,-,-,-,-,-,-,-,-,-,-,-,-,-,-,-,-,-,-,-,-,-,-,-,-,-,-,-,-,-,-,-,-,-,-,-,-,-,-,-,-,-,-,-,-,-,-,-,-,-,-,-,-,-,-,-,-,-,-,-,-,-,-,-,-,-,-,-,-,-,-,-,-,-,-,-,-,-,-,-,-,-,-,-,-,-,-,-,-,-,-,-,-,-,-,-,-,-,-,-,-,-,-,-,-,-,-,-,-,-,-,-,-,-,-,-,-,-,-,-,-,-,-,-,-,-,-,-,-,-,-,-,-,-,-,-,-,-,-,-,-,-,-,-,-,-,-,-,-,-,-,-,-,-,-,-,-,-,-,-,-,-,-,-,-,-,-,-,-,-,-,-,-,-,-,-,-,-,-,-,-,-,-,-,-,-,-,-,-,-,-,-,-,-,-,-,-,-,-,-,-,-,-,-,-,-,-,-,-,-,-,-,-,-,-,-,-,-,-,1,12,-,-,-,-,-,-,-,-,-,-,-,-,-,-,-,-,-,-,-,-,-,-,-,-,-,-,-,-,1,12,1,12,-,-,-,-,-,-,-,-,-,-,-,-,-,-,-,-,-,-,-,-,-,-,-,-,-,-,-,-,-,-,-,-,-,-,-,-,-,-,-,-,1,1,-,-,-,-,-,-,-,-,-,-,-,-,-,-,-,-,-,-,-,-,-,-,-,-,-,-,-,-,-,-,-,-,-,-,-,-,-,-,-,-,-,-,-,-,-,-,-,-,-,-,-,-,-,-,-,-,-,-,-,-,-,-,-,-,-,-,-,-,1,1,-,-,1,1,-,-,-,-,-,-,-,-,-,-,-,-,-,-,2,5,1,1,-,-,-,-,-,-,1,1,-,-,-,-,1,4
6,13211,1321100902,小平市,小平市上水本町,2丁目,小平市上水本町2丁目,-,-,-,-,-,-,-,-,-,-,-,-,-,-,-,-,-,-,-,-,-,-,-,-,-,-,-,-,-,-,-,-,-,-,-,-,-,-,-,-,-,-,-,-,-,-,-,-,-,-,-,-,-,-,-,-,-,-,-,-,-,-,-,-,-,-,-,-,-,-,-,-,-,-,-,-,-,-,-,-,-,-,-,-,-,-,-,-,-,-,-,-,-,-,-,-,-,-,-,-,-,-,-,-,-,-,-,-,-,-,-,-,-,-,-,-,-,-,-,-,-,-,-,-,-,-,1,4,-,-,-,-,-,-,-,-,-,-,-,-,1,4,-,-,1,4,-,-,-,-,-,-,-,-,-,-,-,-,-,-,-,-,-,-,-,-,-,-,-,-,-,-,-,-,-,-,-,-,-,-,-,-,-,-,-,-,-,-,-,-,-,-,-,-,-,-,-,-,-,-,-,-,-,-,-,-,-,-,-,-,-,-,-,-,-,-,-,-,-,-,-,-,-,-,-,-,-,-,-,-,-,-,-,-,-,-,-,-,-,-,-,-,-,-,-,-,-,-,-,-,-,-,3,19,-,-,-,-,-,-,-,-,-,-,-,-,-,-,-,-,-,-,1,2,1,2,-,-,-,-,-,-,2,17,1,16,-,-,-,-,-,-,-,-,-,-,-,-,-,-,1,1,1,4,1,4,-,-,-,-,-,-,1,4,-,-,-,-,-,-,-,-,-,-,-,-,-,-,-,-,-,-,-,-,-,-,-,-,-,-,-,-,-,-,-,-,-,-,-,-,-,-,-,-,-,-,-,-,-,-,-,-,-,-,-,-,-,-,-,-,-,-,-,-,-,-,-,-,-,-,-,-,-,-,-,-,-,-,-,-,-,-,-,-,-,-,-,-,-,-,-,-,-,-,-,-,-,-,-,-,-,-,-,-,-,-,-,-,-,-,-,-,-,-,-,-,-,-,-,-,-,-,-,-
6,13211,1321100903,小平市,小平市上水本町,3丁目,小平市上水本町3丁目,-,-,-,-,-,-,-,-,-,-,-,-,-,-,-,-,-,-,-,-,-,-,-,-,-,-,-,-,-,-,-,-,-,-,-,-,-,-,-,-,-,-,-,-,-,-,-,-,-,-,-,-,-,-,-,-,-,-,-,-,-,-,-,-,-,-,-,-,-,-,-,-,-,-,-,-,-,-,-,-,-,-,-,-,-,-,-,-,-,-,-,-,-,-,-,-,-,-,-,-,-,-,-,-,-,-,-,-,-,-,-,-,-,-,-,-,-,-,-,-,-,-,-,-,-,-,-,-,-,-,-,-,-,-,-,-,-,-,-,-,-,-,-,-,-,-,-,-,-,-,-,-,-,-,-,-,-,-,-,-,-,-,-,-,-,-,-,-,-,-,-,-,-,-,-,-,-,-,-,-,-,-,-,-,-,-,-,-,-,-,-,-,-,-,-,-,-,-,-,-,-,-,-,-,-,-,-,-,-,-,-,-,-,-,-,-,-,-,-,-,-,-,-,-,-,-,-,-,-,-,-,-,-,-,-,-,-,-,-,-,-,-,-,-,-,-,-,-,-,-,-,-,-,-,-,-,-,-,-,-,-,-,-,-,-,-,-,-,-,-,-,-,-,-,-,-,-,-,-,-,-,-,-,-,-,-,-,-,-,-,-,-,-,-,-,-,-,-,-,-,-,-,-,-,-,-,-,-,-,-,-,-,-,-,-,-,-,-,-,-,-,-,-,-,-,-,1,28,-,-,-,-,-,-,-,-,-,-,-,-,-,-,-,-,-,-,-,-,1,28,1,28,-,-,-,-,-,-,-,-,-,-,-,-,-,-,-,-,-,-,-,-,-,-,-,-,-,-,-,-,-,-,-,-,-,-,-,-,-,-,-,-,-,-,-,-,-,-,-,-,-,-,-,-,-,-,-,-,-,-,-,-,-,-,-,-,-,-,-,-,-,-,-,-,-,-,-,-,-,-,-,-,-,-
6,13211,1321100904,小平市,小平市上水本町,4丁目,小平市上水本町4丁目,-,-,-,-,-,-,-,-,-,-,-,-,-,-,-,-,-,-,-,-,-,-,-,-,-,-,-,-,-,-,-,-,-,-,-,-,-,-,-,-,-,-,-,-,-,-,-,-,-,-,-,-,-,-,-,-,-,-,-,-,-,-,-,-,-,-,-,-,-,-,-,-,-,-,-,-,-,-,-,-,-,-,-,-,-,-,-,-,-,-,-,-,-,-,-,-,-,-,-,-,-,-,-,-,-,-,-,-,-,-,-,-,-,-,-,-,-,-,-,-,-,-,-,-,-,-,1,4,1,4,-,-,1,4,-,-,-,-,-,-,-,-,-,-,-,-,-,-,-,-,-,-,-,-,-,-,-,-,-,-,-,-,-,-,-,-,-,-,-,-,-,-,-,-,-,-,-,-,-,-,-,-,-,-,-,-,-,-,-,-,-,-,-,-,-,-,-,-,-,-,-,-,-,-,-,-,-,-,-,-,-,-,-,-,-,-,-,-,-,-,-,-,-,-,-,-,-,-,-,-,-,-,-,-,-,-,-,-,-,-,-,-,-,-,-,-,-,-,-,-,-,-,1,50,-,-,-,-,-,-,-,-,-,-,-,-,-,-,-,-,-,-,-,-,-,-,-,-,-,-,-,-,1,50,1,50,-,-,-,-,-,-,-,-,-,-,-,-,-,-,-,-,-,-,-,-,-,-,-,-,-,-,-,-,-,-,-,-,-,-,-,-,-,-,-,-,1,1,-,-,-,-,-,-,-,-,-,-,-,-,-,-,-,-,-,-,-,-,-,-,-,-,-,-,-,-,-,-,-,-,-,-,-,-,-,-,-,-,-,-,-,-,-,-,-,-,-,-,-,-,-,-,-,-,-,-,-,-,-,-,-,-,-,-,-,-,1,1,-,-,-,-,-,-,-,-,-,-,-,-,-,-,1,1,-,-,-,-,-,-,-,-,-,-,-,-,-,-,-,-,-,-,-,-
6,13211,1321100905,小平市,小平市上水本町,5丁目,小平市上水本町5丁目,-,-,-,-,-,-,-,-,-,-,-,-,-,-,-,-,-,-,-,-,-,-,-,-,-,-,-,-,-,-,-,-,-,-,-,-,-,-,-,-,-,-,-,-,-,-,-,-,-,-,-,-,-,-,-,-,-,-,-,-,-,-,-,-,-,-,-,-,-,-,-,-,-,-,-,-,-,-,-,-,-,-,-,-,-,-,-,-,-,-,-,-,-,-,-,-,-,-,-,-,-,-,-,-,-,-,-,-,-,-,-,-,-,-,-,-,-,-,-,-,-,-,-,-,-,-,-,-,-,-,-,-,-,-,-,-,-,-,-,-,-,-,-,-,-,-,-,-,-,-,-,-,-,-,-,-,-,-,-,-,-,-,-,-,-,-,-,-,-,-,-,-,-,-,-,-,-,-,-,-,-,-,-,-,-,-,-,-,-,-,-,-,-,-,-,-,-,-,-,-,-,-,-,-,-,-,-,-,-,-,-,-,-,-,-,-,-,-,-,-,-,-,-,-,-,-,-,-,-,-,-,-,-,-,-,-,-,-,-,-,-,-,-,-,-,-,-,-,-,-,-,-,-,-,-,-,-,-,-,-,-,-,-,-,-,-,-,-,-,-,-,-,-,-,-,-,-,-,-,-,-,-,-,-,-,-,-,-,-,-,-,-,-,-,-,-,-,-,-,-,-,-,-,-,-,-,-,-,-,-,-,-,-,-,-,-,-,-,-,-,-,-,-,-,-,-,1,47,-,-,-,-,-,-,-,-,-,-,-,-,-,-,-,-,-,-,-,-,-,-,-,-,-,-,-,-,-,-,-,-,-,-,-,-,-,-,-,-,-,-,-,-,-,-,-,-,-,-,-,-,-,-,-,-,-,-,-,-,-,-,-,-,-,-,-,-,1,47,1,47,-,-,-,-,-,-,-,-,-,-,-,-,-,-,-,-,-,-,-,-,-,-,-,-,-,-,-,-,-,-,-,-,-,-
6,13211,1321100906,小平市,小平市上水本町,6丁目,小平市上水本町6丁目,-,-,-,-,-,-,-,-,-,-,-,-,-,-,-,-,-,-,-,-,-,-,-,-,-,-,-,-,-,-,-,-,-,-,-,-,-,-,-,-,-,-,-,-,-,-,-,-,-,-,-,-,-,-,-,-,-,-,-,-,-,-,-,-,-,-,-,-,-,-,-,-,-,-,-,-,-,-,-,-,-,-,-,-,-,-,-,-,-,-,-,-,-,-,-,-,-,-,-,-,-,-,-,-,-,-,-,-,-,-,-,-,-,-,-,-,-,-,-,-,-,-,-,-,-,-,-,-,-,-,-,-,-,-,-,-,-,-,-,-,-,-,-,-,-,-,-,-,-,-,-,-,-,-,-,-,-,-,-,-,-,-,-,-,-,-,-,-,-,-,-,-,-,-,-,-,-,-,-,-,-,-,-,-,-,-,-,-,-,-,-,-,-,-,-,-,-,-,-,-,-,-,-,-,-,-,-,-,-,-,-,-,-,-,-,-,-,-,-,-,-,-,-,-,-,-,-,-,-,-,-,-,-,-,-,-,-,-,-,-,-,-,-,-,-,-,-,-,-,-,-,-,-,-,-,-,-,-,-,-,-,-,-,-,-,-,-,-,-,-,-,-,-,-,-,-,-,-,-,-,-,-,-,-,-,-,-,-,-,-,-,-,-,-,-,-,-,-,-,-,-,-,-,-,-,-,-,-,-,-,-,-,-,-,-,-,-,-,-,-,-,-,-,-,-,-,2,23,-,-,-,-,-,-,-,-,-,-,-,-,-,-,-,-,-,-,-,-,1,22,1,22,-,-,-,-,-,-,-,-,-,-,-,-,-,-,-,-,-,-,-,-,1,1,-,-,1,1,-,-,-,-,-,-,-,-,-,-,-,-,-,-,-,-,-,-,-,-,-,-,-,-,-,-,-,-,-,-,-,-,-,-,-,-,-,-,-,-,-,-,-,-,-,-,-,-,-,-,-,-,-,-,-,-
5,13211,1321101000,小平市,小平市上水南町,,小平市上水南町,-,-,-,-,-,-,-,-,-,-,-,-,-,-,-,-,-,-,-,-,-,-,-,-,-,-,-,-,-,-,-,-,-,-,-,-,-,-,-,-,-,-,-,-,-,-,-,-,-,-,-,-,-,-,-,-,-,-,-,-,-,-,-,-,-,-,-,-,-,-,-,-,1,1,1,1,-,-,-,-,-,-,1,1,-,-,-,-,-,-,-,-,-,-,-,-,-,-,-,-,-,-,-,-,-,-,-,-,-,-,-,-,-,-,-,-,-,-,-,-,-,-,-,-,-,-,-,-,-,-,-,-,-,-,-,-,-,-,-,-,-,-,-,-,-,-,-,-,-,-,-,-,-,-,-,-,-,-,-,-,-,-,1,5,-,-,-,-,-,-,-,-,-,-,-,-,-,-,1,5,-,-,-,-,1,5,-,-,-,-,-,-,-,-,-,-,-,-,-,-,-,-,-,-,-,-,-,-,-,-,-,-,-,-,-,-,-,-,-,-,-,-,-,-,-,-,-,-,-,-,-,-,-,-,-,-,-,-,-,-,-,-,-,-,-,-,-,-,-,-,-,-,3,23,-,-,-,-,-,-,-,-,-,-,-,-,-,-,-,-,-,-,-,-,-,-,-,-,-,-,-,-,3,23,1,18,-,-,-,-,-,-,-,-,2,5,-,-,-,-,-,-,-,-,-,-,-,-,-,-,-,-,-,-,-,-,-,-,-,-,-,-,-,-,-,-,6,22,-,-,-,-,-,-,-,-,-,-,-,-,-,-,-,-,-,-,-,-,1,6,-,-,-,-,1,6,-,-,-,-,-,-,-,-,-,-,1,8,1,8,-,-,1,3,-,-,-,-,-,-,1,3,-,-,-,-,-,-,-,-,-,-,-,-,-,-,3,5,-,-,-,-,1,2,1,1,-,-,-,-,-,-,-,-,1,2,1,19,1,19,-,-,-,-,-,-,-,-,1,19,-,-,-,-
6,13211,1321101001,小平市,小平市上水南町,1丁目,小平市上水南町1丁目,-,-,-,-,-,-,-,-,-,-,-,-,-,-,-,-,-,-,-,-,-,-,-,-,-,-,-,-,-,-,-,-,-,-,-,-,-,-,-,-,-,-,-,-,-,-,-,-,-,-,-,-,-,-,-,-,-,-,-,-,-,-,-,-,-,-,-,-,-,-,-,-,-,-,-,-,-,-,-,-,-,-,-,-,-,-,-,-,-,-,-,-,-,-,-,-,-,-,-,-,-,-,-,-,-,-,-,-,-,-,-,-,-,-,-,-,-,-,-,-,-,-,-,-,-,-,-,-,-,-,-,-,-,-,-,-,-,-,-,-,-,-,-,-,-,-,-,-,-,-,-,-,-,-,-,-,-,-,-,-,-,-,-,-,-,-,-,-,-,-,-,-,-,-,-,-,-,-,-,-,-,-,-,-,-,-,-,-,-,-,-,-,-,-,-,-,-,-,-,-,-,-,-,-,-,-,-,-,-,-,-,-,-,-,-,-,-,-,-,-,-,-,-,-,-,-,-,-,-,-,-,-,-,-,-,-,-,-,-,-,-,-,-,-,-,-,-,-,-,-,-,-,-,-,-,-,-,-,-,-,-,-,-,-,-,-,-,-,-,-,-,-,-,-,-,-,-,-,-,-,-,-,-,-,-,-,-,-,-,-,-,-,-,-,-,-,-,-,-,-,-,-,-,-,-,-,-,-,-,-,-,-,-,-,-,-,-,-,-,-,-,-,-,-,-,-,1,1,-,-,-,-,-,-,-,-,-,-,-,-,-,-,-,-,-,-,-,-,-,-,-,-,-,-,-,-,-,-,-,-,-,-,-,-,-,-,-,-,-,-,-,-,-,-,-,-,-,-,-,-,-,-,-,-,-,-,-,-,-,-,-,-,-,-,-,-,1,1,-,-,-,-,-,-,1,1,-,-,-,-,-,-,-,-,-,-,-,-,-,-,-,-,-,-,-,-,-,-,-,-,-,-,-,-
6,13211,1321101002,小平市,小平市上水南町,2丁目,小平市上水南町2丁目,-,-,-,-,-,-,-,-,-,-,-,-,-,-,-,-,-,-,-,-,-,-,-,-,-,-,-,-,-,-,-,-,-,-,-,-,-,-,-,-,-,-,-,-,-,-,-,-,-,-,-,-,-,-,-,-,-,-,-,-,-,-,-,-,-,-,-,-,-,-,-,-,-,-,-,-,-,-,-,-,-,-,-,-,-,-,-,-,-,-,-,-,-,-,-,-,-,-,-,-,-,-,-,-,-,-,-,-,-,-,-,-,-,-,-,-,-,-,-,-,-,-,-,-,-,-,-,-,-,-,-,-,-,-,-,-,-,-,-,-,-,-,-,-,-,-,-,-,-,-,-,-,-,-,-,-,-,-,-,-,-,-,1,5,-,-,-,-,-,-,-,-,-,-,-,-,-,-,1,5,-,-,-,-,1,5,-,-,-,-,-,-,-,-,-,-,-,-,-,-,-,-,-,-,-,-,-,-,-,-,-,-,-,-,-,-,-,-,-,-,-,-,-,-,-,-,-,-,-,-,-,-,-,-,-,-,-,-,-,-,-,-,-,-,-,-,-,-,-,-,-,-,2,20,-,-,-,-,-,-,-,-,-,-,-,-,-,-,-,-,-,-,-,-,-,-,-,-,-,-,-,-,2,20,1,18,-,-,-,-,-,-,-,-,1,2,-,-,-,-,-,-,-,-,-,-,-,-,-,-,-,-,-,-,-,-,-,-,-,-,-,-,-,-,-,-,5,21,-,-,-,-,-,-,-,-,-,-,-,-,-,-,-,-,-,-,-,-,1,6,-,-,-,-,1,6,-,-,-,-,-,-,-,-,-,-,1,8,1,8,-,-,1,3,-,-,-,-,-,-,1,3,-,-,-,-,-,-,-,-,-,-,-,-,-,-,2,4,-,-,-,-,1,2,-,-,-,-,-,-,-,-,-,-,1,2,-,-,-,-,-,-,-,-,-,-,-,-,-,-,-,-,-,-
6,13211,1321101003,小平市,小平市上水南町,3丁目,小平市上水南町3丁目,-,-,-,-,-,-,-,-,-,-,-,-,-,-,-,-,-,-,-,-,-,-,-,-,-,-,-,-,-,-,-,-,-,-,-,-,-,-,-,-,-,-,-,-,-,-,-,-,-,-,-,-,-,-,-,-,-,-,-,-,-,-,-,-,-,-,-,-,-,-,-,-,1,1,1,1,-,-,-,-,-,-,1,1,-,-,-,-,-,-,-,-,-,-,-,-,-,-,-,-,-,-,-,-,-,-,-,-,-,-,-,-,-,-,-,-,-,-,-,-,-,-,-,-,-,-,-,-,-,-,-,-,-,-,-,-,-,-,-,-,-,-,-,-,-,-,-,-,-,-,-,-,-,-,-,-,-,-,-,-,-,-,-,-,-,-,-,-,-,-,-,-,-,-,-,-,-,-,-,-,-,-,-,-,-,-,-,-,-,-,-,-,-,-,-,-,-,-,-,-,-,-,-,-,-,-,-,-,-,-,-,-,-,-,-,-,-,-,-,-,-,-,-,-,-,-,-,-,-,-,-,-,-,-,-,-,-,-,-,-,-,-,-,-,-,-,-,-,-,-,-,-,1,3,-,-,-,-,-,-,-,-,-,-,-,-,-,-,-,-,-,-,-,-,-,-,-,-,-,-,-,-,1,3,-,-,-,-,-,-,-,-,-,-,1,3,-,-,-,-,-,-,-,-,-,-,-,-,-,-,-,-,-,-,-,-,-,-,-,-,-,-,-,-,-,-,-,-,-,-,-,-,-,-,-,-,-,-,-,-,-,-,-,-,-,-,-,-,-,-,-,-,-,-,-,-,-,-,-,-,-,-,-,-,-,-,-,-,-,-,-,-,-,-,-,-,-,-,-,-,-,-,-,-,-,-,-,-,-,-,-,-,-,-,-,-,-,-,-,-,-,-,-,-,-,-,-,-,-,-,-,-,-,-,-,-,1,19,1,19,-,-,-,-,-,-,-,-,1,19,-,-,-,-
6,13211,1321101004,小平市,小平市上水南町,4丁目,小平市上水南町4丁目,-,-,-,-,-,-,-,-,-,-,-,-,-,-,-,-,-,-,-,-,-,-,-,-,-,-,-,-,-,-,-,-,-,-,-,-,-,-,-,-,-,-,-,-,-,-,-,-,-,-,-,-,-,-,-,-,-,-,-,-,-,-,-,-,-,-,-,-,-,-,-,-,-,-,-,-,-,-,-,-,-,-,-,-,-,-,-,-,-,-,-,-,-,-,-,-,-,-,-,-,-,-,-,-,-,-,-,-,-,-,-,-,-,-,-,-,-,-,-,-,-,-,-,-,-,-,-,-,-,-,-,-,-,-,-,-,-,-,-,-,-,-,-,-,-,-,-,-,-,-,-,-,-,-,-,-,-,-,-,-,-,-,-,-,-,-,-,-,-,-,-,-,-,-,-,-,-,-,-,-,-,-,-,-,-,-,-,-,-,-,-,-,-,-,-,-,-,-,-,-,-,-,-,-,-,-,-,-,-,-,-,-,-,-,-,-,-,-,-,-,-,-,-,-,-,-,-,-,-,-,-,-,-,-,-,-,-,-,-,-,-,-,-,-,-,-,-,-,-,-,-,-,-,-,-,-,-,-,-,-,-,-,-,-,-,-,-,-,-,-,-,-,-,-,-,-,-,-,-,-,-,-,-,-,-,-,-,-,-,-,-,-,-,-,-,-,-,-,-,-,-,-,-,-,-,-,-,-,-,-,-,-,-,-,-,-,-,-,-,-,-,-,-,-,-,-,-,-,-,-,-,-,-,-,-,-,-,-,-,-,-,-,-,-,-,-,-,-,-,-,-,-,-,-,-,-,-,-,-,-,-,-,-,-,-,-,-,-,-,-,-,-,-,-,-,-,-,-,-,-,-,-,-,-,-,-,-,-,-,-,-,-,-,-,-,-,-,-,-,-,-,-,-,-,-,-,-,-,-,-,-,-,-,-,-,-,-,-,-,-,-,-,-,-,-,-,-,-,-,-,-,-,-,-
5,13211,1321102000,小平市,小平市鈴木町,,小平市鈴木町,-,-,-,-,-,-,-,-,-,-,-,-,-,-,-,-,-,-,-,-,-,-,-,-,-,-,-,-,-,-,-,-,-,-,-,-,1,1,-,-,-,-,-,-,-,-,-,-,-,-,-,-,-,-,1,1,-,-,-,-,-,-,1,1,-,-,-,-,-,-,-,-,3,28,2,26,-,-,-,-,-,-,-,-,2,26,-,-,-,-,-,-,-,-,-,-,-,-,-,-,-,-,-,-,-,-,-,-,-,-,-,-,-,-,1,2,-,-,-,-,-,-,1,2,-,-,3,23,1,5,-,-,-,-,1,5,-,-,-,-,1,14,-,-,1,14,-,-,-,-,-,-,-,-,1,4,-,-,1,4,-,-,1,5,-,-,-,-,-,-,-,-,-,-,-,-,-,-,-,-,-,-,-,-,-,-,-,-,-,-,-,-,-,-,1,5,-,-,-,-,-,-,-,-,-,-,-,-,1,5,-,-,-,-,-,-,-,-,-,-,5,49,-,-,-,-,-,-,2,9,3,40,2,32,1,8,-,-,-,-,-,-,-,-,-,-,-,-,-,-,-,-,15,93,-,-,1,3,1,3,-,-,2,6,2,6,-,-,-,-,1,2,4,25,2,4,1,19,1,2,-,-,7,57,2,28,-,-,-,-,-,-,2,5,2,8,-,-,-,-,1,16,6,24,4,21,1,13,1,4,-,-,2,4,2,3,-,-,-,-,-,-,-,-,-,-,13,116,-,-,-,-,-,-,-,-,-,-,1,2,1,2,-,-,-,-,-,-,4,40,1,18,-,-,3,22,-,-,-,-,-,-,-,-,-,-,3,46,1,10,2,36,1,12,-,-,-,-,1,12,-,-,1,2,1,2,-,-,-,-,-,-,-,-,-,-,3,14,-,-,-,-,2,10,1,4,-,-,-,-,-,-,-,-,-,-,-,-,-,-,-,-,-,-,-,-,-,-,-,-,-,-,-,-
6,13211,1321102001,小平市,小平市鈴木町,1丁目,小平市鈴木町1丁目,-,-,-,-,-,-,-,-,-,-,-,-,-,-,-,-,-,-,-,-,-,-,-,-,-,-,-,-,-,-,-,-,-,-,-,-,1,1,-,-,-,-,-,-,-,-,-,-,-,-,-,-,-,-,1,1,-,-,-,-,-,-,1,1,-,-,-,-,-,-,-,-,2,26,2,26,-,-,-,-,-,-,-,-,2,26,-,-,-,-,-,-,-,-,-,-,-,-,-,-,-,-,-,-,-,-,-,-,-,-,-,-,-,-,-,-,-,-,-,-,-,-,-,-,-,-,3,23,1,5,-,-,-,-,1,5,-,-,-,-,1,14,-,-,1,14,-,-,-,-,-,-,-,-,1,4,-,-,1,4,-,-,1,5,-,-,-,-,-,-,-,-,-,-,-,-,-,-,-,-,-,-,-,-,-,-,-,-,-,-,-,-,-,-,1,5,-,-,-,-,-,-,-,-,-,-,-,-,1,5,-,-,-,-,-,-,-,-,-,-,2,38,-,-,-,-,-,-,-,-,2,38,1,30,1,8,-,-,-,-,-,-,-,-,-,-,-,-,-,-,-,-,8,72,-,-,1,3,1,3,-,-,-,-,-,-,-,-,-,-,1,2,1,19,-,-,1,19,-,-,-,-,5,48,1,22,-,-,-,-,-,-,1,2,2,8,-,-,-,-,1,16,3,16,2,14,1,13,-,-,-,-,1,1,1,2,-,-,-,-,-,-,-,-,-,-,9,100,-,-,-,-,-,-,-,-,-,-,-,-,-,-,-,-,-,-,-,-,4,40,1,18,-,-,3,22,-,-,-,-,-,-,-,-,-,-,3,46,1,10,2,36,1,12,-,-,-,-,1,12,-,-,1,2,1,2,-,-,-,-,-,-,-,-,-,-,-,-,-,-,-,-,-,-,-,-,-,-,-,-,-,-,-,-,-,-,-,-,-,-,-,-,-,-,-,-,-,-,-,-,-,-,-,-
6,13211,1321102002,小平市,小平市鈴木町,2丁目,小平市鈴木町2丁目,-,-,-,-,-,-,-,-,-,-,-,-,-,-,-,-,-,-,-,-,-,-,-,-,-,-,-,-,-,-,-,-,-,-,-,-,-,-,-,-,-,-,-,-,-,-,-,-,-,-,-,-,-,-,-,-,-,-,-,-,-,-,-,-,-,-,-,-,-,-,-,-,1,2,-,-,-,-,-,-,-,-,-,-,-,-,-,-,-,-,-,-,-,-,-,-,-,-,-,-,-,-,-,-,-,-,-,-,-,-,-,-,-,-,1,2,-,-,-,-,-,-,1,2,-,-,-,-,-,-,-,-,-,-,-,-,-,-,-,-,-,-,-,-,-,-,-,-,-,-,-,-,-,-,-,-,-,-,-,-,-,-,-,-,-,-,-,-,-,-,-,-,-,-,-,-,-,-,-,-,-,-,-,-,-,-,-,-,-,-,-,-,-,-,-,-,-,-,-,-,-,-,-,-,-,-,-,-,-,-,-,-,-,-,-,-,-,-,-,-,3,11,-,-,-,-,-,-,2,9,1,2,1,2,-,-,-,-,-,-,-,-,-,-,-,-,-,-,-,-,-,-,7,21,-,-,-,-,-,-,-,-,2,6,2,6,-,-,-,-,-,-,3,6,2,4,-,-,1,2,-,-,2,9,1,6,-,-,-,-,-,-,1,3,-,-,-,-,-,-,-,-,3,8,2,7,-,-,1,4,-,-,1,3,1,1,-,-,-,-,-,-,-,-,-,-,4,16,-,-,-,-,-,-,-,-,-,-,1,2,1,2,-,-,-,-,-,-,-,-,-,-,-,-,-,-,-,-,-,-,-,-,-,-,-,-,-,-,-,-,-,-,-,-,-,-,-,-,-,-,-,-,-,-,-,-,-,-,-,-,-,-,-,-,-,-,3,14,-,-,-,-,2,10,1,4,-,-,-,-,-,-,-,-,-,-,-,-,-,-,-,-,-,-,-,-,-,-,-,-,-,-,-,-
5,13211,1321100300,小平市,小平市たかの台,,小平市たかの台,-,-,-,-,-,-,-,-,-,-,-,-,-,-,-,-,-,-,-,-,-,-,-,-,-,-,-,-,-,-,-,-,-,-,-,-,-,-,-,-,-,-,-,-,-,-,-,-,-,-,-,-,-,-,-,-,-,-,-,-,-,-,-,-,-,-,-,-,-,-,-,-,-,-,-,-,-,-,-,-,-,-,-,-,-,-,-,-,-,-,-,-,-,-,-,-,-,-,-,-,-,-,-,-,-,-,-,-,-,-,-,-,-,-,-,-,-,-,-,-,-,-,-,-,-,-,2,13,-,-,-,-,-,-,-,-,-,-,-,-,-,-,-,-,-,-,-,-,1,9,-,-,1,9,1,4,-,-,-,-,1,4,-,-,-,-,-,-,-,-,-,-,-,-,-,-,-,-,-,-,-,-,-,-,-,-,-,-,-,-,-,-,-,-,-,-,-,-,-,-,-,-,-,-,-,-,-,-,-,-,-,-,-,-,-,-,-,-,-,-,2,2,-,-,-,-,-,-,-,-,1,1,1,1,-,-,1,1,1,1,-,-,-,-,-,-,-,-,-,-,-,-,10,40,1,2,1,2,1,2,-,-,1,8,1,8,-,-,-,-,-,-,4,17,2,8,-,-,2,9,-,-,3,11,-,-,-,-,-,-,-,-,1,3,1,3,-,-,-,-,1,5,2,7,-,-,-,-,-,-,-,-,-,-,1,4,1,3,1,3,-,-,-,-,-,-,14,60,-,-,-,-,-,-,-,-,-,-,1,2,1,2,-,-,-,-,-,-,4,18,-,-,-,-,3,15,1,3,-,-,-,-,-,-,-,-,-,-,-,-,-,-,4,18,1,7,1,1,-,-,2,10,1,4,1,4,-,-,-,-,-,-,-,-,-,-,4,18,-,-,-,-,1,3,-,-,-,-,-,-,-,-,1,1,2,14,-,-,-,-,-,-,-,-,-,-,-,-,-,-,-,-,-,-
5,13211,1321101200,小平市,小平市津田町,,小平市津田町,-,-,-,-,-,-,-,-,-,-,-,-,-,-,-,-,-,-,-,-,-,-,-,-,-,-,-,-,-,-,-,-,-,-,-,-,-,-,-,-,-,-,-,-,-,-,-,-,-,-,-,-,-,-,-,-,-,-,-,-,-,-,-,-,-,-,-,-,-,-,-,-,1,3,1,3,1,3,-,-,-,-,-,-,-,-,-,-,-,-,-,-,-,-,-,-,-,-,-,-,-,-,-,-,-,-,-,-,-,-,-,-,-,-,-,-,-,-,-,-,-,-,-,-,-,-,-,-,-,-,-,-,-,-,-,-,-,-,-,-,-,-,-,-,-,-,-,-,-,-,-,-,-,-,-,-,-,-,-,-,-,-,1,2,1,2,-,-,-,-,-,-,-,-,1,2,-,-,-,-,-,-,-,-,-,-,-,-,-,-,-,-,-,-,-,-,-,-,-,-,-,-,-,-,-,-,-,-,-,-,-,-,-,-,-,-,-,-,-,-,-,-,-,-,-,-,-,-,-,-,-,-,-,-,-,-,-,-,-,-,-,-,-,-,-,-,-,-,-,-,-,-,8,34,-,-,-,-,-,-,-,-,-,-,-,-,-,-,-,-,4,8,2,7,-,-,1,4,1,3,-,-,2,19,1,17,-,-,-,-,-,-,-,-,-,-,1,2,-,-,-,-,3,22,2,20,1,19,-,-,1,1,-,-,-,-,1,2,1,2,-,-,-,-,-,-,4,27,-,-,-,-,-,-,-,-,-,-,-,-,-,-,-,-,-,-,-,-,-,-,-,-,-,-,-,-,-,-,-,-,-,-,-,-,-,-,1,4,-,-,1,4,1,20,1,20,-,-,-,-,-,-,-,-,-,-,-,-,-,-,-,-,-,-,-,-,2,3,-,-,-,-,-,-,-,-,-,-,-,-,-,-,2,3,-,-,-,-,-,-,-,-,-,-,-,-,-,-,-,-,-,-,-,-
6,13211,1321101201,小平市,小平市津田町,1丁目,小平市津田町1丁目,-,-,-,-,-,-,-,-,-,-,-,-,-,-,-,-,-,-,-,-,-,-,-,-,-,-,-,-,-,-,-,-,-,-,-,-,-,-,-,-,-,-,-,-,-,-,-,-,-,-,-,-,-,-,-,-,-,-,-,-,-,-,-,-,-,-,-,-,-,-,-,-,-,-,-,-,-,-,-,-,-,-,-,-,-,-,-,-,-,-,-,-,-,-,-,-,-,-,-,-,-,-,-,-,-,-,-,-,-,-,-,-,-,-,-,-,-,-,-,-,-,-,-,-,-,-,-,-,-,-,-,-,-,-,-,-,-,-,-,-,-,-,-,-,-,-,-,-,-,-,-,-,-,-,-,-,-,-,-,-,-,-,-,-,-,-,-,-,-,-,-,-,-,-,-,-,-,-,-,-,-,-,-,-,-,-,-,-,-,-,-,-,-,-,-,-,-,-,-,-,-,-,-,-,-,-,-,-,-,-,-,-,-,-,-,-,-,-,-,-,-,-,-,-,-,-,-,-,-,-,-,-,-,-,-,-,-,-,-,-,-,-,-,-,-,-,-,-,-,-,-,-,1,4,-,-,-,-,-,-,-,-,-,-,-,-,-,-,-,-,-,-,1,4,-,-,1,4,-,-,-,-,-,-,-,-,-,-,-,-,-,-,-,-,-,-,-,-,-,-,-,-,1,2,-,-,-,-,-,-,-,-,-,-,-,-,1,2,1,2,-,-,-,-,-,-,2,5,-,-,-,-,-,-,-,-,-,-,-,-,-,-,-,-,-,-,-,-,-,-,-,-,-,-,-,-,-,-,-,-,-,-,-,-,-,-,1,4,-,-,1,4,-,-,-,-,-,-,-,-,-,-,-,-,-,-,-,-,-,-,-,-,-,-,-,-,1,1,-,-,-,-,-,-,-,-,-,-,-,-,-,-,1,1,-,-,-,-,-,-,-,-,-,-,-,-,-,-,-,-,-,-,-,-
6,13211,1321101202,小平市,小平市津田町,2丁目,小平市津田町2丁目,-,-,-,-,-,-,-,-,-,-,-,-,-,-,-,-,-,-,-,-,-,-,-,-,-,-,-,-,-,-,-,-,-,-,-,-,-,-,-,-,-,-,-,-,-,-,-,-,-,-,-,-,-,-,-,-,-,-,-,-,-,-,-,-,-,-,-,-,-,-,-,-,-,-,-,-,-,-,-,-,-,-,-,-,-,-,-,-,-,-,-,-,-,-,-,-,-,-,-,-,-,-,-,-,-,-,-,-,-,-,-,-,-,-,-,-,-,-,-,-,-,-,-,-,-,-,-,-,-,-,-,-,-,-,-,-,-,-,-,-,-,-,-,-,-,-,-,-,-,-,-,-,-,-,-,-,-,-,-,-,-,-,1,2,1,2,-,-,-,-,-,-,-,-,1,2,-,-,-,-,-,-,-,-,-,-,-,-,-,-,-,-,-,-,-,-,-,-,-,-,-,-,-,-,-,-,-,-,-,-,-,-,-,-,-,-,-,-,-,-,-,-,-,-,-,-,-,-,-,-,-,-,-,-,-,-,-,-,-,-,-,-,-,-,-,-,-,-,-,-,-,-,1,3,-,-,-,-,-,-,-,-,-,-,-,-,-,-,-,-,1,3,-,-,-,-,-,-,-,-,-,-,-,-,-,-,-,-,-,-,-,-,-,-,-,-,-,-,-,-,-,-,2,20,2,20,1,19,-,-,1,1,-,-,-,-,-,-,-,-,-,-,-,-,-,-,1,20,-,-,-,-,-,-,-,-,-,-,-,-,-,-,-,-,-,-,-,-,-,-,-,-,-,-,-,-,-,-,-,-,-,-,-,-,-,-,-,-,-,-,-,-,1,20,1,20,-,-,-,-,-,-,-,-,-,-,-,-,-,-,-,-,-,-,-,-,-,-,-,-,-,-,-,-,-,-,-,-,-,-,-,-,-,-,-,-,-,-,-,-,-,-,-,-,-,-,-,-,-,-,-,-,-,-
6,13211,1321101203,小平市,小平市津田町,3丁目,小平市津田町3丁目,-,-,-,-,-,-,-,-,-,-,-,-,-,-,-,-,-,-,-,-,-,-,-,-,-,-,-,-,-,-,-,-,-,-,-,-,-,-,-,-,-,-,-,-,-,-,-,-,-,-,-,-,-,-,-,-,-,-,-,-,-,-,-,-,-,-,-,-,-,-,-,-,1,3,1,3,1,3,-,-,-,-,-,-,-,-,-,-,-,-,-,-,-,-,-,-,-,-,-,-,-,-,-,-,-,-,-,-,-,-,-,-,-,-,-,-,-,-,-,-,-,-,-,-,-,-,-,-,-,-,-,-,-,-,-,-,-,-,-,-,-,-,-,-,-,-,-,-,-,-,-,-,-,-,-,-,-,-,-,-,-,-,-,-,-,-,-,-,-,-,-,-,-,-,-,-,-,-,-,-,-,-,-,-,-,-,-,-,-,-,-,-,-,-,-,-,-,-,-,-,-,-,-,-,-,-,-,-,-,-,-,-,-,-,-,-,-,-,-,-,-,-,-,-,-,-,-,-,-,-,-,-,-,-,-,-,-,-,-,-,-,-,-,-,-,-,-,-,-,-,-,-,6,27,-,-,-,-,-,-,-,-,-,-,-,-,-,-,-,-,3,5,1,3,-,-,-,-,1,3,-,-,2,19,1,17,-,-,-,-,-,-,-,-,-,-,1,2,-,-,-,-,-,-,-,-,-,-,-,-,-,-,-,-,-,-,-,-,-,-,-,-,-,-,-,-,1,2,-,-,-,-,-,-,-,-,-,-,-,-,-,-,-,-,-,-,-,-,-,-,-,-,-,-,-,-,-,-,-,-,-,-,-,-,-,-,-,-,-,-,-,-,-,-,-,-,-,-,-,-,-,-,-,-,-,-,-,-,-,-,-,-,-,-,-,-,1,2,-,-,-,-,-,-,-,-,-,-,-,-,-,-,1,2,-,-,-,-,-,-,-,-,-,-,-,-,-,-,-,-,-,-,-,-
5,13211,1321102100,小平市,小平市天神町,,小平市天神町,-,-,-,-,-,-,1,1,-,-,-,-,-,-,-,-,-,-,-,-,-,-,-,-,-,-,1,1,-,-,-,-,-,-,1,1,-,-,-,-,-,-,-,-,-,-,-,-,-,-,-,-,-,-,-,-,-,-,-,-,-,-,-,-,-,-,-,-,-,-,-,-,1,36,1,36,-,-,-,-,-,-,-,-,1,36,-,-,-,-,-,-,-,-,-,-,-,-,-,-,-,-,-,-,-,-,-,-,-,-,-,-,-,-,-,-,-,-,-,-,-,-,-,-,-,-,3,167,-,-,-,-,-,-,-,-,-,-,-,-,-,-,-,-,-,-,-,-,2,153,-,-,2,153,1,14,-,-,-,-,1,14,1,6,1,6,-,-,1,6,-,-,-,-,-,-,-,-,-,-,-,-,-,-,-,-,-,-,-,-,-,-,-,-,-,-,-,-,-,-,-,-,-,-,-,-,-,-,-,-,-,-,-,-,-,-,-,-,-,-,2,15,-,-,-,-,-,-,1,4,1,11,1,11,-,-,-,-,-,-,-,-,-,-,-,-,-,-,-,-,-,-,5,86,1,53,-,-,-,-,-,-,-,-,-,-,-,-,-,-,1,8,1,2,1,2,-,-,-,-,-,-,2,23,1,22,-,-,-,-,-,-,-,-,-,-,-,-,-,-,1,1,5,79,1,2,1,2,-,-,-,-,-,-,-,-,4,77,3,73,-,-,-,-,1,4,8,54,-,-,-,-,-,-,-,-,-,-,2,6,-,-,2,6,-,-,-,-,-,-,-,-,-,-,-,-,-,-,-,-,-,-,-,-,-,-,2,35,1,28,1,7,-,-,-,-,-,-,-,-,-,-,-,-,-,-,-,-,-,-,2,8,-,-,2,8,2,5,-,-,1,2,-,-,-,-,-,-,1,3,-,-,-,-,-,-,2,17,2,17,-,-,-,-,1,15,1,2,-,-,-,-,-,-
6,13211,1321102101,小平市,小平市天神町,1丁目,小平市天神町1丁目,-,-,-,-,-,-,-,-,-,-,-,-,-,-,-,-,-,-,-,-,-,-,-,-,-,-,-,-,-,-,-,-,-,-,-,-,-,-,-,-,-,-,-,-,-,-,-,-,-,-,-,-,-,-,-,-,-,-,-,-,-,-,-,-,-,-,-,-,-,-,-,-,-,-,-,-,-,-,-,-,-,-,-,-,-,-,-,-,-,-,-,-,-,-,-,-,-,-,-,-,-,-,-,-,-,-,-,-,-,-,-,-,-,-,-,-,-,-,-,-,-,-,-,-,-,-,1,14,-,-,-,-,-,-,-,-,-,-,-,-,-,-,-,-,-,-,-,-,-,-,-,-,-,-,1,14,-,-,-,-,1,14,-,-,-,-,-,-,-,-,-,-,-,-,-,-,-,-,-,-,-,-,-,-,-,-,-,-,-,-,-,-,-,-,-,-,-,-,-,-,-,-,-,-,-,-,-,-,-,-,-,-,-,-,-,-,-,-,-,-,1,4,-,-,-,-,-,-,1,4,-,-,-,-,-,-,-,-,-,-,-,-,-,-,-,-,-,-,-,-,-,-,1,8,-,-,-,-,-,-,-,-,-,-,-,-,-,-,-,-,1,8,-,-,-,-,-,-,-,-,-,-,-,-,-,-,-,-,-,-,-,-,-,-,-,-,-,-,-,-,-,-,2,12,-,-,-,-,-,-,-,-,-,-,-,-,2,12,1,8,-,-,-,-,1,4,3,12,-,-,-,-,-,-,-,-,-,-,1,5,-,-,1,5,-,-,-,-,-,-,-,-,-,-,-,-,-,-,-,-,-,-,-,-,-,-,-,-,-,-,-,-,-,-,-,-,-,-,-,-,-,-,-,-,-,-,-,-,-,-,1,4,-,-,1,4,1,3,-,-,-,-,-,-,-,-,-,-,1,3,-,-,-,-,-,-,1,15,1,15,-,-,-,-,1,15,-,-,-,-,-,-,-,-
6,13211,1321102102,小平市,小平市天神町,2丁目,小平市天神町2丁目,-,-,-,-,-,-,-,-,-,-,-,-,-,-,-,-,-,-,-,-,-,-,-,-,-,-,-,-,-,-,-,-,-,-,-,-,-,-,-,-,-,-,-,-,-,-,-,-,-,-,-,-,-,-,-,-,-,-,-,-,-,-,-,-,-,-,-,-,-,-,-,-,-,-,-,-,-,-,-,-,-,-,-,-,-,-,-,-,-,-,-,-,-,-,-,-,-,-,-,-,-,-,-,-,-,-,-,-,-,-,-,-,-,-,-,-,-,-,-,-,-,-,-,-,-,-,-,-,-,-,-,-,-,-,-,-,-,-,-,-,-,-,-,-,-,-,-,-,-,-,-,-,-,-,-,-,-,-,-,-,-,-,-,-,-,-,-,-,-,-,-,-,-,-,-,-,-,-,-,-,-,-,-,-,-,-,-,-,-,-,-,-,-,-,-,-,-,-,-,-,-,-,-,-,-,-,-,-,-,-,-,-,-,-,-,-,-,-,-,-,1,11,-,-,-,-,-,-,-,-,1,11,1,11,-,-,-,-,-,-,-,-,-,-,-,-,-,-,-,-,-,-,2,54,1,53,-,-,-,-,-,-,-,-,-,-,-,-,-,-,-,-,-,-,-,-,-,-,-,-,-,-,1,1,-,-,-,-,-,-,-,-,-,-,-,-,-,-,-,-,1,1,-,-,-,-,-,-,-,-,-,-,-,-,-,-,-,-,-,-,-,-,-,-,-,-,-,-,-,-,-,-,-,-,-,-,-,-,-,-,-,-,-,-,-,-,-,-,-,-,-,-,-,-,-,-,-,-,-,-,-,-,-,-,-,-,-,-,-,-,-,-,-,-,-,-,-,-,-,-,-,-,-,-,-,-,-,-,-,-,-,-,-,-,-,-,-,-,-,-,-,-,-,-,-,-,-,-,-,-,-,-,-,-,-,-,-,-,-,-,-,-,-,-,-,-,-,-,-,-,-,-,-,-
6,13211,1321102103,小平市,小平市天神町,3丁目,小平市天神町3丁目,-,-,-,-,-,-,-,-,-,-,-,-,-,-,-,-,-,-,-,-,-,-,-,-,-,-,-,-,-,-,-,-,-,-,-,-,-,-,-,-,-,-,-,-,-,-,-,-,-,-,-,-,-,-,-,-,-,-,-,-,-,-,-,-,-,-,-,-,-,-,-,-,-,-,-,-,-,-,-,-,-,-,-,-,-,-,-,-,-,-,-,-,-,-,-,-,-,-,-,-,-,-,-,-,-,-,-,-,-,-,-,-,-,-,-,-,-,-,-,-,-,-,-,-,-,-,-,-,-,-,-,-,-,-,-,-,-,-,-,-,-,-,-,-,-,-,-,-,-,-,-,-,-,-,-,-,-,-,-,-,-,-,-,-,-,-,-,-,-,-,-,-,-,-,-,-,-,-,-,-,-,-,-,-,-,-,-,-,-,-,-,-,-,-,-,-,-,-,-,-,-,-,-,-,-,-,-,-,-,-,-,-,-,-,-,-,-,-,-,-,-,-,-,-,-,-,-,-,-,-,-,-,-,-,-,-,-,-,-,-,-,-,-,-,-,-,-,-,-,-,-,-,-,-,-,-,-,-,-,-,-,-,-,-,-,-,-,-,-,-,-,-,-,-,-,-,-,-,-,-,-,-,-,-,-,-,-,-,-,-,-,-,-,-,-,-,-,-,-,-,-,-,1,60,-,-,-,-,-,-,-,-,-,-,-,-,1,60,1,60,-,-,-,-,-,-,-,-,-,-,-,-,-,-,-,-,-,-,-,-,-,-,-,-,-,-,-,-,-,-,-,-,-,-,-,-,-,-,-,-,-,-,-,-,-,-,-,-,-,-,-,-,-,-,-,-,-,-,-,-,-,-,-,-,-,-,-,-,-,-,-,-,-,-,-,-,-,-,-,-,-,-,-,-,-,-,-,-,-,-,-,-,-,-,-,-,-,-,-,-,-,-,-,-,-,-,-,-,-,-,-,-,-,-
6,13211,1321102104,小平市,小平市天神町,4丁目,小平市天神町4丁目,-,-,-,-,-,-,1,1,-,-,-,-,-,-,-,-,-,-,-,-,-,-,-,-,-,-,1,1,-,-,-,-,-,-,1,1,-,-,-,-,-,-,-,-,-,-,-,-,-,-,-,-,-,-,-,-,-,-,-,-,-,-,-,-,-,-,-,-,-,-,-,-,1,36,1,36,-,-,-,-,-,-,-,-,1,36,-,-,-,-,-,-,-,-,-,-,-,-,-,-,-,-,-,-,-,-,-,-,-,-,-,-,-,-,-,-,-,-,-,-,-,-,-,-,-,-,2,153,-,-,-,-,-,-,-,-,-,-,-,-,-,-,-,-,-,-,-,-,2,153,-,-,2,153,-,-,-,-,-,-,-,-,1,6,1,6,-,-,1,6,-,-,-,-,-,-,-,-,-,-,-,-,-,-,-,-,-,-,-,-,-,-,-,-,-,-,-,-,-,-,-,-,-,-,-,-,-,-,-,-,-,-,-,-,-,-,-,-,-,-,-,-,-,-,-,-,-,-,-,-,-,-,-,-,-,-,-,-,-,-,-,-,-,-,-,-,-,-,-,-,-,-,2,24,-,-,-,-,-,-,-,-,-,-,-,-,-,-,-,-,-,-,1,2,1,2,-,-,-,-,-,-,1,22,1,22,-,-,-,-,-,-,-,-,-,-,-,-,-,-,-,-,2,7,1,2,1,2,-,-,-,-,-,-,-,-,1,5,1,5,-,-,-,-,-,-,5,42,-,-,-,-,-,-,-,-,-,-,1,1,-,-,1,1,-,-,-,-,-,-,-,-,-,-,-,-,-,-,-,-,-,-,-,-,-,-,2,35,1,28,1,7,-,-,-,-,-,-,-,-,-,-,-,-,-,-,-,-,-,-,1,4,-,-,1,4,1,2,-,-,1,2,-,-,-,-,-,-,-,-,-,-,-,-,-,-,1,2,1,2,-,-,-,-,-,-,1,2,-,-,-,-,-,-
5,13211,1321100100,小平市,小平市中島町,,小平市中島町,-,-,-,-,-,-,1,2,-,-,-,-,-,-,-,-,-,-,-,-,-,-,-,-,-,-,1,2,-,-,-,-,-,-,1,2,-,-,-,-,-,-,-,-,-,-,-,-,-,-,-,-,-,-,-,-,-,-,-,-,-,-,-,-,-,-,-,-,-,-,-,-,-,-,-,-,-,-,-,-,-,-,-,-,-,-,-,-,-,-,-,-,-,-,-,-,-,-,-,-,-,-,-,-,-,-,-,-,-,-,-,-,-,-,-,-,-,-,-,-,-,-,-,-,-,-,-,-,-,-,-,-,-,-,-,-,-,-,-,-,-,-,-,-,-,-,-,-,-,-,-,-,-,-,-,-,-,-,-,-,-,-,-,-,-,-,-,-,-,-,-,-,-,-,-,-,-,-,-,-,-,-,-,-,-,-,-,-,-,-,-,-,-,-,-,-,-,-,-,-,-,-,-,-,-,-,-,-,-,-,-,-,-,-,-,-,-,-,-,-,1,1,-,-,-,-,-,-,-,-,-,-,-,-,-,-,1,1,1,1,-,-,-,-,-,-,-,-,-,-,-,-,3,24,-,-,-,-,-,-,-,-,-,-,-,-,-,-,-,-,-,-,-,-,-,-,-,-,-,-,-,-,3,24,1,22,-,-,-,-,-,-,-,-,1,1,1,1,-,-,-,-,-,-,-,-,-,-,-,-,-,-,-,-,-,-,-,-,-,-,-,-,-,-,-,-,1,30,-,-,-,-,-,-,-,-,-,-,-,-,-,-,-,-,-,-,-,-,1,30,1,30,-,-,-,-,-,-,-,-,-,-,-,-,-,-,-,-,-,-,-,-,-,-,-,-,-,-,-,-,-,-,-,-,-,-,-,-,-,-,-,-,-,-,-,-,-,-,-,-,-,-,-,-,-,-,-,-,-,-,-,-,-,-,-,-,-,-,-,-,-,-,-,-,-,-,-,-,-,-,-,-,-,-
5,13211,1321101600,小平市,小平市仲町,,小平市仲町,-,-,-,-,-,-,-,-,-,-,-,-,-,-,-,-,-,-,-,-,-,-,-,-,-,-,-,-,-,-,-,-,-,-,-,-,1,2,-,-,-,-,-,-,-,-,-,-,-,-,-,-,-,-,1,2,-,-,-,-,-,-,-,-,-,-,-,-,1,2,-,-,1,2,1,2,1,2,-,-,-,-,-,-,-,-,-,-,-,-,-,-,-,-,-,-,-,-,-,-,-,-,-,-,-,-,-,-,-,-,-,-,-,-,-,-,-,-,-,-,-,-,-,-,-,-,2,13,1,11,-,-,-,-,-,-,-,-,1,11,-,-,-,-,-,-,-,-,-,-,-,-,-,-,1,2,-,-,1,2,-,-,1,1,-,-,-,-,-,-,-,-,-,-,-,-,-,-,-,-,-,-,-,-,-,-,-,-,-,-,-,-,-,-,1,1,-,-,1,1,-,-,-,-,-,-,-,-,-,-,-,-,-,-,-,-,-,-,-,-,1,1,-,-,-,-,-,-,-,-,-,-,-,-,-,-,1,1,1,1,-,-,-,-,-,-,-,-,-,-,-,-,6,51,-,-,-,-,-,-,-,-,-,-,-,-,-,-,-,-,1,2,-,-,-,-,-,-,-,-,-,-,5,49,1,20,1,9,-,-,1,9,1,9,1,2,-,-,-,-,-,-,4,177,-,-,-,-,-,-,-,-,-,-,1,3,3,174,1,25,-,-,-,-,2,149,7,27,-,-,-,-,-,-,-,-,-,-,-,-,-,-,-,-,-,-,-,-,2,10,-,-,-,-,2,10,-,-,1,4,-,-,1,4,-,-,1,4,1,4,-,-,-,-,-,-,-,-,-,-,-,-,1,2,1,2,-,-,-,-,-,-,-,-,-,-,2,7,-,-,-,-,-,-,-,-,-,-,1,5,-,-,-,-,1,2,1,25,1,25,-,-,-,-,1,25,-,-,-,-,-,-,-,-
5,13211,1321102400,小平市,小平市花小金井,,小平市花小金井,-,-,-,-,-,-,-,-,-,-,-,-,-,-,-,-,-,-,-,-,-,-,-,-,-,-,-,-,-,-,-,-,-,-,-,-,9,98,3,56,-,-,-,-,2,54,-,-,1,2,-,-,-,-,6,42,-,-,-,-,-,-,1,2,-,-,1,1,-,-,4,39,3,58,2,30,-,-,-,-,-,-,-,-,2,30,-,-,-,-,-,-,-,-,-,-,-,-,-,-,-,-,-,-,-,-,-,-,-,-,-,-,-,-,1,28,-,-,-,-,-,-,1,28,-,-,9,32,2,3,-,-,-,-,1,2,-,-,1,1,1,3,1,3,-,-,-,-,4,22,1,3,3,19,2,4,1,2,1,2,-,-,1,6,-,-,-,-,-,-,-,-,-,-,-,-,-,-,-,-,-,-,-,-,-,-,-,-,-,-,-,-,-,-,1,6,-,-,-,-,-,-,-,-,-,-,-,-,-,-,-,-,1,6,-,-,-,-,-,-,10,55,3,4,-,-,3,4,-,-,5,30,4,16,1,14,1,2,-,-,1,2,1,19,-,-,-,-,1,19,-,-,26,507,3,309,4,11,4,11,-,-,1,3,1,3,-,-,1,2,3,8,9,90,2,22,3,29,4,39,-,-,5,84,3,71,-,-,-,-,-,-,1,11,-,-,-,-,-,-,1,2,14,152,8,129,3,72,1,3,3,53,1,1,4,9,2,14,2,14,-,-,-,-,-,-,50,457,3,18,-,-,1,1,-,-,2,17,2,6,1,4,-,-,1,2,-,-,18,213,5,77,-,-,11,104,2,32,-,-,-,-,-,-,-,-,2,18,1,16,1,2,7,55,2,15,2,12,2,27,1,1,3,27,2,18,-,-,1,9,1,3,-,-,1,3,14,117,-,-,1,2,1,3,1,1,1,4,3,28,-,-,5,45,2,34,5,69,5,69,-,-,2,16,3,53,-,-,-,-,-,-,-,-
6,13211,1321102401,小平市,小平市花小金井,1丁目,小平市花小金井1丁目,-,-,-,-,-,-,-,-,-,-,-,-,-,-,-,-,-,-,-,-,-,-,-,-,-,-,-,-,-,-,-,-,-,-,-,-,5,35,2,7,-,-,-,-,1,5,-,-,1,2,-,-,-,-,3,28,-,-,-,-,-,-,-,-,-,-,-,-,-,-,3,28,-,-,-,-,-,-,-,-,-,-,-,-,-,-,-,-,-,-,-,-,-,-,-,-,-,-,-,-,-,-,-,-,-,-,-,-,-,-,-,-,-,-,-,-,-,-,-,-,-,-,-,-,-,-,4,21,-,-,-,-,-,-,-,-,-,-,-,-,-,-,-,-,-,-,-,-,3,19,-,-,3,19,1,2,-,-,1,2,-,-,1,6,-,-,-,-,-,-,-,-,-,-,-,-,-,-,-,-,-,-,-,-,-,-,-,-,-,-,-,-,-,-,1,6,-,-,-,-,-,-,-,-,-,-,-,-,-,-,-,-,1,6,-,-,-,-,-,-,4,7,2,3,-,-,2,3,-,-,1,2,1,2,-,-,1,2,-,-,1,2,-,-,-,-,-,-,-,-,-,-,11,246,2,164,1,1,1,1,-,-,-,-,-,-,-,-,1,2,1,2,6,77,1,19,2,23,3,35,-,-,-,-,-,-,-,-,-,-,-,-,-,-,-,-,-,-,-,-,-,-,2,13,-,-,-,-,-,-,-,-,-,-,1,2,1,11,1,11,-,-,-,-,-,-,19,159,1,1,-,-,1,1,-,-,-,-,1,2,-,-,-,-,1,2,-,-,8,93,3,52,-,-,4,39,1,2,-,-,-,-,-,-,-,-,1,2,-,-,1,2,3,28,1,13,-,-,1,14,1,1,-,-,-,-,-,-,-,-,1,3,-,-,1,3,4,30,-,-,1,2,1,3,-,-,1,4,-,-,-,-,-,-,1,21,2,16,2,16,-,-,2,16,-,-,-,-,-,-,-,-,-,-
6,13211,1321102402,小平市,小平市花小金井,2丁目,小平市花小金井2丁目,-,-,-,-,-,-,-,-,-,-,-,-,-,-,-,-,-,-,-,-,-,-,-,-,-,-,-,-,-,-,-,-,-,-,-,-,-,-,-,-,-,-,-,-,-,-,-,-,-,-,-,-,-,-,-,-,-,-,-,-,-,-,-,-,-,-,-,-,-,-,-,-,-,-,-,-,-,-,-,-,-,-,-,-,-,-,-,-,-,-,-,-,-,-,-,-,-,-,-,-,-,-,-,-,-,-,-,-,-,-,-,-,-,-,-,-,-,-,-,-,-,-,-,-,-,-,-,-,-,-,-,-,-,-,-,-,-,-,-,-,-,-,-,-,-,-,-,-,-,-,-,-,-,-,-,-,-,-,-,-,-,-,-,-,-,-,-,-,-,-,-,-,-,-,-,-,-,-,-,-,-,-,-,-,-,-,-,-,-,-,-,-,-,-,-,-,-,-,-,-,-,-,-,-,-,-,-,-,-,-,-,-,-,-,-,-,-,-,-,-,-,-,-,-,-,-,-,-,-,-,-,-,-,-,-,-,-,-,-,-,-,-,-,-,-,-,-,-,-,-,-,-,2,12,-,-,-,-,-,-,-,-,-,-,-,-,-,-,-,-,-,-,1,4,-,-,-,-,1,4,-,-,1,8,1,8,-,-,-,-,-,-,-,-,-,-,-,-,-,-,-,-,-,-,-,-,-,-,-,-,-,-,-,-,-,-,-,-,-,-,-,-,-,-,-,-,3,12,-,-,-,-,-,-,-,-,-,-,1,4,1,4,-,-,-,-,-,-,1,6,-,-,-,-,1,6,-,-,-,-,-,-,-,-,-,-,-,-,-,-,-,-,-,-,-,-,-,-,-,-,-,-,-,-,-,-,-,-,-,-,-,-,-,-,-,-,1,2,-,-,-,-,-,-,-,-,-,-,1,2,-,-,-,-,-,-,-,-,-,-,-,-,-,-,-,-,-,-,-,-,-,-,-,-
6,13211,1321102403,小平市,小平市花小金井,3丁目,小平市花小金井3丁目,-,-,-,-,-,-,-,-,-,-,-,-,-,-,-,-,-,-,-,-,-,-,-,-,-,-,-,-,-,-,-,-,-,-,-,-,1,49,1,49,-,-,-,-,1,49,-,-,-,-,-,-,-,-,-,-,-,-,-,-,-,-,-,-,-,-,-,-,-,-,-,-,2,30,2,30,-,-,-,-,-,-,-,-,2,30,-,-,-,-,-,-,-,-,-,-,-,-,-,-,-,-,-,-,-,-,-,-,-,-,-,-,-,-,-,-,-,-,-,-,-,-,-,-,-,-,1,1,1,1,-,-,-,-,-,-,-,-,1,1,-,-,-,-,-,-,-,-,-,-,-,-,-,-,-,-,-,-,-,-,-,-,-,-,-,-,-,-,-,-,-,-,-,-,-,-,-,-,-,-,-,-,-,-,-,-,-,-,-,-,-,-,-,-,-,-,-,-,-,-,-,-,-,-,-,-,-,-,-,-,-,-,-,-,-,-,-,-,-,-,2,26,-,-,-,-,-,-,-,-,2,26,1,12,1,14,-,-,-,-,-,-,-,-,-,-,-,-,-,-,-,-,1,145,1,145,-,-,-,-,-,-,-,-,-,-,-,-,-,-,-,-,-,-,-,-,-,-,-,-,-,-,-,-,-,-,-,-,-,-,-,-,-,-,-,-,-,-,-,-,-,-,4,83,4,83,2,34,-,-,2,49,-,-,-,-,-,-,-,-,-,-,-,-,-,-,6,83,-,-,-,-,-,-,-,-,-,-,-,-,-,-,-,-,-,-,-,-,2,34,-,-,-,-,1,4,1,30,-,-,-,-,-,-,-,-,1,16,1,16,-,-,-,-,-,-,-,-,-,-,-,-,2,18,2,18,-,-,-,-,-,-,-,-,-,-,1,15,-,-,-,-,-,-,-,-,-,-,-,-,-,-,1,15,-,-,2,35,2,35,-,-,-,-,2,35,-,-,-,-,-,-,-,-
6,13211,1321102404,小平市,小平市花小金井,4丁目,小平市花小金井4丁目,-,-,-,-,-,-,-,-,-,-,-,-,-,-,-,-,-,-,-,-,-,-,-,-,-,-,-,-,-,-,-,-,-,-,-,-,-,-,-,-,-,-,-,-,-,-,-,-,-,-,-,-,-,-,-,-,-,-,-,-,-,-,-,-,-,-,-,-,-,-,-,-,1,28,-,-,-,-,-,-,-,-,-,-,-,-,-,-,-,-,-,-,-,-,-,-,-,-,-,-,-,-,-,-,-,-,-,-,-,-,-,-,-,-,1,28,-,-,-,-,-,-,1,28,-,-,1,2,-,-,-,-,-,-,-,-,-,-,-,-,-,-,-,-,-,-,-,-,-,-,-,-,-,-,1,2,1,2,-,-,-,-,-,-,-,-,-,-,-,-,-,-,-,-,-,-,-,-,-,-,-,-,-,-,-,-,-,-,-,-,-,-,-,-,-,-,-,-,-,-,-,-,-,-,-,-,-,-,-,-,-,-,-,-,-,-,-,-,-,-,2,20,-,-,-,-,-,-,-,-,1,1,1,1,-,-,-,-,-,-,-,-,1,19,-,-,-,-,1,19,-,-,-,-,-,-,-,-,-,-,-,-,-,-,-,-,-,-,-,-,-,-,-,-,-,-,-,-,-,-,-,-,-,-,-,-,-,-,-,-,-,-,-,-,-,-,-,-,-,-,-,-,3,43,2,41,1,38,1,3,-,-,-,-,1,2,-,-,-,-,-,-,-,-,-,-,8,86,2,17,-,-,-,-,-,-,2,17,-,-,-,-,-,-,-,-,-,-,1,16,1,16,-,-,-,-,-,-,-,-,-,-,-,-,-,-,-,-,-,-,-,-,1,13,-,-,-,-,1,13,-,-,-,-,-,-,-,-,-,-,-,-,-,-,-,-,4,40,-,-,-,-,-,-,1,1,-,-,2,26,-,-,-,-,1,13,-,-,-,-,-,-,-,-,-,-,-,-,-,-,-,-,-,-
6,13211,1321102405,小平市,小平市花小金井,5丁目,小平市花小金井5丁目,-,-,-,-,-,-,-,-,-,-,-,-,-,-,-,-,-,-,-,-,-,-,-,-,-,-,-,-,-,-,-,-,-,-,-,-,-,-,-,-,-,-,-,-,-,-,-,-,-,-,-,-,-,-,-,-,-,-,-,-,-,-,-,-,-,-,-,-,-,-,-,-,-,-,-,-,-,-,-,-,-,-,-,-,-,-,-,-,-,-,-,-,-,-,-,-,-,-,-,-,-,-,-,-,-,-,-,-,-,-,-,-,-,-,-,-,-,-,-,-,-,-,-,-,-,-,1,3,-,-,-,-,-,-,-,-,-,-,-,-,1,3,1,3,-,-,-,-,-,-,-,-,-,-,-,-,-,-,-,-,-,-,-,-,-,-,-,-,-,-,-,-,-,-,-,-,-,-,-,-,-,-,-,-,-,-,-,-,-,-,-,-,-,-,-,-,-,-,-,-,-,-,-,-,-,-,-,-,-,-,-,-,-,-,-,-,-,-,-,-,2,2,1,1,-,-,1,1,-,-,1,1,1,1,-,-,-,-,-,-,-,-,-,-,-,-,-,-,-,-,-,-,2,8,-,-,-,-,-,-,-,-,-,-,-,-,-,-,-,-,1,5,1,3,1,3,-,-,-,-,-,-,-,-,-,-,-,-,-,-,-,-,-,-,-,-,-,-,-,-,-,-,3,7,1,1,-,-,-,-,-,-,1,1,1,3,1,3,1,3,-,-,-,-,-,-,6,34,-,-,-,-,-,-,-,-,-,-,-,-,-,-,-,-,-,-,-,-,1,2,-,-,-,-,1,2,-,-,-,-,-,-,-,-,-,-,-,-,-,-,-,-,1,1,-,-,1,1,-,-,-,-,1,9,-,-,-,-,1,9,-,-,-,-,-,-,3,22,-,-,-,-,-,-,-,-,-,-,-,-,-,-,3,22,-,-,-,-,-,-,-,-,-,-,-,-,-,-,-,-,-,-,-,-
6,13211,1321102406,小平市,小平市花小金井,6丁目,小平市花小金井6丁目,-,-,-,-,-,-,-,-,-,-,-,-,-,-,-,-,-,-,-,-,-,-,-,-,-,-,-,-,-,-,-,-,-,-,-,-,-,-,-,-,-,-,-,-,-,-,-,-,-,-,-,-,-,-,-,-,-,-,-,-,-,-,-,-,-,-,-,-,-,-,-,-,-,-,-,-,-,-,-,-,-,-,-,-,-,-,-,-,-,-,-,-,-,-,-,-,-,-,-,-,-,-,-,-,-,-,-,-,-,-,-,-,-,-,-,-,-,-,-,-,-,-,-,-,-,-,1,3,-,-,-,-,-,-,-,-,-,-,-,-,-,-,-,-,-,-,-,-,1,3,1,3,-,-,-,-,-,-,-,-,-,-,-,-,-,-,-,-,-,-,-,-,-,-,-,-,-,-,-,-,-,-,-,-,-,-,-,-,-,-,-,-,-,-,-,-,-,-,-,-,-,-,-,-,-,-,-,-,-,-,-,-,-,-,-,-,-,-,-,-,-,-,-,-,-,-,-,-,-,-,-,-,-,-,-,-,-,-,-,-,-,-,-,-,-,-,-,-,-,-,-,-,7,70,-,-,2,7,2,7,-,-,1,3,1,3,-,-,-,-,-,-,1,6,-,-,1,6,-,-,-,-,3,54,1,41,-,-,-,-,-,-,1,11,-,-,-,-,-,-,1,2,2,6,1,4,-,-,-,-,1,4,-,-,1,2,-,-,-,-,-,-,-,-,-,-,5,38,-,-,-,-,-,-,-,-,-,-,-,-,-,-,-,-,-,-,-,-,2,17,1,9,-,-,1,8,-,-,-,-,-,-,-,-,-,-,-,-,-,-,-,-,2,13,1,2,1,11,-,-,-,-,-,-,-,-,-,-,-,-,-,-,-,-,-,-,1,8,-,-,-,-,-,-,-,-,-,-,-,-,-,-,1,8,-,-,-,-,-,-,-,-,-,-,-,-,-,-,-,-,-,-,-,-
6,13211,1321102407,小平市,小平市花小金井,7丁目,小平市花小金井7丁目,-,-,-,-,-,-,-,-,-,-,-,-,-,-,-,-,-,-,-,-,-,-,-,-,-,-,-,-,-,-,-,-,-,-,-,-,3,14,-,-,-,-,-,-,-,-,-,-,-,-,-,-,-,-,3,14,-,-,-,-,-,-,1,2,-,-,1,1,-,-,1,11,-,-,-,-,-,-,-,-,-,-,-,-,-,-,-,-,-,-,-,-,-,-,-,-,-,-,-,-,-,-,-,-,-,-,-,-,-,-,-,-,-,-,-,-,-,-,-,-,-,-,-,-,-,-,-,-,-,-,-,-,-,-,-,-,-,-,-,-,-,-,-,-,-,-,-,-,-,-,-,-,-,-,-,-,-,-,-,-,-,-,-,-,-,-,-,-,-,-,-,-,-,-,-,-,-,-,-,-,-,-,-,-,-,-,-,-,-,-,-,-,-,-,-,-,-,-,-,-,-,-,-,-,-,-,-,-,-,-,-,-,-,-,-,-,-,-,-,-,-,-,-,-,-,-,-,-,-,-,-,-,-,-,-,-,-,-,-,-,-,-,-,-,-,-,-,-,-,-,-,-,-,-,-,-,-,-,-,-,-,-,-,-,-,-,-,-,-,-,-,-,-,-,-,-,-,-,-,-,-,-,-,-,-,-,-,-,-,-,-,-,-,-,-,-,-,-,-,-,-,-,-,-,-,-,-,-,-,-,-,-,-,-,-,-,-,-,-,-,-,-,-,-,-,-,-,-,-,-,-,-,-,-,-,-,-,-,-,-,-,-,-,-,-,-,-,-,-,-,-,-,-,-,-,-,-,-,-,-,-,-,-,-,-,-,-,-,-,-,-,-,-,-,-,-,-,-,-,-,-,-,-,-,-,-,-,-,-,-,-,-,-,-,-,-,-,-,-,-,-,-,-,-,-,-,-,-,-,-,-,-,-,-,-,-,-,-,-,-,-,-,-,-,-,-,-,-,-,-,-,-,-,-
6,13211,1321102408,小平市,小平市花小金井,8丁目,小平市花小金井8丁目,-,-,-,-,-,-,-,-,-,-,-,-,-,-,-,-,-,-,-,-,-,-,-,-,-,-,-,-,-,-,-,-,-,-,-,-,-,-,-,-,-,-,-,-,-,-,-,-,-,-,-,-,-,-,-,-,-,-,-,-,-,-,-,-,-,-,-,-,-,-,-,-,-,-,-,-,-,-,-,-,-,-,-,-,-,-,-,-,-,-,-,-,-,-,-,-,-,-,-,-,-,-,-,-,-,-,-,-,-,-,-,-,-,-,-,-,-,-,-,-,-,-,-,-,-,-,1,2,1,2,-,-,-,-,1,2,-,-,-,-,-,-,-,-,-,-,-,-,-,-,-,-,-,-,-,-,-,-,-,-,-,-,-,-,-,-,-,-,-,-,-,-,-,-,-,-,-,-,-,-,-,-,-,-,-,-,-,-,-,-,-,-,-,-,-,-,-,-,-,-,-,-,-,-,-,-,-,-,-,-,-,-,-,-,-,-,-,-,-,-,-,-,-,-,-,-,-,-,-,-,-,-,-,-,-,-,-,-,-,-,-,-,-,-,-,-,-,-,-,-,-,-,3,26,-,-,1,3,1,3,-,-,-,-,-,-,-,-,-,-,1,1,-,-,-,-,-,-,-,-,-,-,1,22,1,22,-,-,-,-,-,-,-,-,-,-,-,-,-,-,-,-,-,-,-,-,-,-,-,-,-,-,-,-,-,-,-,-,-,-,-,-,-,-,-,-,3,45,-,-,-,-,-,-,-,-,-,-,-,-,-,-,-,-,-,-,-,-,3,45,-,-,-,-,3,45,-,-,-,-,-,-,-,-,-,-,-,-,-,-,-,-,-,-,-,-,-,-,-,-,-,-,-,-,-,-,-,-,-,-,-,-,-,-,-,-,-,-,-,-,-,-,-,-,-,-,-,-,-,-,-,-,-,-,-,-,1,18,1,18,-,-,-,-,1,18,-,-,-,-,-,-,-,-
5,13211,1321102300,小平市,小平市花小金井南町,,小平市花小金井南町,-,-,-,-,-,-,-,-,-,-,-,-,-,-,-,-,-,-,-,-,-,-,-,-,-,-,-,-,-,-,-,-,-,-,-,-,1,1,-,-,-,-,-,-,-,-,-,-,-,-,-,-,-,-,1,1,-,-,-,-,-,-,1,1,-,-,-,-,-,-,-,-,-,-,-,-,-,-,-,-,-,-,-,-,-,-,-,-,-,-,-,-,-,-,-,-,-,-,-,-,-,-,-,-,-,-,-,-,-,-,-,-,-,-,-,-,-,-,-,-,-,-,-,-,-,-,2,6,2,6,-,-,1,3,-,-,1,3,-,-,-,-,-,-,-,-,-,-,-,-,-,-,-,-,-,-,-,-,-,-,-,-,2,6,-,-,-,-,-,-,-,-,-,-,-,-,-,-,2,6,-,-,-,-,2,6,-,-,-,-,-,-,-,-,-,-,-,-,-,-,-,-,-,-,-,-,-,-,-,-,-,-,-,-,-,-,-,-,-,-,5,16,-,-,-,-,-,-,1,11,4,5,4,5,-,-,-,-,-,-,-,-,-,-,-,-,-,-,-,-,-,-,12,146,-,-,-,-,-,-,-,-,-,-,-,-,-,-,-,-,-,-,2,10,1,8,-,-,1,2,-,-,10,136,3,73,-,-,1,2,-,-,2,4,1,5,1,3,-,-,2,49,2,6,-,-,-,-,-,-,-,-,-,-,1,1,1,5,1,5,-,-,-,-,-,-,8,46,1,14,-,-,-,-,1,14,-,-,1,2,1,2,-,-,-,-,-,-,2,16,-,-,-,-,2,16,-,-,-,-,-,-,-,-,-,-,-,-,-,-,-,-,1,9,-,-,-,-,1,9,-,-,1,1,-,-,-,-,1,1,1,2,-,-,1,2,1,2,-,-,-,-,1,2,-,-,-,-,-,-,-,-,-,-,-,-,-,-,-,-,-,-,-,-,-,-,-,-,-,-,-,-,-,-
6,13211,1321102301,小平市,小平市花小金井南町,1丁目,小平市花小金井南町1丁目,-,-,-,-,-,-,-,-,-,-,-,-,-,-,-,-,-,-,-,-,-,-,-,-,-,-,-,-,-,-,-,-,-,-,-,-,-,-,-,-,-,-,-,-,-,-,-,-,-,-,-,-,-,-,-,-,-,-,-,-,-,-,-,-,-,-,-,-,-,-,-,-,-,-,-,-,-,-,-,-,-,-,-,-,-,-,-,-,-,-,-,-,-,-,-,-,-,-,-,-,-,-,-,-,-,-,-,-,-,-,-,-,-,-,-,-,-,-,-,-,-,-,-,-,-,-,1,3,1,3,-,-,1,3,-,-,-,-,-,-,-,-,-,-,-,-,-,-,-,-,-,-,-,-,-,-,-,-,-,-,-,-,2,6,-,-,-,-,-,-,-,-,-,-,-,-,-,-,2,6,-,-,-,-,2,6,-,-,-,-,-,-,-,-,-,-,-,-,-,-,-,-,-,-,-,-,-,-,-,-,-,-,-,-,-,-,-,-,-,-,4,15,-,-,-,-,-,-,1,11,3,4,3,4,-,-,-,-,-,-,-,-,-,-,-,-,-,-,-,-,-,-,9,111,-,-,-,-,-,-,-,-,-,-,-,-,-,-,-,-,-,-,2,10,1,8,-,-,1,2,-,-,7,101,2,43,-,-,-,-,-,-,2,4,1,5,-,-,-,-,2,49,1,5,-,-,-,-,-,-,-,-,-,-,-,-,1,5,1,5,-,-,-,-,-,-,6,43,1,14,-,-,-,-,1,14,-,-,1,2,1,2,-,-,-,-,-,-,2,16,-,-,-,-,2,16,-,-,-,-,-,-,-,-,-,-,-,-,-,-,-,-,1,9,-,-,-,-,1,9,-,-,-,-,-,-,-,-,-,-,-,-,-,-,-,-,1,2,-,-,-,-,1,2,-,-,-,-,-,-,-,-,-,-,-,-,-,-,-,-,-,-,-,-,-,-,-,-,-,-,-,-,-,-
6,13211,1321102302,小平市,小平市花小金井南町,2丁目,小平市花小金井南町2丁目,-,-,-,-,-,-,-,-,-,-,-,-,-,-,-,-,-,-,-,-,-,-,-,-,-,-,-,-,-,-,-,-,-,-,-,-,1,1,-,-,-,-,-,-,-,-,-,-,-,-,-,-,-,-,1,1,-,-,-,-,-,-,1,1,-,-,-,-,-,-,-,-,-,-,-,-,-,-,-,-,-,-,-,-,-,-,-,-,-,-,-,-,-,-,-,-,-,-,-,-,-,-,-,-,-,-,-,-,-,-,-,-,-,-,-,-,-,-,-,-,-,-,-,-,-,-,1,3,1,3,-,-,-,-,-,-,1,3,-,-,-,-,-,-,-,-,-,-,-,-,-,-,-,-,-,-,-,-,-,-,-,-,-,-,-,-,-,-,-,-,-,-,-,-,-,-,-,-,-,-,-,-,-,-,-,-,-,-,-,-,-,-,-,-,-,-,-,-,-,-,-,-,-,-,-,-,-,-,-,-,-,-,-,-,-,-,-,-,-,-,1,1,-,-,-,-,-,-,-,-,1,1,1,1,-,-,-,-,-,-,-,-,-,-,-,-,-,-,-,-,-,-,1,3,-,-,-,-,-,-,-,-,-,-,-,-,-,-,-,-,-,-,-,-,-,-,-,-,-,-,-,-,1,3,-,-,-,-,-,-,-,-,-,-,-,-,1,3,-,-,-,-,1,1,-,-,-,-,-,-,-,-,-,-,1,1,-,-,-,-,-,-,-,-,-,-,1,2,-,-,-,-,-,-,-,-,-,-,-,-,-,-,-,-,-,-,-,-,-,-,-,-,-,-,-,-,-,-,-,-,-,-,-,-,-,-,-,-,-,-,-,-,-,-,-,-,-,-,-,-,-,-,-,-,-,-,-,-,-,-,1,2,-,-,1,2,-,-,-,-,-,-,-,-,-,-,-,-,-,-,-,-,-,-,-,-,-,-,-,-,-,-,-,-,-,-,-,-,-,-,-,-,-,-
6,13211,1321102303,小平市,小平市花小金井南町,3丁目,小平市花小金井南町3丁目,-,-,-,-,-,-,-,-,-,-,-,-,-,-,-,-,-,-,-,-,-,-,-,-,-,-,-,-,-,-,-,-,-,-,-,-,-,-,-,-,-,-,-,-,-,-,-,-,-,-,-,-,-,-,-,-,-,-,-,-,-,-,-,-,-,-,-,-,-,-,-,-,-,-,-,-,-,-,-,-,-,-,-,-,-,-,-,-,-,-,-,-,-,-,-,-,-,-,-,-,-,-,-,-,-,-,-,-,-,-,-,-,-,-,-,-,-,-,-,-,-,-,-,-,-,-,-,-,-,-,-,-,-,-,-,-,-,-,-,-,-,-,-,-,-,-,-,-,-,-,-,-,-,-,-,-,-,-,-,-,-,-,-,-,-,-,-,-,-,-,-,-,-,-,-,-,-,-,-,-,-,-,-,-,-,-,-,-,-,-,-,-,-,-,-,-,-,-,-,-,-,-,-,-,-,-,-,-,-,-,-,-,-,-,-,-,-,-,-,-,-,-,-,-,-,-,-,-,-,-,-,-,-,-,-,-,-,-,-,-,-,-,-,-,-,-,-,-,-,-,-,-,2,32,-,-,-,-,-,-,-,-,-,-,-,-,-,-,-,-,-,-,-,-,-,-,-,-,-,-,-,-,2,32,1,30,-,-,1,2,-,-,-,-,-,-,-,-,-,-,-,-,-,-,-,-,-,-,-,-,-,-,-,-,-,-,-,-,-,-,-,-,-,-,-,-,1,1,-,-,-,-,-,-,-,-,-,-,-,-,-,-,-,-,-,-,-,-,-,-,-,-,-,-,-,-,-,-,-,-,-,-,-,-,-,-,-,-,-,-,-,-,-,-,-,-,-,-,-,-,-,-,1,1,-,-,-,-,1,1,-,-,-,-,-,-,-,-,-,-,-,-,-,-,-,-,-,-,-,-,-,-,-,-,-,-,-,-,-,-,-,-,-,-,-,-,-,-,-,-,-,-,-,-
5,13211,1321101700,小平市,小平市美園町,,小平市美園町,-,-,-,-,-,-,-,-,-,-,-,-,-,-,-,-,-,-,-,-,-,-,-,-,-,-,-,-,-,-,-,-,-,-,-,-,3,27,1,6,-,-,-,-,-,-,-,-,1,6,-,-,-,-,2,21,-,-,-,-,-,-,-,-,-,-,-,-,-,-,2,21,1,2,1,2,1,2,-,-,-,-,-,-,-,-,-,-,-,-,-,-,-,-,-,-,-,-,-,-,-,-,-,-,-,-,-,-,-,-,-,-,-,-,-,-,-,-,-,-,-,-,-,-,-,-,-,-,-,-,-,-,-,-,-,-,-,-,-,-,-,-,-,-,-,-,-,-,-,-,-,-,-,-,-,-,-,-,-,-,-,-,2,4,-,-,-,-,-,-,-,-,-,-,-,-,-,-,1,1,-,-,-,-,1,1,-,-,-,-,-,-,-,-,1,3,-,-,-,-,-,-,-,-,-,-,-,-,-,-,-,-,1,3,-,-,-,-,-,-,3,6,1,2,1,2,-,-,-,-,2,4,2,4,-,-,-,-,-,-,-,-,-,-,-,-,-,-,-,-,-,-,16,222,3,117,1,7,1,7,-,-,-,-,-,-,-,-,1,1,1,2,4,32,1,6,2,9,1,17,-,-,6,63,3,56,-,-,1,2,1,3,-,-,-,-,-,-,-,-,1,2,3,9,-,-,-,-,-,-,-,-,-,-,1,5,2,4,2,4,-,-,-,-,-,-,26,186,-,-,-,-,-,-,-,-,-,-,-,-,-,-,-,-,-,-,-,-,7,59,1,13,-,-,5,41,1,5,-,-,-,-,-,-,-,-,-,-,-,-,-,-,1,4,-,-,-,-,1,4,-,-,2,3,-,-,-,-,2,3,2,5,-,-,2,5,14,115,-,-,-,-,3,15,1,6,1,4,-,-,-,-,-,-,9,90,-,-,-,-,-,-,-,-,-,-,-,-,-,-,-,-,-,-
6,13211,1321101701,小平市,小平市美園町,1丁目,小平市美園町1丁目,-,-,-,-,-,-,-,-,-,-,-,-,-,-,-,-,-,-,-,-,-,-,-,-,-,-,-,-,-,-,-,-,-,-,-,-,2,22,1,6,-,-,-,-,-,-,-,-,1,6,-,-,-,-,1,16,-,-,-,-,-,-,-,-,-,-,-,-,-,-,1,16,-,-,-,-,-,-,-,-,-,-,-,-,-,-,-,-,-,-,-,-,-,-,-,-,-,-,-,-,-,-,-,-,-,-,-,-,-,-,-,-,-,-,-,-,-,-,-,-,-,-,-,-,-,-,-,-,-,-,-,-,-,-,-,-,-,-,-,-,-,-,-,-,-,-,-,-,-,-,-,-,-,-,-,-,-,-,-,-,-,-,1,1,-,-,-,-,-,-,-,-,-,-,-,-,-,-,1,1,-,-,-,-,1,1,-,-,-,-,-,-,-,-,-,-,-,-,-,-,-,-,-,-,-,-,-,-,-,-,-,-,-,-,-,-,-,-,-,-,3,6,1,2,1,2,-,-,-,-,2,4,2,4,-,-,-,-,-,-,-,-,-,-,-,-,-,-,-,-,-,-,11,176,2,110,1,7,1,7,-,-,-,-,-,-,-,-,1,1,1,2,3,28,1,6,1,5,1,17,-,-,3,28,1,23,-,-,-,-,1,3,-,-,-,-,-,-,-,-,1,2,1,5,-,-,-,-,-,-,-,-,-,-,1,5,-,-,-,-,-,-,-,-,-,-,14,104,-,-,-,-,-,-,-,-,-,-,-,-,-,-,-,-,-,-,-,-,5,46,1,13,-,-,3,28,1,5,-,-,-,-,-,-,-,-,-,-,-,-,-,-,1,4,-,-,-,-,1,4,-,-,1,2,-,-,-,-,1,2,1,3,-,-,1,3,6,49,-,-,-,-,2,11,-,-,1,4,-,-,-,-,-,-,3,34,-,-,-,-,-,-,-,-,-,-,-,-,-,-,-,-,-,-
6,13211,1321101702,小平市,小平市美園町,2丁目,小平市美園町2丁目,-,-,-,-,-,-,-,-,-,-,-,-,-,-,-,-,-,-,-,-,-,-,-,-,-,-,-,-,-,-,-,-,-,-,-,-,1,5,-,-,-,-,-,-,-,-,-,-,-,-,-,-,-,-,1,5,-,-,-,-,-,-,-,-,-,-,-,-,-,-,1,5,1,2,1,2,1,2,-,-,-,-,-,-,-,-,-,-,-,-,-,-,-,-,-,-,-,-,-,-,-,-,-,-,-,-,-,-,-,-,-,-,-,-,-,-,-,-,-,-,-,-,-,-,-,-,-,-,-,-,-,-,-,-,-,-,-,-,-,-,-,-,-,-,-,-,-,-,-,-,-,-,-,-,-,-,-,-,-,-,-,-,-,-,-,-,-,-,-,-,-,-,-,-,-,-,-,-,-,-,-,-,-,-,-,-,-,-,-,-,-,-,-,-,-,-,-,-,-,-,-,-,-,-,-,-,-,-,-,-,-,-,-,-,-,-,-,-,-,-,-,-,-,-,-,-,-,-,-,-,-,-,-,-,-,-,-,-,-,-,-,-,-,-,-,-,-,-,-,-,-,-,3,40,1,7,-,-,-,-,-,-,-,-,-,-,-,-,-,-,-,-,-,-,-,-,-,-,-,-,-,-,2,33,2,33,-,-,-,-,-,-,-,-,-,-,-,-,-,-,-,-,2,4,-,-,-,-,-,-,-,-,-,-,-,-,2,4,2,4,-,-,-,-,-,-,8,45,-,-,-,-,-,-,-,-,-,-,-,-,-,-,-,-,-,-,-,-,-,-,-,-,-,-,-,-,-,-,-,-,-,-,-,-,-,-,-,-,-,-,-,-,-,-,-,-,-,-,-,-,-,-,1,1,-,-,-,-,1,1,1,2,-,-,1,2,6,42,-,-,-,-,1,4,1,6,-,-,-,-,-,-,-,-,4,32,-,-,-,-,-,-,-,-,-,-,-,-,-,-,-,-,-,-
6,13211,1321101703,小平市,小平市美園町,3丁目,小平市美園町3丁目,-,-,-,-,-,-,-,-,-,-,-,-,-,-,-,-,-,-,-,-,-,-,-,-,-,-,-,-,-,-,-,-,-,-,-,-,-,-,-,-,-,-,-,-,-,-,-,-,-,-,-,-,-,-,-,-,-,-,-,-,-,-,-,-,-,-,-,-,-,-,-,-,-,-,-,-,-,-,-,-,-,-,-,-,-,-,-,-,-,-,-,-,-,-,-,-,-,-,-,-,-,-,-,-,-,-,-,-,-,-,-,-,-,-,-,-,-,-,-,-,-,-,-,-,-,-,-,-,-,-,-,-,-,-,-,-,-,-,-,-,-,-,-,-,-,-,-,-,-,-,-,-,-,-,-,-,-,-,-,-,-,-,1,3,-,-,-,-,-,-,-,-,-,-,-,-,-,-,-,-,-,-,-,-,-,-,-,-,-,-,-,-,-,-,1,3,-,-,-,-,-,-,-,-,-,-,-,-,-,-,-,-,1,3,-,-,-,-,-,-,-,-,-,-,-,-,-,-,-,-,-,-,-,-,-,-,-,-,-,-,-,-,-,-,-,-,-,-,-,-,-,-,2,6,-,-,-,-,-,-,-,-,-,-,-,-,-,-,-,-,-,-,1,4,-,-,1,4,-,-,-,-,1,2,-,-,-,-,1,2,-,-,-,-,-,-,-,-,-,-,-,-,-,-,-,-,-,-,-,-,-,-,-,-,-,-,-,-,-,-,-,-,-,-,-,-,4,37,-,-,-,-,-,-,-,-,-,-,-,-,-,-,-,-,-,-,-,-,2,13,-,-,-,-,2,13,-,-,-,-,-,-,-,-,-,-,-,-,-,-,-,-,-,-,-,-,-,-,-,-,-,-,-,-,-,-,-,-,-,-,-,-,-,-,-,-,2,24,-,-,-,-,-,-,-,-,-,-,-,-,-,-,-,-,2,24,-,-,-,-,-,-,-,-,-,-,-,-,-,-,-,-,-,-
5,13211,1321101900,小平市,小平市御幸町,,小平市御幸町,-,-,-,-,-,-,-,-,-,-,-,-,-,-,-,-,-,-,-,-,-,-,-,-,-,-,-,-,-,-,-,-,-,-,-,-,-,-,-,-,-,-,-,-,-,-,-,-,-,-,-,-,-,-,-,-,-,-,-,-,-,-,-,-,-,-,-,-,-,-,-,-,-,-,-,-,-,-,-,-,-,-,-,-,-,-,-,-,-,-,-,-,-,-,-,-,-,-,-,-,-,-,-,-,-,-,-,-,-,-,-,-,-,-,-,-,-,-,-,-,-,-,-,-,-,-,1,3,-,-,-,-,-,-,-,-,-,-,-,-,1,3,1,3,-,-,-,-,-,-,-,-,-,-,-,-,-,-,-,-,-,-,2,36,-,-,-,-,-,-,-,-,-,-,-,-,-,-,1,34,1,34,-,-,-,-,-,-,-,-,-,-,-,-,1,2,-,-,-,-,-,-,-,-,-,-,-,-,-,-,-,-,1,2,-,-,-,-,-,-,-,-,-,-,-,-,-,-,-,-,-,-,-,-,-,-,-,-,-,-,-,-,-,-,-,-,-,-,-,-,-,-,2,6,-,-,-,-,-,-,-,-,-,-,-,-,-,-,-,-,1,2,1,4,-,-,1,4,-,-,-,-,-,-,-,-,-,-,-,-,-,-,-,-,-,-,-,-,-,-,-,-,1,9,1,9,1,9,-,-,-,-,-,-,-,-,-,-,-,-,-,-,-,-,-,-,1,3,-,-,-,-,-,-,-,-,-,-,-,-,-,-,-,-,-,-,-,-,-,-,-,-,-,-,-,-,-,-,-,-,-,-,-,-,-,-,-,-,-,-,-,-,-,-,-,-,-,-,-,-,-,-,1,3,1,3,-,-,-,-,-,-,-,-,-,-,-,-,-,-,-,-,-,-,-,-,-,-,-,-,-,-,-,-,-,-,-,-,-,-,-,-,-,-,-,-,-,-,-,-,-,-,-,-
5,13211,1321101800,小平市,小平市回田町,,小平市回田町,-,-,-,-,-,-,-,-,-,-,-,-,-,-,-,-,-,-,-,-,-,-,-,-,-,-,-,-,-,-,-,-,-,-,-,-,-,-,-,-,-,-,-,-,-,-,-,-,-,-,-,-,-,-,-,-,-,-,-,-,-,-,-,-,-,-,-,-,-,-,-,-,2,18,2,18,1,9,-,-,-,-,-,-,1,9,-,-,-,-,-,-,-,-,-,-,-,-,-,-,-,-,-,-,-,-,-,-,-,-,-,-,-,-,-,-,-,-,-,-,-,-,-,-,-,-,1,7,-,-,-,-,-,-,-,-,-,-,-,-,-,-,-,-,-,-,-,-,1,7,-,-,1,7,-,-,-,-,-,-,-,-,-,-,-,-,-,-,-,-,-,-,-,-,-,-,-,-,-,-,-,-,-,-,-,-,-,-,-,-,-,-,-,-,-,-,-,-,-,-,-,-,-,-,-,-,-,-,-,-,-,-,-,-,-,-,-,-,-,-,-,-,-,-,-,-,-,-,-,-,-,-,-,-,-,-,-,-,-,-,-,-,-,-,-,-,-,-,-,-,-,-,6,292,3,230,-,-,-,-,-,-,-,-,-,-,-,-,-,-,-,-,-,-,-,-,-,-,-,-,-,-,3,62,2,38,-,-,-,-,-,-,-,-,-,-,-,-,-,-,1,24,2,16,-,-,-,-,-,-,-,-,-,-,2,16,-,-,-,-,-,-,-,-,-,-,3,72,-,-,-,-,-,-,-,-,-,-,-,-,-,-,-,-,-,-,-,-,1,27,1,27,-,-,-,-,-,-,-,-,-,-,-,-,-,-,1,20,1,20,-,-,1,25,-,-,-,-,1,25,-,-,-,-,-,-,-,-,-,-,-,-,-,-,-,-,-,-,-,-,-,-,-,-,-,-,-,-,-,-,-,-,-,-,-,-,-,-,-,-,-,-,-,-,-,-,-,-,-,-,-,-,-,-
,,,,,,,,,,,,,,,,,,,,,,,,,,,,,,,,,,,,,,,,,,,,,,,,,,,,,,,,,,,,,,,,,,,,,,,,,,,,,,,,,,,,,,,,,,,,,,,,,,,,,,,,,,,,,,,,,,,,,,,,,,,,,,,,,,,,,,,,,,,,,,,,,,,,,,,,,,,,,,,,,,,,,,,,,,,,,,,,,,,,,,,,,,,,,,,,,,,,,,,,,,,,,,,,,,,,,,,,,,,,,,,,,,,,,,,,,,,,,,,,,,,,,,,,,,,,,,,,,,,,,,,,,,,,,,,,,,,,,,,,,,,,,,,,,,,,,,,,,,,,,,,,,,,,,,,,,,,,,,,,,,,,,,,,,,,,,,,,,,,,,,,,,,,,,,,,,,,,,,,,,,,,,,,,,,,,,,,,,,,,,,,,,,,,,,,,,,,,,,,,,,,,,,,,,,,,,,,,,,,,,,,,,,,,,,,,,,,,,,,,
平成26年商業統計調査報告（町丁目別集計）,,,,,,,,,,,,,,,,,,,,,,,,,,,,,,,,,,,,,,,,,,,,,,,,,,,,,,,,,,,,,,,,,,,,,,,,,,,,,,,,,,,,,,,,,,,,,,,,,,,,,,,,,,,,,,,,,,,,,,,,,,,,,,,,,,,,,,,,,,,,,,,,,,,,,,,,,,,,,,,,,,,,,,,,,,,,,,,,,,,,,,,,,,,,,,,,,,,,,,,,,,,,,,,,,,,,,,,,,,,,,,,,,,,,,,,,,,,,,,,,,,,,,,,,,,,,,,,,,,,,,,,,,,,,,,,,,,,,,,,,,,,,,,,,,,,,,,,,,,,,,,,,,,,,,,,,,,,,,,,,,,,,,,,,,,,,,,,,,,,,,,,,,,,,,,,,,,,,,,,,,,,,,,,,,,,,,,,,,,,,,,,,,,,,,,,,,,,,,,,,,,,,,,,,,,,,,,,,,,,,,,,,,,,,,,,,,,,,,,,,
第２表　町丁目、産業細分類別　事業所数及び従業者数,,,,,,,,,,,,,,,,,,,,,,,,,,,,,,,,,,,,,,,,,,,,,,,,,,,,,,,,,,,,,,,,,,,,,,,,,,,,,,,,,,,,,,,,,,,,,,,,,,,,,,,,,,,,,,,,,,,,,,,,,,,,,,,,,,,,,,,,,,,,,,,,,,,,,,,,,,,,,,,,,,,,,,,,,,,,,,,,,,,,,,,,,,,,,,,,,,,,,,,,,,,,,,,,,,,,,,,,,,,,,,,,,,,,,,,,,,,,,,,,,,,,,,,,,,,,,,,,,,,,,,,,,,,,,,,,,,,,,,,,,,,,,,,,,,,,,,,,,,,,,,,,,,,,,,,,,,,,,,,,,,,,,,,,,,,,,,,,,,,,,,,,,,,,,,,,,,,,,,,,,,,,,,,,,,,,,,,,,,,,,,,,,,,,,,,,,,,,,,,,,,,,,,,,,,,,,,,,,,,,,,,,,,,,,,,,,,,,,,,,
地域階層（4:区市町村　5:町・大字　6:丁目・字）,,,,,,,,,,,,,,,,,,,,,,,,,,,,,,,,,,,,,,,,,,,,,,,,,,,,,,,,,,,,,,,,,,,,,,,,,,,,,,,,,,,,,,,,,,,,,,,,,,,,,,,,,,,,,,,,,,,,,,,,,,,,,,,,,,,,,,,,,,,,,,,,,,,,,,,,,,,,,,,,,,,,,,,,,,,,,,,,,,,,,,,,,,,,,,,,,,,,,,,,,,,,,,,,,,,,,,,,,,,,,,,,,,,,,,,,,,,,,,,,,,,,,,,,,,,,,,,,,,,,,,,,,,,,,,,,,,,,,,,,,,,,,,,,,,,,,,,,,,,,,,,,,,,,,,,,,,,,,,,,,,,,,,,,,,,,,,,,,,,,,,,,,,,,,,,,,,,,,,,,,,,,,,,,,,,,,,,,,,,,,,,,,,,,,,,,,,,,,,,,,,,,,,,,,,,,,,,,,,,,,,,,,,,,,,,,,,,,,,,,
