コード,県,ブロック,郡市,区町村,国籍区分,性別,年齢区分,内容,期間,増減数,出生,死亡,転入（県内）,転入（北海道・東北）,転入（北関東）,転入（南関東）,転入（北陸・東山）,転入（東海）,転入（近畿）,転入（中国）,転入（四国）,転入（九州）,転入（国外）,転入（不詳）,転出（県内）,転出（北海道・東北）,転出（北関東）,転出（南関東）,転出（北陸・東山）,転出（東海）,転出（近畿）,転出（中国）,転出（四国）,転出（九州）,転出（国外）,転出（不詳）,その他の増減
23000,愛知県,―,―,―,a)日外他,a)男女,a)総数,人口増減数（人）,20220101-31,-4144,4776,-7994,15036,397,273,1851,551,2462,1220,323,167,641,1544,22,-15618,-275,-265,-2400,-419,-2118,-1174,-213,-129,-655,-1767,-9,-371
23100,愛知県,名古屋,名古屋市,―,a)日外他,a)男女,a)総数,人口増減数（人）,20220101-31,-1285,1521,-2541,6422,153,62,862,206,855,526,116,65,223,367,-,-6348,-119,-81,-1152,-145,-741,-571,-78,-59,-266,-379,-,-183
23101,愛知県,名古屋,名古屋市,千種区,a)日外他,a)男女,a)総数,人口増減数（人）,20220101-31,-129,94,-170,397,19,7,111,9,58,59,5,6,26,36,-,-430,-14,-8,-138,-12,-50,-49,-9,-4,-19,-35,-,-18
23102,愛知県,名古屋,名古屋市,東区,a)日外他,a)男女,a)総数,人口増減数（人）,20220101-31,-29,64,-88,298,12,2,66,14,38,23,5,3,12,17,-,-300,-5,-4,-71,-2,-22,-38,-3,-1,-25,-12,-,-12
23103,愛知県,名古屋,名古屋市,北区,a)日外他,a)男女,a)総数,人口増減数（人）,20220101-31,-211,76,-209,405,8,4,37,8,46,15,11,3,17,12,-,-426,-9,-6,-68,-12,-43,-42,-4,-2,-18,-10,-,-4
23104,愛知県,名古屋,名古屋市,西区,a)日外他,a)男女,a)総数,人口増減数（人）,20220101-31,56,104,-182,584,11,1,75,15,78,29,5,8,12,13,-,-419,-12,-5,-87,-19,-49,-35,-8,-1,-32,-21,-,-9
23105,愛知県,名古屋,名古屋市,中村区,a)日外他,a)男女,a)総数,人口増減数（人）,20220101-31,-146,93,-172,476,9,4,81,20,94,43,4,5,21,16,-,-488,-12,-3,-127,-9,-70,-57,-5,-7,-20,-28,-,-14
23106,愛知県,名古屋,名古屋市,中区,a)日外他,a)男女,a)総数,人口増減数（人）,20220101-31,38,76,-67,521,17,6,122,13,92,76,15,7,22,13,-,-497,-6,-7,-128,-7,-68,-73,-8,-5,-17,-37,-,-22
23107,愛知県,名古屋,名古屋市,昭和区,a)日外他,a)男女,a)総数,人口増減数（人）,20220101-31,-85,59,-119,301,5,5,53,12,42,18,5,3,13,28,-,-333,-9,-6,-53,-6,-34,-24,-2,-9,-6,-21,-,-7
23108,愛知県,名古屋,名古屋市,瑞穂区,a)日外他,a)男女,a)総数,人口増減数（人）,20220101-31,-27,76,-91,299,3,2,20,5,29,38,3,2,7,24,-,-304,-,-,-48,-8,-30,-19,-5,-1,-8,-13,-,-8
23109,愛知県,名古屋,名古屋市,熱田区,a)日外他,a)男女,a)総数,人口増減数（人）,20220101-31,-66,44,-77,185,7,1,16,2,29,11,6,2,4,12,-,-206,-2,-3,-34,-2,-19,-14,-,-3,-8,-11,-,-6
23110,愛知県,名古屋,名古屋市,中川区,a)日外他,a)男女,a)総数,人口増減数（人）,20220101-31,-187,142,-231,533,13,8,61,20,76,38,12,6,22,13,-,-589,-7,-12,-77,-14,-66,-55,-8,-3,-34,-18,-,-17
23111,愛知県,名古屋,名古屋市,港区,a)日外他,a)男女,a)総数,人口増減数（人）,20220101-31,-172,87,-179,306,9,4,23,10,44,26,5,3,9,13,-,-346,-2,-,-31,-10,-36,-27,-1,-1,-11,-49,-,-18
23112,愛知県,名古屋,名古屋市,南区,a)日外他,a)男女,a)総数,人口増減数（人）,20220101-31,-152,87,-176,346,8,-,24,12,40,14,3,5,6,11,-,-344,-11,-5,-32,-8,-39,-26,-1,-,-12,-23,-,-31
23113,愛知県,名古屋,名古屋市,守山区,a)日外他,a)男女,a)総数,人口増減数（人）,20220101-31,-11,124,-240,465,6,5,32,20,53,23,5,2,14,14,-,-341,-4,-11,-45,-5,-58,-18,-5,-6,-12,-23,-,-6
23114,愛知県,名古屋,名古屋市,緑区,a)日外他,a)男女,a)総数,人口増減数（人）,20220101-31,-22,169,-222,557,13,3,32,15,41,45,12,1,14,62,-,-549,-10,-3,-62,-6,-38,-26,-11,-5,-14,-32,-,-8
23115,愛知県,名古屋,名古屋市,名東区,a)日外他,a)男女,a)総数,人口増減数（人）,20220101-31,-29,111,-149,348,8,3,70,19,35,48,12,6,15,41,-,-333,-14,-4,-86,-13,-69,-42,-7,-6,-9,-11,-,-2
23116,愛知県,名古屋,名古屋市,天白区,a)日外他,a)男女,a)総数,人口増減数（人）,20220101-31,-113,115,-169,401,5,7,39,12,60,20,8,3,9,42,-,-443,-2,-4,-65,-12,-50,-26,-1,-5,-21,-35,-,-1
23201,愛知県,東三河,豊橋市,―,a)日外他,a)男女,a)総数,人口増減数（人）,20220101-31,-371,192,-431,303,16,16,72,27,122,43,11,18,29,63,-,-407,-8,-11,-91,-14,-133,-44,-15,-9,-22,-92,-,-6
23202,愛知県,西三河,岡崎市,―,a)日外他,a)男女,a)総数,人口増減数（人）,20220101-31,-4,283,-355,579,35,20,76,32,102,50,17,5,45,147,2,-569,-18,-21,-89,-16,-94,-51,-10,-5,-34,-125,-,-10
23203,愛知県,尾張中西部・海部,一宮市,―,a)日外他,a)男女,a)総数,人口増減数（人）,20220101-31,-264,198,-448,411,9,6,64,21,151,28,19,1,15,46,11,-396,-11,-5,-81,-19,-136,-21,-5,-2,-21,-69,-,-30
23204,愛知県,尾張北東部,瀬戸市,―,a)日外他,a)男女,a)総数,人口増減数（人）,20220101-31,-73,47,-162,191,6,4,26,5,23,12,1,1,-,19,-,-155,-3,-2,-26,-7,-19,-12,-2,-1,-2,-20,-,3
23205,愛知県,知多,半田市,―,a)日外他,a)男女,a)総数,人口増減数（人）,20220101-31,-49,61,-118,219,5,5,27,14,30,22,4,1,10,22,-,-222,-2,-6,-29,-9,-17,-10,-4,-4,-7,-35,-,-6
23206,愛知県,尾張北東部,春日井市,―,a)日外他,a)男女,a)総数,人口増減数（人）,20220101-31,-307,212,-320,388,19,11,72,34,112,51,7,8,19,40,-,-646,-3,-8,-61,-21,-92,-25,-13,-2,-21,-48,-,-20
23207,愛知県,東三河,豊川市,―,a)日外他,a)男女,a)総数,人口増減数（人）,20220101-31,-91,112,-210,306,5,7,28,10,49,23,3,6,9,32,-,-253,-6,-8,-55,-10,-43,-28,-4,-4,-7,-41,-,-12
23208,愛知県,尾張中西部・海部,津島市,―,a)日外他,a)男女,a)総数,人口増減数（人）,20220101-31,-90,34,-63,116,5,1,10,3,14,7,-,-,2,2,-,-146,-2,-2,-12,-3,-14,-9,-1,-,-4,-22,-,-6
23209,愛知県,西三河,碧南市,―,a)日外他,a)男女,a)総数,人口増減数（人）,20220101-31,30,39,-66,179,6,5,17,4,28,9,4,4,14,15,1,-143,-,-1,-13,-8,-15,-4,-1,-4,-7,-31,-,-2
23210,愛知県,西三河,刈谷市,―,a)日外他,a)男女,a)総数,人口増減数（人）,20220101-31,-81,121,-114,364,8,7,39,7,41,33,10,8,16,42,-,-412,-7,-5,-61,-8,-42,-31,-2,-3,-25,-50,-1,-16
23211,愛知県,西三河,豊田市,―,a)日外他,a)男女,a)総数,人口増減数（人）,20220101-31,-91,275,-346,539,21,32,107,41,140,73,18,12,51,250,-,-744,-17,-20,-96,-15,-114,-57,-23,-8,-45,-163,-,-2
23212,愛知県,西三河,安城市,―,a)日外他,a)男女,a)総数,人口増減数（人）,20220101-31,-39,137,-132,386,12,6,49,9,61,36,9,5,22,54,-,-443,-11,-10,-68,-7,-45,-20,-,-2,-27,-61,-,1
23213,愛知県,西三河,西尾市,―,a)日外他,a)男女,a)総数,人口増減数（人）,20220101-31,-75,112,-197,288,10,7,31,6,46,19,10,-,17,43,-,-268,-6,-8,-33,-24,-22,-23,-5,-,-6,-68,-,-4
23214,愛知県,東三河,蒲郡市,―,a)日外他,a)男女,a)総数,人口増減数（人）,20220101-31,-119,46,-114,111,2,1,10,-,11,7,3,-,5,5,-,-127,-4,-4,-19,-2,-18,-5,-1,-1,-6,-14,-,-5
23215,愛知県,尾張北東部,犬山市,―,a)日外他,a)男女,a)総数,人口増減数（人）,20220101-31,-117,24,-94,79,3,2,9,3,41,6,3,1,7,7,-,-105,-1,-4,-17,-2,-45,-8,-2,-1,-1,-13,-,-9
23216,愛知県,知多,常滑市,―,a)日外他,a)男女,a)総数,人口増減数（人）,20220101-31,-54,26,-78,105,-,5,19,1,10,7,-,-,6,5,-,-104,-2,-1,-10,-4,-18,-3,-4,-2,-3,-6,-,-3
23217,愛知県,尾張北東部,江南市,―,a)日外他,a)男女,a)総数,人口増減数（人）,20220101-31,-33,40,-99,154,2,1,17,1,28,6,2,1,6,4,-,-122,-3,-1,-10,-5,-31,-8,-1,-5,-5,-4,-,-1
23219,愛知県,尾張北東部,小牧市,―,a)日外他,a)男女,a)総数,人口増減数（人）,20220101-31,-73,89,-163,262,6,14,31,12,73,25,9,1,14,18,-,-247,-6,-5,-31,-15,-59,-26,-6,-,-15,-48,-,-6
23220,愛知県,尾張中西部・海部,稲沢市,―,a)日外他,a)男女,a)総数,人口増減数（人）,20220101-31,-79,75,-165,204,5,6,19,12,39,14,5,1,7,19,7,-208,-,-1,-17,-8,-36,-14,-2,-1,-1,-33,-,-6
23221,愛知県,東三河,新城市,―,a)日外他,a)男女,a)総数,人口増減数（人）,20220101-31,-92,15,-65,37,1,-,10,1,15,9,1,-,1,6,-,-92,-,-1,-3,-4,-4,-8,-,-,-4,-4,-,-3
23222,愛知県,知多,東海市,―,a)日外他,a)男女,a)総数,人口増減数（人）,20220101-31,-128,71,-95,156,2,5,26,7,21,10,7,2,10,18,-,-236,-2,-9,-25,-5,-29,-10,-1,-1,-26,-25,-,1
23223,愛知県,知多,大府市,―,a)日外他,a)男女,a)総数,人口増減数（人）,20220101-31,-3,81,-66,181,5,1,12,3,21,10,1,1,9,34,-,-198,-,-6,-20,-1,-13,-11,-1,-1,-13,-29,-,-3
23224,愛知県,知多,知多市,―,a)日外他,a)男女,a)総数,人口増減数（人）,20220101-31,-82,46,-111,172,2,7,8,2,7,15,2,1,3,6,-,-178,-5,-2,-8,-3,-5,-8,-4,-3,-9,-17,-,-
23225,愛知県,西三河,知立市,―,a)日外他,a)男女,a)総数,人口増減数（人）,20220101-31,-88,49,-67,184,3,3,12,6,41,10,6,5,8,25,-,-222,-4,-3,-20,-6,-27,-12,-1,-1,-15,-40,-,-22
23226,愛知県,尾張北東部,尾張旭市,―,a)日外他,a)男女,a)総数,人口増減数（人）,20220101-31,-26,45,-93,145,1,2,13,2,22,4,2,1,2,9,-,-108,-1,-2,-23,-2,-14,-8,-5,-,-,-15,-,-3
23227,愛知県,西三河,高浜市,―,a)日外他,a)男女,a)総数,人口増減数（人）,20220101-31,38,38,-38,158,4,2,1,7,20,12,-,2,6,16,-,-128,-2,-2,-7,-7,-8,-6,-,-,-5,-24,-,-1
23228,愛知県,尾張北東部,岩倉市,―,a)日外他,a)男女,a)総数,人口増減数（人）,20220101-31,-1,36,-52,153,2,2,12,3,24,4,4,1,1,9,-,-131,-6,-1,-22,-3,-17,-6,-,-1,-1,-11,-,-1
23229,愛知県,尾張北東部,豊明市,―,a)日外他,a)男女,a)総数,人口増減数（人）,20220101-31,-56,62,-55,137,4,1,8,3,11,10,2,2,3,26,-,-181,-3,-1,-18,-3,-20,-12,-,-1,-1,-23,-3,-4
23230,愛知県,尾張北東部,日進市,―,a)日外他,a)男女,a)総数,人口増減数（人）,20220101-31,79,92,-81,232,6,-,23,4,19,15,6,-,11,59,-,-178,-2,-3,-45,-1,-16,-13,-1,-,-4,-43,-,-1
23231,愛知県,東三河,田原市,―,a)日外他,a)男女,a)総数,人口増減数（人）,20220101-31,-106,17,-107,58,6,4,12,3,7,3,5,2,7,8,-,-71,-1,-3,-17,-2,-11,-4,-,-,-2,-15,-5,-
23232,愛知県,尾張中西部・海部,愛西市,―,a)日外他,a)男女,a)総数,人口増減数（人）,20220101-31,-62,27,-86,96,-,1,-,1,25,1,2,-,5,6,-,-105,-,-,-6,-2,-9,-2,-1,-,-1,-15,-,1
23233,愛知県,尾張中西部・海部,清須市,―,a)日外他,a)男女,a)総数,人口増減数（人）,20220101-31,-46,55,-68,155,1,2,5,8,33,11,3,1,8,7,-,-197,-4,-,-15,-2,-20,-11,-2,-,-1,-11,-,-4
23234,愛知県,尾張中西部・海部,北名古屋市,―,a)日外他,a)男女,a)総数,人口増減数（人）,20220101-31,-35,64,-86,196,5,2,13,6,21,9,1,-,6,1,-,-186,-3,-3,-25,-7,-11,-6,-3,-3,-5,-13,-,-8
23235,愛知県,尾張中西部・海部,弥富市,―,a)日外他,a)男女,a)総数,人口増減数（人）,20220101-31,-41,31,-44,77,-,4,1,4,33,6,-,-,4,2,-,-98,-,-1,-9,-1,-32,-5,-5,-,-3,-13,-,8
23236,愛知県,西三河,みよし市,―,a)日外他,a)男女,a)総数,人口増減数（人）,20220101-31,93,47,-44,214,2,8,17,4,34,9,6,2,4,33,1,-156,-4,-1,-21,-2,-15,-11,-1,-,-6,-21,-,-6
23237,愛知県,尾張中西部・海部,あま市,―,a)日外他,a)男女,a)総数,人口増減数（人）,20220101-31,-20,55,-98,193,4,4,5,3,20,16,4,-,3,15,-,-154,-,-,-27,-4,-24,-11,-1,-1,-5,-14,-,-3
23238,愛知県,尾張北東部,長久手市,―,a)日外他,a)男女,a)総数,人口増減数（人）,20220101-31,25,48,-37,119,3,1,26,12,17,21,4,2,4,26,-,-101,-1,-12,-36,-1,-30,-10,-1,-,-1,-23,-,-5
23302,愛知県,尾張北東部,愛知郡,東郷町,a)日外他,a)男女,a)総数,人口増減数（人）,20220101-31,-24,34,-36,104,3,-,8,1,8,3,4,-,-,7,-,-117,-1,-,-7,-1,-4,-3,-2,-,-2,-19,-,-4
23342,愛知県,尾張中西部・海部,西春日井郡,豊山町,a)日外他,a)男女,a)総数,人口増減数（人）,20220101-31,-35,8,-18,29,2,-,4,-,7,3,1,-,-,2,-,-57,-,-,-11,-1,-4,-1,-,-,-,-3,-,4
23361,愛知県,尾張北東部,丹羽郡,大口町,a)日外他,a)男女,a)総数,人口増減数（人）,20220101-31,-14,17,-21,43,2,-,1,2,8,6,-,-,-,1,-,-43,-1,-,-4,-,-12,-3,-,-,-3,-3,-,-4
23362,愛知県,尾張北東部,丹羽郡,扶桑町,a)日外他,a)男女,a)総数,人口増減数（人）,20220101-31,-10,25,-33,68,-,-,4,1,18,1,-,-,1,1,-,-64,-,-1,-9,-3,-12,-3,-,-,-3,-1,-,-
23424,愛知県,尾張中西部・海部,海部郡,大治町,a)日外他,a)男女,a)総数,人口増減数（人）,20220101-31,35,27,-32,99,3,-,3,5,8,6,1,2,2,1,-,-60,-2,-2,-13,-,-8,-3,-,-,-,-2,-,-
23425,愛知県,尾張中西部・海部,海部郡,蟹江町,a)日外他,a)男女,a)総数,人口増減数（人）,20220101-31,-46,30,-56,68,2,-,8,6,17,3,4,1,3,2,-,-88,-1,-1,-11,-1,-7,-12,-1,-,-4,-8,-,-
23427,愛知県,尾張中西部・海部,海部郡,飛島村,a)日外他,a)男女,a)総数,人口増減数（人）,20220101-31,-16,-,-7,4,-,-,1,1,-,1,-,-,1,-,-,-6,-,-,-,-1,-,-1,-,-,-,-6,-,-3
23441,愛知県,知多,知多郡,阿久比町,a)日外他,a)男女,a)総数,人口増減数（人）,20220101-31,-21,16,-35,41,-,1,4,1,4,4,-,-,-,1,-,-50,-,-,-2,-,-1,-2,-,-,-1,-2,-,-
23442,愛知県,知多,知多郡,東浦町,a)日外他,a)男女,a)総数,人口増減数（人）,20220101-31,-50,33,-63,109,1,-,7,1,7,5,2,-,1,6,-,-109,-1,-3,-4,-1,-12,-5,-4,-,-4,-16,-,-
23445,愛知県,知多,知多郡,南知多町,a)日外他,a)男女,a)総数,人口増減数（人）,20220101-31,-41,6,-37,21,2,3,4,4,1,1,-,-,3,1,-,-37,-,-,-2,-,-1,-3,-,-,-3,-4,-,-
23446,愛知県,知多,知多郡,美浜町,a)日外他,a)男女,a)総数,人口増減数（人）,20220101-31,-22,7,-31,27,-,-,4,-,3,1,-,-,2,-,-,-25,-1,-1,-2,-1,-1,-2,-,-,-1,-2,-,1
23447,愛知県,知多,知多郡,武豊町,a)日外他,a)男女,a)総数,人口増減数（人）,20220101-31,-21,22,-52,70,-,1,7,1,9,6,1,4,8,4,-,-65,-,-3,-10,-,-5,-5,-,-4,-3,-12,-,5
23501,愛知県,西三河,額田郡,幸田町,a)日外他,a)男女,a)総数,人口増減数（人）,20220101-31,-23,26,-30,78,3,1,7,1,4,8,3,-,8,9,-,-98,-,-,-5,-12,-12,-5,-,-,-3,-11,-,5
23561,愛知県,東三河,北設楽郡,設楽町,a)日外他,a)男女,a)総数,人口増減数（人）,20220101-31,-23,2,-17,3,-,-,-,-,1,-,-,-,-,-,-,-9,-,-,-2,-,-,-2,-,-,-1,-,-,2
23562,愛知県,東三河,北設楽郡,東栄町,a)日外他,a)男女,a)総数,人口増減数（人）,20220101-31,-15,-,-13,1,-,-,-,-,-,-,-,-,-,3,-,-5,-1,-,-,-,-,-,-,-,-,-,-,-
23563,愛知県,東三河,北設楽郡,豊根村,a)日外他,a)男女,a)総数,人口増減数（人）,20220101-31,-2,-,-4,2,-,-,-,-,-,-,-,-,-,-,-,-,-,-,-,-,-,-,-,-,-,-,-,-
23000,愛知県,―,―,―,b)日本人,b)男,a)総数,人口増減数（人）,20220101-31,-1774,2329,-4185,7096,222,103,973,256,1076,605,146,80,333,861,2,-7417,-158,-123,-1224,-195,-1015,-589,-110,-71,-393,-468,-1,93
23100,愛知県,名古屋,名古屋市,―,b)日本人,b)男,a)総数,人口増減数（人）,20220101-31,-508,741,-1289,2993,80,32,472,105,411,284,59,30,124,182,-,-2968,-62,-34,-585,-84,-373,-293,-47,-32,-161,-118,-,25
23101,愛知県,名古屋,名古屋市,千種区,b)日本人,b)男,a)総数,人口増減数（人）,20220101-31,-32,47,-79,182,13,4,59,6,30,32,3,3,13,13,-,-199,-8,-5,-67,-5,-23,-24,-5,-1,-12,-10,-,1
23102,愛知県,名古屋,名古屋市,東区,b)日本人,b)男,a)総数,人口増減数（人）,20220101-31,-1,36,-39,133,8,1,42,7,16,13,3,2,5,6,-,-149,-4,-2,-31,-,-8,-20,-2,-,-12,-6,-,-
23103,愛知県,名古屋,名古屋市,北区,b)日本人,b)男,a)総数,人口増減数（人）,20220101-31,-61,45,-106,206,2,3,17,3,26,8,4,2,8,5,-,-183,-4,-2,-31,-8,-25,-23,-3,-1,-10,-1,-,7
23104,愛知県,名古屋,名古屋市,西区,b)日本人,b)男,a)総数,人口増減数（人）,20220101-31,24,49,-96,278,6,1,42,10,40,15,2,3,6,7,-,-197,-3,-1,-52,-10,-26,-20,-5,-1,-21,-6,-,3
23105,愛知県,名古屋,名古屋市,中村区,b)日本人,b)男,a)総数,人口増減数（人）,20220101-31,-71,31,-97,222,6,4,52,8,53,25,3,3,13,6,-,-221,-5,-1,-72,-5,-34,-36,-4,-2,-13,-7,-,-
23106,愛知県,名古屋,名古屋市,中区,b)日本人,b)男,a)総数,人口増減数（人）,20220101-31,34,36,-33,214,8,3,72,5,36,43,8,2,12,4,-,-218,-3,-2,-66,-4,-25,-34,-4,-3,-13,-8,-,4
23107,愛知県,名古屋,名古屋市,昭和区,b)日本人,b)男,a)総数,人口増減数（人）,20220101-31,-14,28,-51,136,3,1,29,7,23,11,4,3,10,14,-,-143,-5,-1,-29,-5,-20,-13,-2,-5,-3,-8,-,2
23108,愛知県,名古屋,名古屋市,瑞穂区,b)日本人,b)男,a)総数,人口増減数（人）,20220101-31,-12,33,-40,132,2,1,13,2,12,19,-,1,6,10,-,-136,-,-,-24,-5,-15,-8,-2,-1,-4,-7,-,-1
23109,愛知県,名古屋,名古屋市,熱田区,b)日本人,b)男,a)総数,人口増減数（人）,20220101-31,-32,18,-40,91,3,1,9,2,19,7,2,-,1,8,-,-104,-2,-2,-14,-1,-15,-7,-,-3,-4,-3,-,2
23110,愛知県,名古屋,名古屋市,中川区,b)日本人,b)男,a)総数,人口増減数（人）,20220101-31,-76,83,-111,234,5,4,33,11,36,22,6,-,15,3,-,-279,-3,-5,-40,-9,-31,-28,-2,-1,-19,-3,-,3
23111,愛知県,名古屋,名古屋市,港区,b)日本人,b)男,a)総数,人口増減数（人）,20220101-31,-58,43,-89,140,4,1,12,5,16,15,3,1,3,6,-,-154,-1,-,-11,-5,-20,-10,-1,-,-9,-8,-,1
23112,愛知県,名古屋,名古屋市,南区,b)日本人,b)男,a)総数,人口増減数（人）,20220101-31,-69,45,-94,165,7,-,10,5,15,9,2,5,4,3,-,-164,-6,-3,-17,-5,-18,-13,-1,-,-7,-6,-,-5
23113,愛知県,名古屋,名古屋市,守山区,b)日本人,b)男,a)総数,人口増減数（人）,20220101-31,-36,53,-121,228,2,1,15,12,26,9,2,1,10,7,-,-187,-2,-3,-22,-3,-32,-10,-2,-3,-6,-11,-,-
23114,愛知県,名古屋,名古屋市,緑区,b)日本人,b)男,a)総数,人口増減数（人）,20220101-31,-18,78,-115,277,7,1,17,10,22,22,8,1,4,36,-,-279,-6,-2,-36,-3,-20,-13,-11,-3,-8,-11,-,6
23115,愛知県,名古屋,名古屋市,名東区,b)日本人,b)男,a)総数,人口増減数（人）,20220101-31,-49,51,-87,161,2,3,32,8,13,24,6,2,7,28,-,-156,-9,-3,-46,-8,-38,-19,-3,-4,-5,-7,-,-1
23116,愛知県,名古屋,名古屋市,天白区,b)日本人,b)男,a)総数,人口増減数（人）,20220101-31,-37,65,-91,194,2,3,18,4,28,10,3,1,7,26,-,-199,-1,-2,-27,-8,-23,-15,-,-4,-15,-16,-,3
23201,愛知県,東三河,豊橋市,―,b)日本人,b)男,a)総数,人口増減数（人）,20220101-31,-146,86,-212,147,11,4,28,9,43,24,1,7,11,34,-,-188,-4,-5,-44,-7,-56,-17,-3,-1,-11,-16,-,13
23202,愛知県,西三河,岡崎市,―,b)日本人,b)男,a)総数,人口増減数（人）,20220101-31,23,138,-182,282,20,10,38,13,48,24,7,4,21,82,1,-267,-11,-9,-47,-7,-42,-24,-6,-4,-20,-51,-,5
23203,愛知県,尾張中西部・海部,一宮市,―,b)日本人,b)男,a)総数,人口増減数（人）,20220101-31,-87,105,-237,201,4,1,35,6,74,8,6,-,6,31,-,-181,-6,-2,-34,-9,-58,-4,-2,-2,-10,-21,-,2
23204,愛知県,尾張北東部,瀬戸市,―,b)日本人,b)男,a)総数,人口増減数（人）,20220101-31,-32,18,-77,84,2,-,11,3,8,7,1,-,-,11,-,-61,-1,-,-16,-5,-11,-3,-,-,-2,-5,-,4
23205,愛知県,知多,半田市,―,b)日本人,b)男,a)総数,人口増減数（人）,20220101-31,-35,28,-69,102,4,2,16,3,11,10,1,1,7,11,-,-99,-2,-4,-21,-5,-9,-5,-3,-3,-3,-10,-,2
23206,愛知県,尾張北東部,春日井市,―,b)日本人,b)男,a)総数,人口増減数（人）,20220101-31,-223,105,-165,186,12,4,35,21,47,28,2,3,9,19,-,-385,-2,-5,-30,-8,-50,-12,-7,-1,-14,-12,-,-3
23207,愛知県,東三河,豊川市,―,b)日本人,b)男,a)総数,人口増減数（人）,20220101-31,-41,62,-118,146,5,4,18,6,18,8,1,2,4,18,-,-129,-2,-3,-31,-1,-16,-16,-1,-4,-4,-9,-,1
23208,愛知県,尾張中西部・海部,津島市,―,b)日本人,b)男,a)総数,人口増減数（人）,20220101-31,-37,15,-33,50,2,-,6,1,5,3,-,-,1,-,-,-67,-1,-,-5,-2,-3,-5,-,-,-3,-2,-,1
23209,愛知県,西三河,碧南市,―,b)日本人,b)男,a)総数,人口増減数（人）,20220101-31,-2,14,-28,59,2,2,6,1,5,3,1,2,3,4,-,-58,-,-1,-6,-,-6,-2,-,-2,-4,-1,-,4
23210,愛知県,西三河,刈谷市,―,b)日本人,b)男,a)総数,人口増減数（人）,20220101-31,-70,56,-73,176,5,3,14,3,19,19,5,4,9,27,-,-207,-4,-3,-36,-7,-26,-20,-2,-2,-17,-15,-,2
23211,愛知県,西三河,豊田市,―,b)日本人,b)男,a)総数,人口増減数（人）,20220101-31,-22,134,-179,257,16,12,62,18,61,37,10,8,36,160,-,-400,-10,-12,-53,-6,-58,-32,-13,-4,-28,-41,-,3
23212,愛知県,西三河,安城市,―,b)日本人,b)男,a)総数,人口増減数（人）,20220101-31,3,73,-72,188,9,3,32,2,29,19,7,3,13,38,-,-216,-7,-6,-39,-4,-25,-11,-,-2,-16,-17,-,2
23213,愛知県,西三河,西尾市,―,b)日本人,b)男,a)総数,人口増減数（人）,20220101-31,-21,57,-111,114,5,-,12,-,13,4,2,-,9,23,-,-98,-4,-,-15,-2,-6,-7,-3,-,-5,-11,-,2
23214,愛知県,東三河,蒲郡市,―,b)日本人,b)男,a)総数,人口増減数（人）,20220101-31,-56,15,-62,56,2,1,6,-,3,2,1,-,3,3,-,-53,-4,-1,-11,-2,-5,-4,-,-,-3,-5,-,2
23215,愛知県,尾張北東部,犬山市,―,b)日本人,b)男,a)総数,人口増減数（人）,20220101-31,-32,12,-40,41,1,1,6,3,20,2,-,1,4,3,-,-48,-1,-3,-6,-1,-22,-3,-1,-,-1,-,-,-
23216,愛知県,知多,常滑市,―,b)日本人,b)男,a)総数,人口増減数（人）,20220101-31,-11,17,-38,48,-,-,12,1,4,2,-,-,2,1,-,-43,-1,-,-3,-,-7,-2,-2,-1,-1,-,-,-
23217,愛知県,尾張北東部,江南市,―,b)日本人,b)男,a)総数,人口増減数（人）,20220101-31,-7,22,-56,77,-,1,7,1,11,4,2,1,1,2,-,-50,-2,-,-4,-2,-15,-1,-1,-3,-3,-1,-,2
23219,愛知県,尾張北東部,小牧市,―,b)日本人,b)男,a)総数,人口増減数（人）,20220101-31,-58,37,-98,126,2,2,14,5,30,10,1,-,7,7,-,-119,-5,-3,-17,-6,-24,-16,-1,-,-6,-5,-,1
23220,愛知県,尾張中西部・海部,稲沢市,―,b)日本人,b)男,a)総数,人口増減数（人）,20220101-31,-29,39,-86,91,2,2,9,5,13,5,2,-,2,13,-,-94,-,-1,-7,-2,-12,-3,-1,-,-1,-5,-,-
23221,愛知県,東三河,新城市,―,b)日本人,b)男,a)総数,人口増減数（人）,20220101-31,-54,8,-34,18,1,-,4,1,4,3,-,-,-,1,-,-46,-,-1,-2,-3,-2,-6,-,-,-2,-,-,2
23222,愛知県,知多,東海市,―,b)日本人,b)男,a)総数,人口増減数（人）,20220101-31,-78,36,-54,76,2,4,18,4,14,6,7,-,7,11,-,-130,-2,-5,-16,-3,-16,-9,-1,-1,-19,-10,-,3
23223,愛知県,知多,大府市,―,b)日本人,b)男,a)総数,人口増減数（人）,20220101-31,-9,31,-32,80,1,-,7,2,12,5,1,1,4,17,-,-100,-,-3,-10,-,-5,-6,-1,-1,-7,-9,-,4
23224,愛知県,知多,知多市,―,b)日本人,b)男,a)総数,人口増減数（人）,20220101-31,-29,20,-64,87,1,4,4,1,2,10,2,-,1,2,-,-75,-2,-2,-3,-2,-3,-3,-1,-2,-4,-2,-,-
23225,愛知県,西三河,知立市,―,b)日本人,b)男,a)総数,人口増減数（人）,20220101-31,-45,20,-33,86,2,1,6,6,15,7,2,1,3,14,-,-102,-2,-2,-15,-2,-12,-6,-1,-,-8,-16,-,-9
23226,愛知県,尾張北東部,尾張旭市,―,b)日本人,b)男,a)総数,人口増減数（人）,20220101-31,-4,24,-53,75,1,-,5,2,7,3,1,-,1,6,-,-49,-,-1,-8,-2,-4,-6,-2,-,-,-4,-,-
23227,愛知県,西三河,高浜市,―,b)日本人,b)男,a)総数,人口増減数（人）,20220101-31,16,18,-18,70,3,-,-,-,8,1,-,2,2,8,-,-59,-,-1,-3,-2,-5,-4,-,-,-2,-2,-,-
23228,愛知県,尾張北東部,岩倉市,―,b)日本人,b)男,a)総数,人口増減数（人）,20220101-31,-4,21,-32,69,-,-,6,-,11,1,-,-,1,2,-,-53,-5,-1,-12,-,-6,-3,-,-1,-1,-1,-,-
23229,愛知県,尾張北東部,豊明市,―,b)日本人,b)男,a)総数,人口増減数（人）,20220101-31,-33,25,-30,57,1,1,2,1,5,6,1,1,2,12,-,-81,-2,-,-5,-1,-13,-5,-,-1,-,-9,-1,1
23230,愛知県,尾張北東部,日進市,―,b)日本人,b)男,a)総数,人口増減数（人）,20220101-31,50,52,-44,117,3,-,12,2,9,10,4,-,6,36,-,-90,-,-1,-23,-1,-11,-8,-1,-,-3,-19,-,-
23231,愛知県,東三河,田原市,―,b)日本人,b)男,a)総数,人口増減数（人）,20220101-31,-33,14,-53,31,5,1,10,2,2,1,4,1,5,6,-,-44,-1,-1,-3,-2,-6,-2,-,-,-2,-1,-,-
23232,愛知県,尾張中西部・海部,愛西市,―,b)日本人,b)男,a)総数,人口増減数（人）,20220101-31,-19,13,-42,49,-,-,-,1,6,-,-,-,3,2,-,-41,-,-,-3,-2,-2,-1,-,-,-1,-2,-,1
23233,愛知県,尾張中西部・海部,清須市,―,b)日本人,b)男,a)総数,人口増減数（人）,20220101-31,-38,25,-44,81,1,-,3,2,16,5,1,1,5,4,-,-106,-3,-,-7,-,-13,-8,-1,-,-1,-1,-,2
23234,愛知県,尾張中西部・海部,北名古屋市,―,b)日本人,b)男,a)総数,人口増減数（人）,20220101-31,-3,33,-54,101,2,-,4,3,10,5,1,-,3,-,-,-79,-2,-1,-13,-5,-3,-2,-3,-2,-3,-2,-,4
23235,愛知県,尾張中西部・海部,弥富市,―,b)日本人,b)男,a)総数,人口増減数（人）,20220101-31,-32,17,-31,33,-,-,1,3,11,3,-,-,1,-,-,-44,-,-,-5,-,-17,-2,-2,-,-1,-2,-,3
23236,愛知県,西三河,みよし市,―,b)日本人,b)男,a)総数,人口増減数（人）,20220101-31,50,24,-23,106,1,2,6,3,15,5,3,2,2,24,1,-76,-4,-1,-13,-1,-6,-2,-1,-,-3,-15,-,1
23237,愛知県,尾張中西部・海部,あま市,―,b)日本人,b)男,a)総数,人口増減数（人）,20220101-31,4,28,-54,101,1,3,2,3,13,7,2,-,1,5,-,-68,-,-,-16,-1,-11,-7,-1,-1,-3,-3,-,3
23238,愛知県,尾張北東部,長久手市,―,b)日本人,b)男,a)総数,人口増減数（人）,20220101-31,1,25,-23,54,3,-,13,5,7,8,1,2,1,14,-,-45,-1,-5,-22,-1,-18,-6,-1,-,-,-9,-,-1
23302,愛知県,尾張北東部,愛知郡,東郷町,b)日本人,b)男,a)総数,人口増減数（人）,20220101-31,-2,13,-21,49,2,-,5,1,4,2,-,-,-,5,-,-50,-1,-,-2,-,-,-2,-1,-,-1,-5,-,-
23342,愛知県,尾張中西部・海部,西春日井郡,豊山町,b)日本人,b)男,a)総数,人口増減数（人）,20220101-31,-18,4,-11,16,2,-,1,-,1,1,-,-,-,2,-,-30,-,-,-4,-1,-2,-,-,-,-,-,-,3
23361,愛知県,尾張北東部,丹羽郡,大口町,b)日本人,b)男,a)総数,人口増減数（人）,20220101-31,-2,8,-11,24,-,-,1,1,6,1,-,-,-,1,-,-22,-,-,-2,-,-4,-2,-,-,-2,-1,-,-
23362,愛知県,尾張北東部,丹羽郡,扶桑町,b)日本人,b)男,a)総数,人口増減数（人）,20220101-31,-2,17,-20,33,-,-,3,1,7,-,-,-,-,1,-,-31,-,-1,-4,-1,-5,-2,-,-,-1,-,-,1
23424,愛知県,尾張中西部・海部,海部郡,大治町,b)日本人,b)男,a)総数,人口増減数（人）,20220101-31,9,15,-17,50,2,-,1,1,2,2,-,2,-,-,-,-34,-1,-1,-7,-,-6,-1,-,-,-,-1,-,2
23425,愛知県,尾張中西部・海部,海部郡,蟹江町,b)日本人,b)男,a)総数,人口増減数（人）,20220101-31,-17,14,-26,30,1,-,5,1,6,2,3,1,1,2,-,-34,-1,-,-7,-1,-6,-6,-,-,-3,-,-,1
23427,愛知県,尾張中西部・海部,海部郡,飛島村,b)日本人,b)男,a)総数,人口増減数（人）,20220101-31,-4,-,-2,1,-,-,-,-,-,1,-,-,-,-,-,-4,-,-,-,-,-,-,-,-,-,-,-,-
23441,愛知県,知多,知多郡,阿久比町,b)日本人,b)男,a)総数,人口増減数（人）,20220101-31,-12,7,-16,19,-,-,2,1,1,1,-,-,-,1,-,-25,-,-,-,-,-1,-,-,-,-1,-1,-,-
23442,愛知県,知多,知多郡,東浦町,b)日本人,b)男,a)総数,人口増減数（人）,20220101-31,-28,13,-34,51,1,-,4,-,4,1,2,-,1,4,-,-55,-1,-2,-1,-1,-5,-2,-,-,-3,-5,-,-
23445,愛知県,知多,知多郡,南知多町,b)日本人,b)男,a)総数,人口増減数（人）,20220101-31,-16,4,-14,12,-,1,-,1,-,-,-,-,-,-,-,-18,-,-,-,-,-,-,-,-,-2,-,-,-
23446,愛知県,知多,知多郡,美浜町,b)日本人,b)男,a)総数,人口増減数（人）,20220101-31,-19,3,-17,12,-,-,2,-,1,1,-,-,2,-,-,-17,-,-1,-2,-,-1,-1,-,-,-1,-,-,-
23447,愛知県,知多,知多郡,武豊町,b)日本人,b)男,a)総数,人口増減数（人）,20220101-31,-6,11,-26,42,-,1,2,1,2,1,1,-,3,1,-,-29,-,-1,-4,-,-3,-2,-,-1,-3,-2,-,-
23501,愛知県,西三河,額田郡,幸田町,b)日本人,b)男,a)総数,人口増減数（人）,20220101-31,11,12,-13,39,2,1,5,1,1,3,1,-,6,8,-,-43,-,-,-1,-3,-5,-3,-,-,-2,-1,-,3
23561,愛知県,東三河,北設楽郡,設楽町,b)日本人,b)男,a)総数,人口増減数（人）,20220101-31,-11,-,-7,2,-,-,-,-,1,-,-,-,-,-,-,-4,-,-,-1,-,-,-2,-,-,-1,-,-,1
23562,愛知県,東三河,北設楽郡,東栄町,b)日本人,b)男,a)総数,人口増減数（人）,20220101-31,-6,-,-7,1,-,-,-,-,-,-,-,-,-,3,-,-2,-1,-,-,-,-,-,-,-,-,-,-,-
23563,愛知県,東三河,北設楽郡,豊根村,b)日本人,b)男,a)総数,人口増減数（人）,20220101-31,-,-,-,-,-,-,-,-,-,-,-,-,-,-,-,-,-,-,-,-,-,-,-,-,-,-,-,-
23000,愛知県,―,―,―,b)日本人,c)女,a)総数,人口増減数（人）,20220101-31,-1449,2246,-3734,6252,110,59,686,169,888,405,97,60,207,455,1,-6452,-91,-66,-900,-99,-726,-431,-59,-44,-213,-334,-3,68
23100,愛知県,名古屋,名古屋市,―,b)日本人,c)女,a)総数,人口増減数（人）,20220101-31,-390,734,-1213,2875,57,22,342,85,370,205,47,30,78,123,-,-2819,-49,-23,-464,-47,-273,-234,-23,-25,-95,-112,-,19
23101,愛知県,名古屋,名古屋市,千種区,b)日本人,c)女,a)総数,人口増減数（人）,20220101-31,-47,44,-90,183,6,1,50,3,26,26,2,2,11,18,-,-188,-5,-1,-63,-7,-21,-17,-3,-3,-6,-15,-,-
23102,愛知県,名古屋,名古屋市,東区,b)日本人,c)女,a)総数,人口増減数（人）,20220101-31,-13,28,-49,136,4,1,22,7,22,10,2,1,7,6,-,-122,-1,-2,-38,-1,-12,-18,-1,-1,-12,-3,-,1
23103,愛知県,名古屋,名古屋市,北区,b)日本人,c)女,a)総数,人口増減数（人）,20220101-31,-124,29,-96,175,4,1,15,3,20,5,7,1,8,3,-,-215,-5,-,-32,-3,-15,-17,-,-1,-8,-6,-,3
23104,愛知県,名古屋,名古屋市,西区,b)日本人,c)女,a)総数,人口増減数（人）,20220101-31,49,52,-84,266,5,-,29,4,29,14,2,5,1,3,-,-190,-5,-3,-29,-6,-18,-13,-2,-,-10,-2,-,1
23105,愛知県,名古屋,名古屋市,中村区,b)日本人,c)女,a)総数,人口増減数（人）,20220101-31,-39,59,-70,208,3,-,21,11,35,16,1,2,7,1,-,-228,-6,-,-38,-3,-23,-18,-1,-3,-7,-7,-,1
23106,愛知県,名古屋,名古屋市,中区,b)日本人,c)女,a)総数,人口増減数（人）,20220101-31,39,34,-30,226,6,3,43,7,46,23,6,4,7,4,-,-208,-3,-1,-49,-2,-28,-33,-2,-2,-2,-11,-,1
23107,愛知県,名古屋,名古屋市,昭和区,b)日本人,c)女,a)総数,人口増減数（人）,20220101-31,-24,30,-68,138,2,3,21,5,17,7,1,-,3,11,-,-144,-4,-1,-12,-1,-10,-6,-,-4,-3,-9,-,-
23108,愛知県,名古屋,名古屋市,瑞穂区,b)日本人,c)女,a)総数,人口増減数（人）,20220101-31,-11,43,-50,144,1,1,6,3,13,18,1,1,1,13,-,-146,-,-,-23,-3,-14,-9,-3,-,-4,-3,-,-1
23109,愛知県,名古屋,名古屋市,熱田区,b)日本人,c)女,a)総数,人口増減数（人）,20220101-31,-10,24,-36,86,2,-,7,-,7,3,3,-,3,4,-,-82,-,-1,-13,-,-4,-7,-,-,-4,-2,-,-
23110,愛知県,名古屋,名古屋市,中川区,b)日本人,c)女,a)総数,人口増減数（人）,20220101-31,-89,54,-120,243,7,3,24,7,35,13,6,6,6,3,-,-250,-4,-6,-34,-4,-29,-24,-4,-2,-14,-6,-,1
23111,愛知県,名古屋,名古屋市,港区,b)日本人,c)女,a)総数,人口増減数（人）,20220101-31,-58,37,-84,115,-,3,8,5,22,5,1,2,4,3,-,-142,-,-,-10,-3,-8,-9,-,-1,-2,-7,-,3
23112,愛知県,名古屋,名古屋市,南区,b)日本人,c)女,a)総数,人口増減数（人）,20220101-31,-58,36,-79,150,-,-,13,3,14,4,-,-,1,4,-,-152,-5,-,-13,-3,-10,-13,-,-,-3,-6,-,1
23113,愛知県,名古屋,名古屋市,守山区,b)日本人,c)女,a)総数,人口増減数（人）,20220101-31,33,70,-117,213,3,2,17,6,25,13,2,1,3,5,-,-138,-1,-4,-19,-1,-23,-7,-3,-3,-6,-5,-,-
23114,愛知県,名古屋,名古屋市,緑区,b)日本人,c)女,a)総数,人口増減数（人）,20220101-31,3,88,-104,245,5,2,13,5,18,16,3,-,7,21,-,-243,-4,-1,-23,-1,-16,-10,-,-2,-5,-15,-,4
23115,愛知県,名古屋,名古屋市,名東区,b)日本人,c)女,a)総数,人口増減数（人）,20220101-31,11,58,-59,165,6,-,35,8,16,23,6,4,8,10,-,-166,-5,-1,-39,-5,-23,-23,-3,-2,-3,-1,-,2
23116,愛知県,名古屋,名古屋市,天白区,b)日本人,c)女,a)総数,人口増減数（人）,20220101-31,-52,48,-77,182,3,2,18,8,25,9,4,1,1,14,-,-205,-1,-2,-29,-4,-19,-10,-1,-1,-6,-14,-,2
23201,愛知県,東三河,豊橋市,―,b)日本人,c)女,a)総数,人口増減数（人）,20220101-31,-150,95,-212,109,3,-,30,2,36,13,2,6,9,20,-,-157,-3,-2,-31,-4,-31,-17,-4,-3,-6,-18,-,13
23202,愛知県,西三河,岡崎市,―,b)日本人,c)女,a)総数,人口増減数（人）,20220101-31,-,139,-170,206,13,2,30,3,32,17,4,1,21,47,1,-230,-4,-7,-33,-5,-29,-13,-3,-1,-9,-13,-,1
23203,愛知県,尾張中西部・海部,一宮市,―,b)日本人,c)女,a)総数,人口増減数（人）,20220101-31,-125,92,-209,187,4,1,20,7,62,14,8,-,6,15,-,-183,-4,-,-32,-7,-66,-13,-2,-,-10,-18,-,3
23204,愛知県,尾張北東部,瀬戸市,―,b)日本人,c)女,a)総数,人口増減数（人）,20220101-31,-34,28,-83,82,4,2,11,1,10,5,-,1,-,5,-,-72,-2,-1,-7,-1,-7,-6,-1,-1,-,-3,-,1
23205,愛知県,知多,半田市,―,b)日本人,c)女,a)総数,人口増減数（人）,20220101-31,-19,28,-49,86,-,2,5,2,6,4,1,-,3,5,-,-84,-,-,-7,-1,-2,-3,-1,-1,-3,-10,-,-
23206,愛知県,尾張北東部,春日井市,―,b)日本人,c)女,a)総数,人口増減数（人）,20220101-31,-66,101,-153,172,5,6,32,10,49,14,4,5,6,9,-,-228,-1,-2,-18,-7,-39,-11,-5,-1,-7,-8,-,1
23207,愛知県,東三河,豊川市,―,b)日本人,c)女,a)総数,人口増減数（人）,20220101-31,-12,48,-90,119,-,-,7,4,12,8,-,4,2,9,-,-87,-,-3,-15,-2,-17,-6,-3,-,-2,-1,-,1
23208,愛知県,尾張中西部・海部,津島市,―,b)日本人,c)女,a)総数,人口増減数（人）,20220101-31,-25,19,-28,49,-,-,2,-,6,1,-,-,-,-,-,-62,-,-,-2,-,-7,-,-,-,-1,-2,-,-
23209,愛知県,西三河,碧南市,―,b)日本人,c)女,a)総数,人口増減数（人）,20220101-31,-3,19,-38,54,-,-,3,2,5,-,-,1,3,2,-,-37,-,-,-3,-2,-1,-2,-,-2,-2,-5,-,-
23210,愛知県,西三河,刈谷市,―,b)日本人,c)女,a)総数,人口増減数（人）,20220101-31,26,61,-40,148,1,3,12,3,12,9,2,3,7,11,-,-154,-3,-,-18,-1,-7,-9,-,-1,-7,-5,-1,-
23211,愛知県,西三河,豊田市,―,b)日本人,c)女,a)総数,人口増減数（人）,20220101-31,-77,127,-166,181,1,4,35,11,36,14,4,3,9,65,-,-265,-7,-4,-30,-2,-29,-18,-3,-3,-13,-31,-,4
23212,愛知県,西三河,安城市,―,b)日本人,c)女,a)総数,人口増減数（人）,20220101-31,-21,52,-60,146,3,1,11,4,19,11,1,2,2,11,-,-152,-2,-4,-25,-,-14,-9,-,-,-10,-9,-,1
23213,愛知県,西三河,西尾市,―,b)日本人,c)女,a)総数,人口増減数（人）,20220101-31,-14,43,-85,103,-,-,10,1,11,2,2,-,5,7,-,-83,-,-1,-11,-,-6,-,-1,-,-1,-10,-,-
23214,愛知県,東三河,蒲郡市,―,b)日本人,c)女,a)総数,人口増減数（人）,20220101-31,-37,25,-52,44,-,-,2,-,3,2,2,-,2,-,-,-49,-,-,-8,-,-7,-1,-,-1,-,-1,-,2
23215,愛知県,尾張北東部,犬山市,―,b)日本人,c)女,a)総数,人口増減数（人）,20220101-31,-63,10,-54,32,1,-,3,-,11,1,1,-,1,4,-,-42,-,-1,-7,-1,-17,-5,-1,-,-,-1,-,2
23216,愛知県,知多,常滑市,―,b)日本人,c)女,a)総数,人口増減数（人）,20220101-31,-23,9,-40,47,-,2,7,-,5,4,-,-,4,4,-,-45,-1,-,-7,-,-7,-,-2,-,-2,-1,-,-
23217,愛知県,尾張北東部,江南市,―,b)日本人,c)女,a)総数,人口増減数（人）,20220101-31,-31,17,-43,61,2,-,9,-,10,1,-,-,2,1,-,-67,-1,-,-5,-1,-8,-6,-,-2,-2,-,-,1
23219,愛知県,尾張北東部,小牧市,―,b)日本人,c)女,a)総数,人口増減数（人）,20220101-31,2,37,-65,96,2,5,9,4,25,7,1,-,4,6,-,-91,-1,-1,-9,-1,-11,-5,-2,-,-5,-5,-,2
23220,愛知県,尾張中西部・海部,稲沢市,―,b)日本人,c)女,a)総数,人口増減数（人）,20220101-31,-46,34,-78,93,-,-,10,5,10,9,2,-,-,6,-,-91,-,-,-10,-3,-16,-9,-,-,-,-9,-,1
23221,愛知県,東三河,新城市,―,b)日本人,c)女,a)総数,人口増減数（人）,20220101-31,-31,7,-31,14,-,-,6,-,5,2,1,-,1,3,-,-33,-,-,-1,-1,-2,-2,-,-,-,-,-,-
23222,愛知県,知多,東海市,―,b)日本人,c)女,a)総数,人口増減数（人）,20220101-31,-37,34,-41,74,-,-,8,3,4,3,-,-,3,6,-,-100,-,-2,-7,-2,-10,-,-,-,-7,-3,-,-
23223,愛知県,知多,大府市,―,b)日本人,c)女,a)総数,人口増減数（人）,20220101-31,20,50,-34,81,-,-,2,1,6,3,-,-,5,15,-,-86,-,-1,-10,-,-5,-3,-,-,-4,-3,-,3
23224,愛知県,知多,知多市,―,b)日本人,c)女,a)総数,人口増減数（人）,20220101-31,-35,22,-46,76,-,3,2,-,3,5,-,-,2,-,-,-83,-3,-,-5,-,-1,-2,-2,-,-4,-2,-,-
23225,愛知県,西三河,知立市,―,b)日本人,c)女,a)総数,人口増減数（人）,20220101-31,-37,26,-32,60,1,-,4,-,6,2,-,3,2,7,-,-81,-2,-1,-4,-2,-8,-4,-,-,-5,-9,-,-
23226,愛知県,尾張北東部,尾張旭市,―,b)日本人,c)女,a)総数,人口増減数（人）,20220101-31,-13,20,-40,61,-,1,8,-,11,1,-,-,1,3,-,-50,-1,-,-11,-,-9,-2,-2,-,-,-4,-,-
23227,愛知県,西三河,高浜市,―,b)日本人,c)女,a)総数,人口増減数（人）,20220101-31,7,14,-19,45,-,1,-,-,2,1,-,-,2,5,-,-33,-1,-,-2,-1,-1,-1,-,-,-3,-3,-,1
23228,愛知県,尾張北東部,岩倉市,―,b)日本人,c)女,a)総数,人口増減数（人）,20220101-31,17,12,-18,63,-,-,5,-,7,3,1,1,-,2,-,-40,-1,-,-10,-,-4,-2,-,-,-,-2,-,-
23229,愛知県,尾張北東部,豊明市,―,b)日本人,c)女,a)総数,人口増減数（人）,20220101-31,-37,26,-25,55,1,-,3,1,3,-,-,-,1,4,-,-79,-1,-,-8,-1,-6,-4,-,-,-1,-4,-2,-
23230,愛知県,尾張北東部,日進市,―,b)日本人,c)女,a)総数,人口増減数（人）,20220101-31,28,38,-37,90,3,-,10,-,8,4,2,-,5,21,-,-72,-2,-,-17,-,-5,-5,-,-,-1,-14,-,-
23231,愛知県,東三河,田原市,―,b)日本人,c)女,a)総数,人口増減数（人）,20220101-31,-58,3,-54,20,-,1,-,-,4,1,1,-,2,2,-,-23,-,-,-7,-,-4,-2,-,-,-,-2,-,-
23232,愛知県,尾張中西部・海部,愛西市,―,b)日本人,c)女,a)総数,人口増減数（人）,20220101-31,-45,14,-44,38,-,1,-,-,9,-,1,-,2,4,-,-59,-,-,-3,-,-7,-,-1,-,-,-,-,-
23233,愛知県,尾張中西部・海部,清須市,―,b)日本人,c)女,a)総数,人口増減数（人）,20220101-31,6,30,-23,65,-,-,2,4,13,5,2,-,3,3,-,-82,-1,-,-5,-1,-6,-2,-1,-,-,-,-,-
23234,愛知県,尾張中西部・海部,北名古屋市,―,b)日本人,c)女,a)総数,人口増減数（人）,20220101-31,-14,30,-32,77,2,1,8,1,10,2,-,-,1,-,-,-86,-,-2,-12,-2,-5,-3,-,-1,-2,-1,-,-
23235,愛知県,尾張中西部・海部,弥富市,―,b)日本人,c)女,a)総数,人口増減数（人）,20220101-31,-23,10,-13,30,-,-,-,-,10,-,-,-,-,-,-,-46,-,-,-4,-1,-8,-1,-2,-,-,-,-,2
23236,愛知県,西三河,みよし市,―,b)日本人,c)女,a)総数,人口増減数（人）,20220101-31,32,22,-19,84,-,-,5,-,9,2,2,-,-,9,-,-59,-,-,-6,-,-4,-7,-,-,-3,-4,-,1
23237,愛知県,尾張中西部・海部,あま市,―,b)日本人,c)女,a)総数,人口増減数（人）,20220101-31,-9,27,-43,70,3,-,3,-,2,4,1,-,2,5,-,-64,-,-,-5,-,-9,-3,-,-,-2,-,-,-
23238,愛知県,尾張北東部,長久手市,―,b)日本人,c)女,a)総数,人口増減数（人）,20220101-31,31,23,-14,64,-,1,13,7,7,13,2,-,3,8,-,-51,-,-7,-12,-,-12,-4,-,-,-1,-9,-,-
23302,愛知県,尾張北東部,愛知郡,東郷町,b)日本人,c)女,a)総数,人口増減数（人）,20220101-31,2,19,-15,39,1,-,2,-,3,1,1,-,-,2,-,-43,-,-,-3,-,-1,-1,-,-,-,-3,-,-
23342,愛知県,尾張中西部・海部,西春日井郡,豊山町,b)日本人,c)女,a)総数,人口増減数（人）,20220101-31,-10,2,-7,11,-,-,-,-,4,2,1,-,-,-,-,-21,-,-,-2,-,-1,-1,-,-,-,-,-,2
23361,愛知県,尾張北東部,丹羽郡,大口町,b)日本人,c)女,a)総数,人口増減数（人）,20220101-31,-10,8,-10,18,-,-,-,1,2,-,-,-,-,-,-,-19,-,-,-2,-,-7,-,-,-,-1,-,-,-
23362,愛知県,尾張北東部,丹羽郡,扶桑町,b)日本人,c)女,a)総数,人口増減数（人）,20220101-31,-5,8,-13,30,-,-,1,-,10,-,-,-,1,-,-,-27,-,-,-5,-2,-7,-1,-,-,-1,-,-,1
23424,愛知県,尾張中西部・海部,海部郡,大治町,b)日本人,c)女,a)総数,人口増減数（人）,20220101-31,15,12,-15,31,1,-,2,2,6,2,-,-,1,1,-,-20,-1,-,-3,-,-2,-2,-,-,-,-,-,-
23425,愛知県,尾張中西部・海部,海部郡,蟹江町,b)日本人,c)女,a)総数,人口増減数（人）,20220101-31,-18,14,-29,28,1,-,2,4,4,1,1,-,2,-,-,-33,-,-1,-4,-,-1,-3,-,-,-1,-3,-,-
23427,愛知県,尾張中西部・海部,海部郡,飛島村,b)日本人,c)女,a)総数,人口増減数（人）,20220101-31,-4,-,-5,1,-,-,-,-,-,-,-,-,-,-,-,-,-,-,-,-,-,-,-,-,-,-,-,-
23441,愛知県,知多,知多郡,阿久比町,b)日本人,c)女,a)総数,人口増減数（人）,20220101-31,-11,8,-19,18,-,-,2,-,3,1,-,-,-,-,-,-21,-,-,-2,-,-,-2,-,-,-,-1,-,2
23442,愛知県,知多,知多郡,東浦町,b)日本人,c)女,a)総数,人口増減数（人）,20220101-31,-15,18,-29,39,-,-,2,-,3,1,-,-,-,2,-,-45,-,-1,-1,-,-2,-2,-,-,-,-,-,-
23445,愛知県,知多,知多郡,南知多町,b)日本人,c)女,a)総数,人口増減数（人）,20220101-31,-34,2,-23,6,-,-,-,1,-,-,-,-,-,1,-,-18,-,-,-,-,-1,-1,-,-,-1,-,-,-
23446,愛知県,知多,知多郡,美浜町,b)日本人,c)女,a)総数,人口増減数（人）,20220101-31,-2,4,-13,13,-,-,2,-,2,-,-,-,-,-,-,-8,-,-,-,-1,-,-1,-,-,-,-,-,-
23447,愛知県,知多,知多郡,武豊町,b)日本人,c)女,a)総数,人口増減数（人）,20220101-31,-14,10,-26,21,-,-,3,-,-,3,-,-,2,2,-,-17,-,-2,-3,-,-1,-2,-,-2,-,-2,-,-
23501,愛知県,西三河,額田郡,幸田町,b)日本人,c)女,a)総数,人口増減数（人）,20220101-31,-14,13,-17,37,1,-,1,-,2,2,-,-,2,-,-,-47,-,-,-3,-,-3,-1,-,-,-1,-3,-,3
23561,愛知県,東三河,北設楽郡,設楽町,b)日本人,c)女,a)総数,人口増減数（人）,20220101-31,-12,2,-10,1,-,-,-,-,-,-,-,-,-,-,-,-5,-,-,-1,-,-,-,-,-,-,-,-,1
23562,愛知県,東三河,北設楽郡,東栄町,b)日本人,c)女,a)総数,人口増減数（人）,20220101-31,-9,-,-6,-,-,-,-,-,-,-,-,-,-,-,-,-3,-,-,-,-,-,-,-,-,-,-,-,-
23563,愛知県,東三河,北設楽郡,豊根村,b)日本人,c)女,a)総数,人口増減数（人）,20220101-31,-2,-,-4,2,-,-,-,-,-,-,-,-,-,-,-,-,-,-,-,-,-,-,-,-,-,-,-,-
23000,愛知県,―,―,―,c)外国人,b)男,a)総数,人口増減数（人）,20220101-31,-583,102,-36,963,38,73,124,71,305,141,45,14,54,105,13,-997,-20,-52,-165,-83,-219,-92,-25,-10,-28,-571,-3,-330
23100,愛知県,名古屋,名古屋市,―,c)外国人,b)男,a)総数,人口増減数（人）,20220101-31,-253,20,-14,294,13,6,25,6,41,28,4,1,9,35,-,-309,-6,-19,-55,-7,-49,-28,-5,-1,-7,-94,-,-141
23101,愛知県,名古屋,名古屋市,千種区,c)外国人,b)男,a)総数,人口増減数（人）,20220101-31,-27,2,-,21,-,2,2,-,2,1,-,1,-,2,-,-24,-1,-1,-5,-,-4,-5,-1,-,-1,-7,-,-11
23102,愛知県,名古屋,名古屋市,東区,c)外国人,b)男,a)総数,人口増減数（人）,20220101-31,-4,-,-,13,-,-,2,-,-,-,-,-,-,3,-,-10,-,-,-1,-,-1,-,-,-,-1,-2,-,-7
23103,愛知県,名古屋,名古屋市,北区,c)外国人,b)男,a)総数,人口増減数（人）,20220101-31,-13,1,-2,13,2,-,2,-,-,-,-,-,1,2,-,-14,-,-2,-3,-,-,-2,-1,-,-,-1,-,-9
23104,愛知県,名古屋,名古屋市,西区,c)外国人,b)男,a)総数,人口増減数（人）,20220101-31,-6,3,-,24,-,-,2,1,5,-,-,-,3,1,-,-19,-3,-1,-2,-,-4,-,-1,-,-1,-6,-,-8
23105,愛知県,名古屋,名古屋市,中村区,c)外国人,b)男,a)総数,人口増減数（人）,20220101-31,-23,1,-3,28,-,-,4,1,5,1,-,-,-,5,-,-25,-1,-2,-13,-1,-7,-2,-,-1,-,-8,-,-5
23106,愛知県,名古屋,名古屋市,中区,c)外国人,b)男,a)総数,人口増減数（人）,20220101-31,-37,2,-3,32,2,-,3,-,3,8,-,-,1,2,-,-42,-,-4,-7,-1,-9,-4,-1,-,-1,-6,-,-12
23107,愛知県,名古屋,名古屋市,昭和区,c)外国人,b)男,a)総数,人口増減数（人）,20220101-31,-22,-,-,15,-,-,1,-,1,-,-,-,-,3,-,-25,-,-4,-6,-,-,-3,-,-,-,-1,-,-3
23108,愛知県,名古屋,名古屋市,瑞穂区,c)外国人,b)男,a)総数,人口増減数（人）,20220101-31,-4,-,-,9,-,-,1,-,2,-,1,-,-,1,-,-11,-,-,-1,-,-,-2,-,-,-,-2,-,-2
23109,愛知県,名古屋,名古屋市,熱田区,c)外国人,b)男,a)総数,人口増減数（人）,20220101-31,-16,-,-,3,2,-,-,-,3,1,1,-,-,-,-,-10,-,-,-3,-,-,-,-,-,-,-6,-,-7
23110,愛知県,名古屋,名古屋市,中川区,c)外国人,b)男,a)総数,人口増減数（人）,20220101-31,-20,2,-,36,1,1,3,1,2,3,-,-,-,5,-,-37,-,-,-,-1,-5,-2,-1,-,-,-9,-,-19
23111,愛知県,名古屋,名古屋市,港区,c)外国人,b)男,a)総数,人口増減数（人）,20220101-31,-38,4,-4,30,4,-,1,-,3,4,1,-,1,2,-,-28,-,-,-5,-2,-3,-4,-,-,-,-23,-,-19
23112,愛知県,名古屋,名古屋市,南区,c)外国人,b)男,a)総数,人口増減数（人）,20220101-31,-23,2,-,14,1,-,-,2,4,1,-,-,-,2,-,-17,-,-2,-1,-,-5,-,-,-,-2,-7,-,-15
23113,愛知県,名古屋,名古屋市,守山区,c)外国人,b)男,a)総数,人口増減数（人）,20220101-31,-9,-,-1,11,1,2,-,-,2,1,-,-,1,1,-,-7,-1,-3,-2,-1,-2,-1,-,-,-,-6,-,-4
23114,愛知県,名古屋,名古屋市,緑区,c)外国人,b)男,a)総数,人口増減数（人）,20220101-31,-3,2,-,18,-,-,1,-,1,6,-,-,2,2,-,-13,-,-,-,-1,-1,-2,-,-,-1,-3,-,-14
23115,愛知県,名古屋,名古屋市,名東区,c)外国人,b)男,a)総数,人口増減数（人）,20220101-31,12,1,-1,15,-,-,1,1,5,1,-,-,-,3,-,-4,-,-,-1,-,-5,-,-,-,-,-3,-,-1
23116,愛知県,名古屋,名古屋市,天白区,c)外国人,b)男,a)総数,人口増減数（人）,20220101-31,-20,-,-,12,-,1,2,-,3,1,1,-,-,1,-,-23,-,-,-5,-,-3,-1,-,-,-,-4,-,-5
23201,愛知県,東三河,豊橋市,―,c)外国人,b)男,a)総数,人口増減数（人）,20220101-31,-60,7,-6,23,-,7,9,11,31,4,4,4,5,2,-,-49,-1,-3,-11,-3,-31,-5,-4,-5,-4,-30,-,-15
23202,愛知県,西三河,岡崎市,―,c)外国人,b)男,a)総数,人口増減数（人）,20220101-31,-13,4,-3,50,2,5,2,7,15,7,3,-,2,9,-,-43,-3,-1,-6,-3,-12,-7,-,-,-1,-34,-,-6
23203,愛知県,尾張中西部・海部,一宮市,―,c)外国人,b)男,a)総数,人口増減数（人）,20220101-31,-41,-,-2,13,-,1,4,5,8,3,4,1,1,-,6,-19,-1,-2,-11,-,-9,-3,-,-,-,-16,-,-24
23204,愛知県,尾張北東部,瀬戸市,―,c)外国人,b)男,a)総数,人口増減数（人）,20220101-31,-8,1,-1,11,-,1,3,1,4,-,-,-,-,2,-,-15,-,-,-2,-1,-,-2,-1,-,-,-6,-,-3
23205,愛知県,知多,半田市,―,c)外国人,b)男,a)総数,人口増減数（人）,20220101-31,11,2,-,19,1,-,4,6,11,6,2,-,-,4,-,-22,-,-2,-1,-1,-3,-1,-,-,-,-8,-,-6
23206,愛知県,尾張北東部,春日井市,―,c)外国人,b)男,a)総数,人口増減数（人）,20220101-31,-19,3,-,15,1,1,4,1,6,5,-,-,3,3,-,-20,-,-1,-6,-4,-1,-1,-1,-,-,-18,-,-9
23207,愛知県,東三河,豊川市,―,c)外国人,b)男,a)総数,人口増減数（人）,20220101-31,-12,2,-,25,-,2,2,-,11,4,1,-,2,3,-,-20,-3,-1,-5,-4,-5,-2,-,-,-1,-17,-,-6
23208,愛知県,尾張中西部・海部,津島市,―,c)外国人,b)男,a)総数,人口増減数（人）,20220101-31,-21,-,-2,8,-,1,2,2,3,3,-,-,1,1,-,-11,-1,-,-3,-1,-2,-1,-1,-,-,-14,-,-6
23209,愛知県,西三河,碧南市,―,c)外国人,b)男,a)総数,人口増減数（人）,20220101-31,20,3,-,39,3,2,7,1,10,5,2,1,7,3,1,-30,-,-,-3,-3,-6,-,-1,-,-1,-14,-,-6
23210,愛知県,西三河,刈谷市,―,c)外国人,b)男,a)総数,人口増減数（人）,20220101-31,-28,2,-,23,2,1,11,1,7,3,2,-,-,1,-,-27,-,-2,-5,-,-4,-2,-,-,-1,-27,-,-13
23211,愛知県,西三河,豊田市,―,c)外国人,b)男,a)総数,人口増減数（人）,20220101-31,22,8,-1,66,2,9,9,10,34,11,3,1,4,11,-,-46,-,-3,-9,-5,-19,-6,-5,-,-4,-44,-,-4
23212,愛知県,西三河,安城市,―,c)外国人,b)男,a)総数,人口増減数（人）,20220101-31,-14,7,-,32,-,1,4,2,7,4,1,-,-,1,-,-41,-,-,-1,-1,-3,-,-,-,-1,-27,-,1
23213,愛知県,西三河,西尾市,―,c)外国人,b)男,a)総数,人口増減数（人）,20220101-31,-44,7,-,38,3,5,8,4,15,7,2,-,3,6,-,-59,-2,-5,-6,-19,-8,-14,-,-,-,-24,-,-5
23214,愛知県,東三河,蒲郡市,―,c)外国人,b)男,a)総数,人口増減数（人）,20220101-31,-6,3,-,5,-,-,1,-,1,2,-,-,-,-,-,-10,-,-1,-,-,-2,-,-,-,-1,-2,-,-2
23215,愛知県,尾張北東部,犬山市,―,c)外国人,b)男,a)総数,人口増減数（人）,20220101-31,-11,1,-,4,1,1,-,-,7,2,1,-,1,-,-,-6,-,-,-2,-,-2,-,-,-1,-,-12,-,-6
23216,愛知県,知多,常滑市,―,c)外国人,b)男,a)総数,人口増減数（人）,20220101-31,-12,-,-,6,-,-,-,-,-,-,-,-,-,-,-,-8,-,-1,-,-3,-2,-,-,-,-,-3,-,-1
23217,愛知県,尾張北東部,江南市,―,c)外国人,b)男,a)総数,人口増減数（人）,20220101-31,-4,-,-,5,-,-,1,-,3,-,-,-,-,1,-,-4,-,-1,-1,-2,-5,-,-,-,-,-2,-,1
23219,愛知県,尾張北東部,小牧市,―,c)外国人,b)男,a)総数,人口増減数（人）,20220101-31,-14,10,-,20,-,6,1,1,10,3,4,-,1,4,-,-16,-,-1,-3,-4,-12,-1,-2,-,-1,-29,-,-5
23220,愛知県,尾張中西部・海部,稲沢市,―,c)外国人,b)男,a)総数,人口増減数（人）,20220101-31,-14,1,-1,10,1,2,-,1,9,-,-,1,1,-,6,-13,-,-,-,-1,-6,-2,-,-1,-,-14,-,-8
23221,愛知県,東三河,新城市,―,c)外国人,b)男,a)総数,人口増減数（人）,20220101-31,-,-,-,4,-,-,-,-,5,4,-,-,-,2,-,-5,-,-,-,-,-,-,-,-,-1,-4,-,-5
23222,愛知県,知多,東海市,―,c)外国人,b)男,a)総数,人口増減数（人）,20220101-31,-7,1,-,4,-,1,-,-,2,-,-,-,-,-,-,-3,-,-2,-1,-,-2,-,-,-,-,-6,-,-1
23223,愛知県,知多,大府市,―,c)外国人,b)男,a)総数,人口増減数（人）,20220101-31,-2,-,-,13,2,1,2,-,2,2,-,-,-,2,-,-11,-,-1,-,-1,-1,-2,-,-,-,-6,-,-4
23224,愛知県,知多,知多市,―,c)外国人,b)男,a)総数,人口増減数（人）,20220101-31,-9,2,-1,5,1,-,1,-,2,-,-,-,-,1,-,-11,-,-,-,-1,-1,-1,-1,-1,-,-5,-,1
23225,愛知県,西三河,知立市,―,c)外国人,b)男,a)総数,人口増減数（人）,20220101-31,-4,3,-2,30,-,1,1,-,7,1,2,1,3,1,-,-20,-,-,-1,-1,-5,-2,-,-1,-2,-11,-,-9
23226,愛知県,尾張北東部,尾張旭市,―,c)外国人,b)男,a)総数,人口増減数（人）,20220101-31,-8,1,-,5,-,1,-,-,3,-,1,-,-,-,-,-8,-,-1,-3,-,-1,-,-,-,-,-4,-,-2
23227,愛知県,西三河,高浜市,―,c)外国人,b)男,a)総数,人口増減数（人）,20220101-31,16,2,-1,32,-,-,1,3,4,8,-,-,1,1,-,-19,-1,-,-1,-3,-1,-1,-,-,-,-8,-,-1
23228,愛知県,尾張北東部,岩倉市,―,c)外国人,b)男,a)総数,人口増減数（人）,20220101-31,-11,-,-,12,2,1,1,-,3,-,1,-,-,1,-,-20,-,-,-,-1,-4,-,-,-,-,-5,-,-2
23229,愛知県,尾張北東部,豊明市,―,c)外国人,b)男,a)総数,人口増減数（人）,20220101-31,4,5,-,20,1,-,3,-,1,2,1,1,-,3,-,-16,-,-1,-5,-,-1,-1,-,-,-,-5,-,-4
23230,愛知県,尾張北東部,日進市,―,c)外国人,b)男,a)総数,人口増減数（人）,20220101-31,-6,-,-,4,-,-,1,1,2,1,-,-,-,1,-,-8,-,-1,-2,-,-,-,-,-,-,-5,-,-
23231,愛知県,東三河,田原市,―,c)外国人,b)男,a)総数,人口増減数（人）,20220101-31,-7,-,-,2,-,2,1,-,-,-,-,1,-,-,-,-1,-,-1,-6,-,-,-,-,-,-,-2,-3,-
23232,愛知県,尾張中西部・海部,愛西市,―,c)外国人,b)男,a)総数,人口増減数（人）,20220101-31,3,-,-,3,-,-,-,-,6,1,1,-,-,-,-,-2,-,-,-,-,-,-1,-,-,-,-4,-,-1
23233,愛知県,尾張中西部・海部,清須市,―,c)外国人,b)男,a)総数,人口増減数（人）,20220101-31,-7,-,-,7,-,2,-,1,3,1,-,-,-,-,-,-4,-,-,-2,-1,-1,-,-,-,-,-8,-,-5
23234,愛知県,尾張中西部・海部,北名古屋市,―,c)外国人,b)男,a)総数,人口増減数（人）,20220101-31,-9,-,-,11,-,1,1,2,-,2,-,-,2,1,-,-10,-1,-,-,-,-2,-1,-,-,-,-6,-,-9
23235,愛知県,尾張中西部・海部,弥富市,―,c)外国人,b)男,a)総数,人口増減数（人）,20220101-31,9,2,-,13,-,3,-,-,7,2,-,-,1,-,-,-4,-,-1,-,-,-4,-2,-,-,-1,-7,-,-
23236,愛知県,西三河,みよし市,―,c)外国人,b)男,a)総数,人口増減数（人）,20220101-31,14,-,-1,15,1,5,5,1,7,2,1,-,2,-,-,-15,-,-,-,-,-2,-2,-,-,-,-1,-,-4
23237,愛知県,尾張中西部・海部,あま市,―,c)外国人,b)男,a)総数,人口増減数（人）,20220101-31,-15,-,-,14,-,1,-,-,3,4,1,-,-,3,-,-16,-,-,-6,-3,-4,-1,-,-,-,-7,-,-4
23238,愛知県,尾張北東部,長久手市,―,c)外国人,b)男,a)総数,人口増減数（人）,20220101-31,-5,-,-,1,-,-,-,-,3,-,1,-,-,1,-,-3,-,-,-1,-,-,-,-,-,-,-4,-,-3
23302,愛知県,尾張北東部,愛知郡,東郷町,c)外国人,b)男,a)総数,人口増減数（人）,20220101-31,-7,2,-,11,-,-,-,-,1,-,2,-,-,-,-,-7,-,-,-1,-1,-3,-,-1,-,-1,-6,-,-3
23342,愛知県,尾張中西部・海部,西春日井郡,豊山町,c)外国人,b)男,a)総数,人口増減数（人）,20220101-31,-2,-,-,1,-,-,3,-,1,-,-,-,-,-,-,-2,-,-,-2,-,-1,-,-,-,-,-1,-,-1
23361,愛知県,尾張北東部,丹羽郡,大口町,c)外国人,b)男,a)総数,人口増減数（人）,20220101-31,-,-,-,1,2,-,-,-,-,4,-,-,-,-,-,-2,-,-,-,-,-,-,-,-,-,-1,-,-4
23362,愛知県,尾張北東部,丹羽郡,扶桑町,c)外国人,b)男,a)総数,人口増減数（人）,20220101-31,2,-,-,2,-,-,-,-,1,1,-,-,-,-,-,-2,-,-,-,-,-,-,-,-,-,-,-,-
23424,愛知県,尾張中西部・海部,海部郡,大治町,c)外国人,b)男,a)総数,人口増減数（人）,20220101-31,6,-,-,12,-,-,-,1,-,1,-,-,-,-,-,-3,-,-1,-1,-,-,-,-,-,-,-1,-,-2
23425,愛知県,尾張中西部・海部,海部郡,蟹江町,c)外国人,b)男,a)総数,人口増減数（人）,20220101-31,-3,1,-1,7,-,-,1,1,4,-,-,-,-,-,-,-12,-,-,-,-,-,-,-1,-,-,-2,-,-1
23427,愛知県,尾張中西部・海部,海部郡,飛島村,c)外国人,b)男,a)総数,人口増減数（人）,20220101-31,-7,-,-,2,-,-,1,1,-,-,-,-,-,-,-,-2,-,-,-,-1,-,-,-,-,-,-6,-,-2
23441,愛知県,知多,知多郡,阿久比町,c)外国人,b)男,a)総数,人口増減数（人）,20220101-31,2,1,-,2,-,1,-,-,-,1,-,-,-,-,-,-2,-,-,-,-,-,-,-,-,-,-,-,-1
23442,愛知県,知多,知多郡,東浦町,c)外国人,b)男,a)総数,人口増減数（人）,20220101-31,1,1,-,15,-,-,1,-,-,3,-,-,-,-,-,-6,-,-,-,-,-3,-1,-2,-,-1,-6,-,-
23445,愛知県,知多,知多郡,南知多町,c)外国人,b)男,a)総数,人口増減数（人）,20220101-31,5,-,-,1,-,2,2,1,1,1,-,-,3,-,-,-,-,-,-2,-,-,-1,-,-,-,-3,-,-
23446,愛知県,知多,知多郡,美浜町,c)外国人,b)男,a)総数,人口増減数（人）,20220101-31,-1,-,-,1,-,-,-,-,-,-,-,-,-,-,-,-,-1,-,-,-,-,-,-,-,-,-2,-,1
23447,愛知県,知多,知多郡,武豊町,c)外国人,b)男,a)総数,人口増減数（人）,20220101-31,2,-,-,6,-,-,2,-,4,2,-,2,2,1,-,-12,-,-,-1,-,-,-1,-,-,-,-5,-,2
23501,愛知県,西三河,額田郡,幸田町,c)外国人,b)男,a)総数,人口増減数（人）,20220101-31,-16,-,-,1,-,-,-,-,-,1,1,-,-,1,-,-3,-,-,-,-8,-2,-,-,-,-,-5,-,-2
23561,愛知県,東三河,北設楽郡,設楽町,c)外国人,b)男,a)総数,人口増減数（人）,20220101-31,-,-,-,-,-,-,-,-,-,-,-,-,-,-,-,-,-,-,-,-,-,-,-,-,-,-,-,-
23562,愛知県,東三河,北設楽郡,東栄町,c)外国人,b)男,a)総数,人口増減数（人）,20220101-31,-,-,-,-,-,-,-,-,-,-,-,-,-,-,-,-,-,-,-,-,-,-,-,-,-,-,-,-
23563,愛知県,東三河,北設楽郡,豊根村,c)外国人,b)男,a)総数,人口増減数（人）,20220101-31,-,-,-,-,-,-,-,-,-,-,-,-,-,-,-,-,-,-,-,-,-,-,-,-,-,-,-,-
23000,愛知県,―,―,―,c)外国人,c)女,a)総数,人口増減数（人）,20220101-31,-338,99,-39,725,27,38,68,55,193,69,35,13,47,123,6,-752,-6,-24,-111,-42,-158,-62,-19,-4,-21,-394,-2,-202
23100,愛知県,名古屋,名古屋市,―,c)外国人,c)女,a)総数,人口増減数（人）,20220101-31,-134,26,-25,260,3,2,23,10,33,9,6,4,12,27,-,-252,-2,-5,-48,-7,-46,-16,-3,-1,-3,-55,-,-86
23101,愛知県,名古屋,名古屋市,千種区,c)外国人,c)女,a)総数,人口増減数（人）,20220101-31,-23,1,-1,11,-,-,-,-,-,-,-,-,2,3,-,-19,-,-1,-3,-,-2,-3,-,-,-,-3,-,-8
23102,愛知県,名古屋,名古屋市,東区,c)外国人,c)女,a)総数,人口増減数（人）,20220101-31,-11,-,-,16,-,-,-,-,-,-,-,-,-,2,-,-19,-,-,-1,-1,-1,-,-,-,-,-1,-,-6
23103,愛知県,名古屋,名古屋市,北区,c)外国人,c)女,a)総数,人口増減数（人）,20220101-31,-13,1,-5,11,-,-,3,2,-,2,-,-,-,2,-,-14,-,-2,-2,-1,-3,-,-,-,-,-2,-,-5
23104,愛知県,名古屋,名古屋市,西区,c)外国人,c)女,a)総数,人口増減数（人）,20220101-31,-11,-,-2,16,-,-,2,-,4,-,1,-,2,2,-,-13,-1,-,-4,-3,-1,-2,-,-,-,-7,-,-5
23105,愛知県,名古屋,名古屋市,中村区,c)外国人,c)女,a)総数,人口増減数（人）,20220101-31,-13,2,-2,18,-,-,4,-,1,1,-,-,1,4,-,-14,-,-,-4,-,-6,-1,-,-1,-,-6,-,-10
23106,愛知県,名古屋,名古屋市,中区,c)外国人,c)女,a)総数,人口増減数（人）,20220101-31,2,4,-1,49,1,-,4,1,7,2,1,1,2,3,-,-29,-,-,-6,-,-6,-2,-1,-,-1,-12,-,-15
23107,愛知県,名古屋,名古屋市,昭和区,c)外国人,c)女,a)総数,人口増減数（人）,20220101-31,-25,1,-,12,-,1,2,-,1,-,-,-,-,-,-,-21,-,-,-6,-,-4,-2,-,-,-,-3,-,-6
23108,愛知県,名古屋,名古屋市,瑞穂区,c)外国人,c)女,a)総数,人口増減数（人）,20220101-31,-,-,-1,14,-,-,-,-,2,1,1,-,-,-,-,-11,-,-,-,-,-1,-,-,-,-,-1,-,-4
23109,愛知県,名古屋,名古屋市,熱田区,c)外国人,c)女,a)総数,人口増減数（人）,20220101-31,-8,2,-1,5,-,-,-,-,-,-,-,2,-,-,-,-10,-,-,-4,-1,-,-,-,-,-,-,-,-1
23110,愛知県,名古屋,名古屋市,中川区,c)外国人,c)女,a)総数,人口増減数（人）,20220101-31,-2,3,-,20,-,-,1,1,3,-,-,-,1,2,-,-23,-,-1,-3,-,-1,-1,-1,-,-1,-,-,-2
23111,愛知県,名古屋,名古屋市,港区,c)外国人,c)女,a)総数,人口増減数（人）,20220101-31,-18,3,-2,21,1,-,2,-,3,2,-,-,1,2,-,-22,-1,-,-5,-,-5,-4,-,-,-,-11,-,-3
23112,愛知県,名古屋,名古屋市,南区,c)外国人,c)女,a)総数,人口増減数（人）,20220101-31,-2,4,-3,17,-,-,1,2,7,-,1,-,1,2,-,-11,-,-,-1,-,-6,-,-,-,-,-4,-,-12
23113,愛知県,名古屋,名古屋市,守山区,c)外国人,c)女,a)総数,人口増減数（人）,20220101-31,1,1,-1,13,-,-,-,2,-,-,1,-,-,1,-,-9,-,-1,-2,-,-1,-,-,-,-,-1,-,-2
23114,愛知県,名古屋,名古屋市,緑区,c)外国人,c)女,a)総数,人口増減数（人）,20220101-31,-4,1,-3,17,1,-,1,-,-,1,1,-,1,3,-,-14,-,-,-3,-1,-1,-1,-,-,-,-3,-,-4
23115,愛知県,名古屋,名古屋市,名東区,c)外国人,c)女,a)総数,人口増減数（人）,20220101-31,-3,1,-2,7,-,-,2,2,1,-,-,-,-,-,-,-7,-,-,-,-,-3,-,-1,-,-1,-,-,-2
23116,愛知県,名古屋,名古屋市,天白区,c)外国人,c)女,a)総数,人口増減数（人）,20220101-31,-4,2,-1,13,-,1,1,-,4,-,-,1,1,1,-,-16,-,-,-4,-,-5,-,-,-,-,-1,-,-1
23201,愛知県,東三河,豊橋市,―,c)外国人,c)女,a)総数,人口増減数（人）,20220101-31,-15,4,-1,24,2,5,5,5,12,2,4,1,4,7,-,-13,-,-1,-5,-,-15,-5,-4,-,-1,-28,-,-17
23202,愛知県,西三河,岡崎市,―,c)外国人,c)女,a)総数,人口増減数（人）,20220101-31,-14,2,-,41,-,3,6,9,7,2,3,-,1,9,-,-29,-,-4,-3,-1,-11,-7,-1,-,-4,-27,-,-10
23203,愛知県,尾張中西部・海部,一宮市,―,c)外国人,c)女,a)総数,人口増減数（人）,20220101-31,-11,1,-,10,1,3,5,3,7,3,1,-,2,-,5,-13,-,-1,-4,-3,-3,-1,-1,-,-1,-14,-,-11
23204,愛知県,尾張北東部,瀬戸市,―,c)外国人,c)女,a)総数,人口増減数（人）,20220101-31,1,-,-1,14,-,1,1,-,1,-,-,-,-,1,-,-7,-,-1,-1,-,-1,-1,-,-,-,-6,-,1
23205,愛知県,知多,半田市,―,c)外国人,c)女,a)総数,人口増減数（人）,20220101-31,-6,3,-,12,-,1,2,3,2,2,-,-,-,2,-,-17,-,-,-,-2,-3,-1,-,-,-1,-7,-,-2
23206,愛知県,尾張北東部,春日井市,―,c)外国人,c)女,a)総数,人口増減数（人）,20220101-31,1,3,-2,15,1,-,1,2,10,4,1,-,1,9,-,-13,-,-,-7,-2,-2,-1,-,-,-,-10,-,-9
23207,愛知県,東三河,豊川市,―,c)外国人,c)女,a)総数,人口増減数（人）,20220101-31,-26,-,-2,16,-,1,1,-,8,3,1,-,1,2,-,-17,-1,-1,-4,-3,-5,-4,-,-,-,-14,-,-8
23208,愛知県,尾張中西部・海部,津島市,―,c)外国人,c)女,a)総数,人口増減数（人）,20220101-31,-7,-,-,9,3,-,-,-,-,-,-,-,-,1,-,-6,-,-2,-2,-,-2,-3,-,-,-,-4,-,-1
23209,愛知県,西三河,碧南市,―,c)外国人,c)女,a)総数,人口増減数（人）,20220101-31,15,3,-,27,1,1,1,-,8,1,1,-,1,6,-,-18,-,-,-1,-3,-2,-,-,-,-,-11,-,-
23210,愛知県,西三河,刈谷市,―,c)外国人,c)女,a)総数,人口増減数（人）,20220101-31,-9,2,-1,17,-,-,2,-,3,2,1,1,-,3,-,-24,-,-,-2,-,-5,-,-,-,-,-3,-,-5
23211,愛知県,西三河,豊田市,―,c)外国人,c)女,a)総数,人口増減数（人）,20220101-31,-14,6,-,35,2,7,1,2,9,11,1,-,2,14,-,-33,-,-1,-4,-2,-8,-1,-2,-1,-,-47,-,-5
23212,愛知県,西三河,安城市,―,c)外国人,c)女,a)総数,人口増減数（人）,20220101-31,-7,5,-,20,-,1,2,1,6,2,-,-,7,4,-,-34,-2,-,-3,-2,-3,-,-,-,-,-8,-,-3
23213,愛知県,西三河,西尾市,―,c)外国人,c)女,a)総数,人口増減数（人）,20220101-31,4,5,-1,33,2,2,1,1,7,6,4,-,-,7,-,-28,-,-2,-1,-3,-2,-2,-1,-,-,-23,-,-1
23214,愛知県,東三河,蒲郡市,―,c)外国人,c)女,a)総数,人口増減数（人）,20220101-31,-20,3,-,6,-,-,1,-,4,1,-,-,-,2,-,-15,-,-2,-,-,-4,-,-1,-,-2,-6,-,-7
23215,愛知県,尾張北東部,犬山市,―,c)外国人,c)女,a)総数,人口増減数（人）,20220101-31,-11,1,-,2,-,-,-,-,3,1,1,-,1,-,-,-9,-,-,-2,-,-4,-,-,-,-,-,-,-5
23216,愛知県,知多,常滑市,―,c)外国人,c)女,a)総数,人口増減数（人）,20220101-31,-8,-,-,4,-,3,-,-,1,1,-,-,-,-,-,-8,-,-,-,-1,-2,-1,-,-1,-,-2,-,-2
23217,愛知県,尾張北東部,江南市,―,c)外国人,c)女,a)総数,人口増減数（人）,20220101-31,9,1,-,11,-,-,-,-,4,1,-,-,3,-,-,-1,-,-,-,-,-3,-1,-,-,-,-1,-,-5
23219,愛知県,尾張北東部,小牧市,―,c)外国人,c)女,a)総数,人口増減数（人）,20220101-31,-3,5,-,20,2,1,7,2,8,5,3,1,2,1,-,-21,-,-,-2,-4,-12,-4,-1,-,-3,-9,-,-4
23220,愛知県,尾張中西部・海部,稲沢市,―,c)外国人,c)女,a)総数,人口増減数（人）,20220101-31,10,1,-,10,2,2,-,1,7,-,1,-,4,-,1,-10,-,-,-,-2,-2,-,-1,-,-,-5,-,1
23221,愛知県,東三河,新城市,―,c)外国人,c)女,a)総数,人口増減数（人）,20220101-31,-7,-,-,1,-,-,-,-,1,-,-,-,-,-,-,-8,-,-,-,-,-,-,-,-,-1,-,-,-
23222,愛知県,知多,東海市,―,c)外国人,c)女,a)総数,人口増減数（人）,20220101-31,-6,-,-,2,-,-,-,-,1,1,-,2,-,1,-,-3,-,-,-1,-,-1,-1,-,-,-,-6,-,-1
23223,愛知県,知多,大府市,―,c)外国人,c)女,a)総数,人口増減数（人）,20220101-31,-12,-,-,7,2,-,1,-,1,-,-,-,-,-,-,-1,-,-1,-,-,-2,-,-,-,-2,-11,-,-6
23224,愛知県,知多,知多市,―,c)外国人,c)女,a)総数,人口増減数（人）,20220101-31,-9,2,-,4,-,-,1,1,-,-,-,1,-,3,-,-9,-,-,-,-,-,-2,-,-,-1,-8,-,-1
23225,愛知県,西三河,知立市,―,c)外国人,c)女,a)総数,人口増減数（人）,20220101-31,-2,-,-,8,-,1,1,-,13,-,2,-,-,3,-,-19,-,-,-,-1,-2,-,-,-,-,-4,-,-4
23226,愛知県,尾張北東部,尾張旭市,―,c)外国人,c)女,a)総数,人口増減数（人）,20220101-31,-1,-,-,4,-,-,-,-,1,-,-,1,-,-,-,-1,-,-,-1,-,-,-,-1,-,-,-3,-,-1
23227,愛知県,西三河,高浜市,―,c)外国人,c)女,a)総数,人口増減数（人）,20220101-31,-1,4,-,11,1,1,-,4,6,2,-,-,1,2,-,-17,-,-1,-1,-1,-1,-,-,-,-,-11,-,-1
23228,愛知県,尾張北東部,岩倉市,―,c)外国人,c)女,a)総数,人口増減数（人）,20220101-31,-3,3,-2,9,-,1,-,3,3,-,2,-,-,4,-,-18,-,-,-,-2,-3,-1,-,-,-,-3,-,1
23229,愛知県,尾張北東部,豊明市,―,c)外国人,c)女,a)総数,人口増減数（人）,20220101-31,10,6,-,5,1,-,-,1,2,2,-,-,-,7,-,-5,-,-,-,-1,-,-2,-,-,-,-5,-,-1
23230,愛知県,尾張北東部,日進市,―,c)外国人,c)女,a)総数,人口増減数（人）,20220101-31,7,2,-,21,-,-,-,1,-,-,-,-,-,1,-,-8,-,-1,-3,-,-,-,-,-,-,-5,-,-1
23231,愛知県,東三河,田原市,―,c)外国人,c)女,a)総数,人口増減数（人）,20220101-31,-8,-,-,5,1,-,1,1,1,1,-,-,-,-,-,-3,-,-1,-1,-,-1,-,-,-,-,-10,-2,-
23232,愛知県,尾張中西部・海部,愛西市,―,c)外国人,c)女,a)総数,人口増減数（人）,20220101-31,-1,-,-,6,-,-,-,-,4,-,-,-,-,-,-,-3,-,-,-,-,-,-,-,-,-,-9,-,1
23233,愛知県,尾張中西部・海部,清須市,―,c)外国人,c)女,a)総数,人口増減数（人）,20220101-31,-7,-,-1,2,-,-,-,1,1,-,-,-,-,-,-,-5,-,-,-1,-,-,-1,-,-,-,-2,-,-1
23234,愛知県,尾張中西部・海部,北名古屋市,―,c)外国人,c)女,a)総数,人口増減数（人）,20220101-31,-9,1,-,7,1,-,-,-,1,-,-,-,-,-,-,-11,-,-,-,-,-1,-,-,-,-,-4,-,-3
23235,愛知県,尾張中西部・海部,弥富市,―,c)外国人,c)女,a)総数,人口増減数（人）,20220101-31,5,2,-,1,-,1,-,1,5,1,-,-,2,2,-,-4,-,-,-,-,-3,-,-1,-,-1,-4,-,3
23236,愛知県,西三河,みよし市,―,c)外国人,c)女,a)総数,人口増減数（人）,20220101-31,-3,1,-1,9,-,1,1,-,3,-,-,-,-,-,-,-6,-,-,-2,-1,-3,-,-,-,-,-1,-,-4
23237,愛知県,尾張中西部・海部,あま市,―,c)外国人,c)女,a)総数,人口増減数（人）,20220101-31,-,-,-1,8,-,-,-,-,2,1,-,-,-,2,-,-6,-,-,-,-,-,-,-,-,-,-4,-,-2
23238,愛知県,尾張北東部,長久手市,―,c)外国人,c)女,a)総数,人口増減数（人）,20220101-31,-2,-,-,-,-,-,-,-,-,-,-,-,-,3,-,-2,-,-,-1,-,-,-,-,-,-,-1,-,-1
23302,愛知県,尾張北東部,愛知郡,東郷町,c)外国人,c)女,a)総数,人口増減数（人）,20220101-31,-17,-,-,5,-,-,1,-,-,-,1,-,-,-,-,-17,-,-,-1,-,-,-,-,-,-,-5,-,-1
23342,愛知県,尾張中西部・海部,西春日井郡,豊山町,c)外国人,c)女,a)総数,人口増減数（人）,20220101-31,-5,2,-,1,-,-,-,-,1,-,-,-,-,-,-,-4,-,-,-3,-,-,-,-,-,-,-2,-,-
23361,愛知県,尾張北東部,丹羽郡,大口町,c)外国人,c)女,a)総数,人口増減数（人）,20220101-31,-2,1,-,-,-,-,-,-,-,1,-,-,-,-,-,-,-1,-,-,-,-1,-1,-,-,-,-1,-,-
23362,愛知県,尾張北東部,丹羽郡,扶桑町,c)外国人,c)女,a)総数,人口増減数（人）,20220101-31,-5,-,-,3,-,-,-,-,-,-,-,-,-,-,-,-4,-,-,-,-,-,-,-,-,-1,-1,-,-2
23424,愛知県,尾張中西部・海部,海部郡,大治町,c)外国人,c)女,a)総数,人口増減数（人）,20220101-31,5,-,-,6,-,-,-,1,-,1,1,-,1,-,-,-3,-,-,-2,-,-,-,-,-,-,-,-,-
23425,愛知県,尾張中西部・海部,海部郡,蟹江町,c)外国人,c)女,a)総数,人口増減数（人）,20220101-31,-8,1,-,3,-,-,-,-,3,-,-,-,-,-,-,-9,-,-,-,-,-,-3,-,-,-,-3,-,-
23427,愛知県,尾張中西部・海部,海部郡,飛島村,c)外国人,c)女,a)総数,人口増減数（人）,20220101-31,-1,-,-,-,-,-,-,-,-,-,-,-,1,-,-,-,-,-,-,-,-,-1,-,-,-,-,-,-1
23441,愛知県,知多,知多郡,阿久比町,c)外国人,c)女,a)総数,人口増減数（人）,20220101-31,-,-,-,2,-,-,-,-,-,1,-,-,-,-,-,-2,-,-,-,-,-,-,-,-,-,-,-,-1
23442,愛知県,知多,知多郡,東浦町,c)外国人,c)女,a)総数,人口増減数（人）,20220101-31,-8,1,-,4,-,-,-,1,-,-,-,-,-,-,-,-3,-,-,-2,-,-2,-,-2,-,-,-5,-,-
23445,愛知県,知多,知多郡,南知多町,c)外国人,c)女,a)総数,人口増減数（人）,20220101-31,4,-,-,2,2,-,2,1,-,-,-,-,-,-,-,-1,-,-,-,-,-,-1,-,-,-,-1,-,-
23446,愛知県,知多,知多郡,美浜町,c)外国人,c)女,a)総数,人口増減数（人）,20220101-31,-,-,-1,1,-,-,-,-,-,-,-,-,-,-,-,-,-,-,-,-,-,-,-,-,-,-,-,-
23447,愛知県,知多,知多郡,武豊町,c)外国人,c)女,a)総数,人口増減数（人）,20220101-31,-3,1,-,1,-,-,-,-,3,-,-,2,1,-,-,-7,-,-,-2,-,-1,-,-,-1,-,-3,-,3
23501,愛知県,西三河,額田郡,幸田町,c)外国人,c)女,a)総数,人口増減数（人）,20220101-31,-4,1,-,1,-,-,1,-,1,2,1,-,-,-,-,-5,-,-,-1,-1,-2,-1,-,-,-,-2,-,1
23561,愛知県,東三河,北設楽郡,設楽町,c)外国人,c)女,a)総数,人口増減数（人）,20220101-31,-,-,-,-,-,-,-,-,-,-,-,-,-,-,-,-,-,-,-,-,-,-,-,-,-,-,-,-
23562,愛知県,東三河,北設楽郡,東栄町,c)外国人,c)女,a)総数,人口増減数（人）,20220101-31,-,-,-,-,-,-,-,-,-,-,-,-,-,-,-,-,-,-,-,-,-,-,-,-,-,-,-,-
23563,愛知県,東三河,北設楽郡,豊根村,c)外国人,c)女,a)総数,人口増減数（人）,20220101-31,-,-,-,-,-,-,-,-,-,-,-,-,-,-,-,-,-,-,-,-,-,-,-,-,-,-,-,-
23000,愛知県,―,―,―,a)日外他,a)男女,b) 0〜 4歳,人口増減数（人）,20220101-31,4661,4776,-10,988,10,7,101,27,100,51,17,13,30,97,1,-1012,-22,-19,-95,-14,-132,-78,-10,-10,-43,-105,-,-7
23000,愛知県,―,―,―,a)日外他,a)男女,c) 5〜 9歳,人口増減数（人）,20220101-31,52,-,-2,288,13,4,35,4,35,15,5,2,7,125,-,-286,-9,-4,-29,-3,-30,-19,-3,-2,-16,-75,-,-3
23000,愛知県,―,―,―,a)日外他,a)男女,d)10〜14歳,人口増減数（人）,20220101-31,52,-,-,119,1,6,13,5,20,15,2,1,4,91,1,-129,-2,-2,-16,-2,-12,-8,-4,-4,-6,-40,-,-1
23000,愛知県,―,―,―,a)日外他,a)男女,e)15〜19歳,人口増減数（人）,20220101-31,-76,-,-8,339,13,10,17,18,73,23,5,6,10,39,-,-434,-9,-5,-37,-10,-51,-20,-8,-6,-21,-18,-,-2
23000,愛知県,―,―,―,a)日外他,a)男女,f)20〜24歳,人口増減数（人）,20220101-31,-420,-,-15,2173,73,49,296,130,468,216,66,37,141,39,2,-2344,-42,-35,-500,-80,-356,-237,-51,-20,-120,-231,-3,-76
23000,愛知県,―,―,―,a)日外他,a)男女,g)25〜29歳,人口増減数（人）,20220101-31,-475,-,-22,3602,101,80,454,114,626,335,84,39,176,80,3,-3749,-62,-69,-719,-98,-520,-284,-46,-35,-120,-348,-1,-96
23000,愛知県,―,―,―,a)日外他,a)男女,h)30〜34歳,人口増減数（人）,20220101-31,-301,-,-18,2441,51,33,296,70,366,184,40,19,85,118,3,-2498,-43,-51,-332,-56,-324,-162,-26,-21,-96,-283,-2,-95
23000,愛知県,―,―,―,a)日外他,a)男女,i)35〜39歳,人口増減数（人）,20220101-31,-91,-,-22,1397,42,24,183,52,222,105,29,12,48,205,2,-1425,-28,-28,-210,-36,-220,-96,-11,-11,-54,-233,-2,-36
23000,愛知県,―,―,―,a)日外他,a)男女,j)40〜44歳,人口増減数（人）,20220101-31,92,-,-25,838,26,21,120,34,146,76,19,7,42,239,4,-844,-14,-12,-120,-33,-126,-71,-18,-10,-42,-149,-,-16
23000,愛知県,―,―,―,a)日外他,a)男女,k)45〜49歳,人口増減数（人）,20220101-31,60,-,-65,680,24,15,100,28,113,67,21,7,32,161,2,-688,-14,-13,-90,-21,-86,-61,-11,-1,-40,-91,-,-9
23000,愛知県,―,―,―,a)日外他,a)男女,l)50〜54歳,人口増減数（人）,20220101-31,-86,-,-128,568,13,8,85,23,97,42,12,7,20,146,-,-576,-9,-8,-114,-20,-68,-54,-11,-2,-24,-80,-1,-12
23000,愛知県,―,―,―,a)日外他,a)男女,m)55〜59歳,人口増減数（人）,20220101-31,-130,-,-145,378,9,7,51,15,50,28,7,2,11,113,-,-387,-12,-5,-48,-15,-55,-31,-5,-2,-25,-65,-,-6
23000,愛知県,―,―,―,a)日外他,a)男女,n)60〜64歳,人口増減数（人）,20220101-31,-178,-,-218,276,8,4,35,9,33,17,2,4,5,69,2,-271,-2,-4,-21,-11,-42,-17,-6,-3,-19,-21,-,-7
23000,愛知県,―,―,―,a)日外他,a)男女,o)65〜69歳,人口増減数（人）,20220101-31,-347,-,-343,206,4,3,23,8,26,10,3,1,10,10,2,-207,-5,-1,-15,-6,-25,-15,-1,-1,-10,-19,-,-5
23000,愛知県,―,―,―,a)日外他,a)男女,p)70〜74歳,人口増減数（人）,20220101-31,-730,-,-742,210,3,-,12,6,32,10,4,3,4,7,-,-207,-1,-4,-16,-5,-20,-8,-1,-,-10,-4,-,-3
23000,愛知県,―,―,―,a)日外他,a)男女,q)75〜79歳,人口増減数（人）,20220101-31,-951,-,-943,139,3,1,13,3,12,7,1,3,4,3,-,-147,-1,-3,-14,-3,-13,-6,-,-,-2,-3,-,-5
23000,愛知県,―,―,―,a)日外他,a)男女,r)80〜84歳,人口増減数（人）,20220101-31,-1410,-,-1421,151,3,-,7,1,16,8,2,2,9,2,-,-156,-,-2,-9,-5,-14,-2,-1,-,-3,-2,-,4
23000,愛知県,―,―,―,a)日外他,a)男女,s)85〜89歳,人口増減数（人）,20220101-31,-1698,-,-1700,145,-,-,5,3,17,6,1,2,2,-,-,-155,-,-,-12,-1,-9,-2,-,-1,-3,-,-,4
23000,愛知県,―,―,―,a)日外他,a)男女,t)90〜94歳,人口増減数（人）,20220101-31,-1363,-,-1365,69,-,1,4,1,8,5,2,-,1,-,-,-74,-,-,-1,-,-12,-2,-,-,-,-,-,-
23000,愛知県,―,―,―,a)日外他,a)男女,u)95〜99歳,人口増減数（人）,20220101-31,-645,-,-642,26,-,-,1,-,2,-,1,-,-,-,-,-26,-,-,-2,-,-3,-1,-,-,-1,-,-,-
23000,愛知県,―,―,―,a)日外他,a)男女,x)100歳以上,人口増減数（人）,20220101-31,-160,-,-160,3,-,-,-,-,-,-,-,-,-,-,-,-3,-,-,-,-,-,-,-,-,-,-,-,-
23000,愛知県,―,―,―,b)日本人,a)男女,a)総数,人口増減数（人）,20220101-31,-3223,4575,-7919,13348,332,162,1659,425,1964,1010,243,140,540,1316,3,-13869,-249,-189,-2124,-294,-1741,-1020,-169,-115,-606,-802,-4,161
23000,愛知県,―,―,―,b)日本人,a)男女,b) 0〜 4歳,人口増減数（人）,20220101-31,4498,4575,-9,924,9,5,97,26,88,47,14,12,30,93,-,-947,-22,-16,-88,-14,-116,-74,-9,-10,-42,-93,-,18
23000,愛知県,―,―,―,b)日本人,a)男女,c) 5〜 9歳,人口増減数（人）,20220101-31,58,-,-2,254,13,2,33,4,20,12,4,2,5,116,-,-250,-9,-3,-24,-3,-24,-19,-2,-2,-16,-64,-,11
23000,愛知県,―,―,―,b)日本人,a)男女,d)10〜14歳,人口増減数（人）,20220101-31,46,-,-,102,1,2,9,2,11,12,2,1,4,85,-,-111,-2,-2,-13,-2,-10,-7,-3,-4,-6,-30,-,5
23000,愛知県,―,―,―,b)日本人,a)男女,e)15〜19歳,人口増減数（人）,20220101-31,-77,-,-8,297,12,6,14,15,63,20,4,6,10,30,-,-389,-8,-5,-37,-8,-44,-20,-6,-6,-21,-8,-,6
23000,愛知県,―,―,―,b)日本人,a)男女,f)20〜24歳,人口増減数（人）,20220101-31,-209,-,-14,1864,58,32,257,106,369,185,49,27,112,16,-,-2024,-36,-24,-455,-56,-302,-198,-41,-17,-112,-29,-2,26
23000,愛知県,―,―,―,b)日本人,a)男女,g)25〜29歳,人口増減数（人）,20220101-31,-198,-,-22,3169,71,45,392,87,477,244,52,27,131,43,-,-3305,-53,-41,-622,-57,-406,-222,-31,-30,-106,-71,-,30
23000,愛知県,―,―,―,b)日本人,a)男女,h)30〜34歳,人口増減数（人）,20220101-31,-13,-,-16,2154,41,18,262,46,285,152,28,17,70,82,-,-2189,-39,-30,-269,-35,-255,-139,-19,-18,-86,-87,-,14
23000,愛知県,―,―,―,b)日本人,a)男女,i)35〜39歳,人口増減数（人）,20220101-31,21,-,-22,1213,37,16,158,38,169,87,23,11,45,181,-,-1234,-25,-24,-182,-24,-176,-89,-11,-10,-49,-129,-1,19
23000,愛知県,―,―,―,b)日本人,a)男女,j)40〜44歳,人口増減数（人）,20220101-31,129,-,-24,734,25,12,111,26,117,67,14,7,37,216,-,-742,-13,-8,-113,-21,-97,-67,-14,-9,-35,-107,-,13
23000,愛知県,―,―,―,b)日本人,a)男女,k)45〜49歳,人口増減数（人）,20220101-31,71,-,-65,606,23,7,95,20,99,58,19,7,31,148,1,-615,-13,-11,-79,-16,-80,-54,-11,-1,-39,-68,-,9
23000,愛知県,―,―,―,b)日本人,a)男女,l)50〜54歳,人口増減数（人）,20220101-31,-57,-,-126,507,12,5,84,17,81,39,11,7,19,132,-,-510,-8,-7,-109,-16,-57,-51,-9,-1,-23,-55,-1,2
23000,愛知県,―,―,―,b)日本人,a)男女,m)55〜59歳,人口増減数（人）,20220101-31,-102,-,-141,348,9,6,47,9,44,27,7,2,11,103,-,-355,-12,-4,-46,-13,-46,-29,-5,-2,-23,-43,-,4
23000,愛知県,―,―,―,b)日本人,a)男女,n)60〜64歳,人口増減数（人）,20220101-31,-166,-,-212,250,8,2,35,8,31,16,2,3,5,60,1,-245,-2,-4,-21,-10,-37,-17,-5,-3,-19,-11,-,-1
23000,愛知県,―,―,―,b)日本人,a)男女,o)65〜69歳,人口増減数（人）,20220101-31,-326,-,-334,190,4,2,23,7,24,9,3,1,10,6,1,-193,-5,-1,-14,-5,-24,-14,-1,-1,-10,-3,-,-1
23000,愛知県,―,―,―,b)日本人,a)男女,p)70〜74歳,人口増減数（人）,20220101-31,-718,-,-734,207,3,-,12,6,32,9,4,3,4,3,-,-204,-1,-4,-14,-5,-17,-7,-1,-,-10,-2,-,-2
23000,愛知県,―,―,―,b)日本人,a)男女,q)75〜79歳,人口増減数（人）,20220101-31,-937,-,-933,136,3,1,13,3,11,7,1,3,4,-,-,-143,-1,-3,-14,-3,-13,-6,-,-,-2,-,-,-1
23000,愛知県,―,―,―,b)日本人,a)男女,r)80〜84歳,人口増減数（人）,20220101-31,-1398,-,-1411,151,3,-,7,1,16,8,2,2,9,2,-,-156,-,-2,-9,-5,-13,-2,-1,-,-3,-2,-,5
23000,愛知県,―,―,―,b)日本人,a)男女,s)85〜89歳,人口増減数（人）,20220101-31,-1688,-,-1690,144,-,-,5,3,17,6,1,2,2,-,-,-154,-,-,-12,-1,-9,-2,-,-1,-3,-,-,4
23000,愛知県,―,―,―,b)日本人,a)男女,t)90〜94歳,人口増減数（人）,20220101-31,-1357,-,-1359,69,-,1,4,1,8,5,2,-,1,-,-,-74,-,-,-1,-,-12,-2,-,-,-,-,-,-
23000,愛知県,―,―,―,b)日本人,a)男女,u)95〜99歳,人口増減数（人）,20220101-31,-640,-,-637,26,-,-,1,-,2,-,1,-,-,-,-,-26,-,-,-2,-,-3,-1,-,-,-1,-,-,-
23000,愛知県,―,―,―,b)日本人,a)男女,x)100歳以上,人口増減数（人）,20220101-31,-160,-,-160,3,-,-,-,-,-,-,-,-,-,-,-,-3,-,-,-,-,-,-,-,-,-,-,-,-
23000,愛知県,―,―,―,c)外国人,a)男女,a)総数,人口増減数（人）,20220101-31,-921,201,-75,1688,65,111,192,126,498,210,80,27,101,228,19,-1749,-26,-76,-276,-125,-377,-154,-44,-14,-49,-965,-5,-532
23000,愛知県,―,―,―,c)外国人,a)男女,b) 0〜 4歳,人口増減数（人）,20220101-31,163,201,-1,64,1,2,4,1,12,4,3,1,-,4,1,-65,-,-3,-7,-,-16,-4,-1,-,-1,-12,-,-25
23000,愛知県,―,―,―,c)外国人,a)男女,c) 5〜 9歳,人口増減数（人）,20220101-31,-6,-,-,34,-,2,2,-,15,3,1,-,2,9,-,-36,-,-1,-5,-,-6,-,-1,-,-,-11,-,-14
23000,愛知県,―,―,―,c)外国人,a)男女,d)10〜14歳,人口増減数（人）,20220101-31,6,-,-,17,-,4,4,3,9,3,-,-,-,6,1,-18,-,-,-3,-,-2,-1,-1,-,-,-10,-,-6
23000,愛知県,―,―,―,c)外国人,a)男女,e)15〜19歳,人口増減数（人）,20220101-31,1,-,-,42,1,4,3,3,10,3,1,-,-,9,-,-45,-1,-,-,-2,-7,-,-2,-,-,-10,-,-8
23000,愛知県,―,―,―,c)外国人,a)男女,f)20〜24歳,人口増減数（人）,20220101-31,-211,-,-1,309,15,17,39,24,99,31,17,10,29,23,2,-320,-6,-11,-45,-24,-54,-39,-10,-3,-8,-202,-1,-102
23000,愛知県,―,―,―,c)外国人,a)男女,g)25〜29歳,人口増減数（人）,20220101-31,-277,-,-,433,30,35,62,27,149,91,32,12,45,37,3,-444,-9,-28,-97,-41,-114,-62,-15,-5,-14,-277,-1,-126
23000,愛知県,―,―,―,c)外国人,a)男女,h)30〜34歳,人口増減数（人）,20220101-31,-288,-,-2,287,10,15,34,24,81,32,12,2,15,36,3,-309,-4,-21,-63,-21,-69,-23,-7,-3,-10,-196,-2,-109
23000,愛知県,―,―,―,c)外国人,a)男女,i)35〜39歳,人口増減数（人）,20220101-31,-112,-,-,184,5,8,25,14,53,18,6,1,3,24,2,-191,-3,-4,-28,-12,-44,-7,-,-1,-5,-104,-1,-55
23000,愛知県,―,―,―,c)外国人,a)男女,j)40〜44歳,人口増減数（人）,20220101-31,-37,-,-1,104,1,9,9,8,29,9,5,-,5,23,4,-102,-1,-4,-7,-12,-29,-4,-4,-1,-7,-42,-,-29
23000,愛知県,―,―,―,c)外国人,a)男女,k)45〜49歳,人口増減数（人）,20220101-31,-11,-,-,74,1,8,5,8,14,9,2,-,1,13,1,-73,-1,-2,-11,-5,-6,-7,-,-,-1,-23,-,-18
23000,愛知県,―,―,―,c)外国人,a)男女,l)50〜54歳,人口増減数（人）,20220101-31,-29,-,-2,61,1,3,1,6,16,3,1,-,1,14,-,-66,-1,-1,-5,-4,-11,-3,-2,-1,-1,-25,-,-14
23000,愛知県,―,―,―,c)外国人,a)男女,m)55〜59歳,人口増減数（人）,20220101-31,-28,-,-4,30,-,1,4,6,6,1,-,-,-,10,-,-32,-,-1,-2,-2,-9,-2,-,-,-2,-22,-,-10
23000,愛知県,―,―,―,c)外国人,a)男女,n)60〜64歳,人口増減数（人）,20220101-31,-12,-,-6,26,-,2,-,1,2,1,-,1,-,9,1,-26,-,-,-,-1,-5,-,-1,-,-,-10,-,-6
23000,愛知県,―,―,―,c)外国人,a)男女,o)65〜69歳,人口増減数（人）,20220101-31,-21,-,-9,16,-,1,-,1,2,1,-,-,-,4,1,-14,-,-,-1,-1,-1,-1,-,-,-,-16,-,-4
23000,愛知県,―,―,―,c)外国人,a)男女,p)70〜74歳,人口増減数（人）,20220101-31,-12,-,-8,3,-,-,-,-,-,1,-,-,-,4,-,-3,-,-,-2,-,-3,-1,-,-,-,-2,-,-1
23000,愛知県,―,―,―,c)外国人,a)男女,q)75〜79歳,人口増減数（人）,20220101-31,-14,-,-10,3,-,-,-,-,1,-,-,-,-,3,-,-4,-,-,-,-,-,-,-,-,-,-3,-,-4
23000,愛知県,―,―,―,c)外国人,a)男女,r)80〜84歳,人口増減数（人）,20220101-31,-12,-,-10,-,-,-,-,-,-,-,-,-,-,-,-,-,-,-,-,-,-1,-,-,-,-,-,-,-1
23000,愛知県,―,―,―,c)外国人,a)男女,s)85〜89歳,人口増減数（人）,20220101-31,-10,-,-10,1,-,-,-,-,-,-,-,-,-,-,-,-1,-,-,-,-,-,-,-,-,-,-,-,-
23000,愛知県,―,―,―,c)外国人,a)男女,t)90〜94歳,人口増減数（人）,20220101-31,-6,-,-6,-,-,-,-,-,-,-,-,-,-,-,-,-,-,-,-,-,-,-,-,-,-,-,-,-
23000,愛知県,―,―,―,c)外国人,a)男女,u)95〜99歳,人口増減数（人）,20220101-31,-5,-,-5,-,-,-,-,-,-,-,-,-,-,-,-,-,-,-,-,-,-,-,-,-,-,-,-,-
23000,愛知県,―,―,―,c)外国人,a)男女,x)100歳以上,人口増減数（人）,20220101-31,-,-,-,-,-,-,-,-,-,-,-,-,-,-,-,-,-,-,-,-,-,-,-,-,-,-,-,-
,,,,,,,,,,,,,,,,,,,,,,,,,,,,,,,,,,,,,
,,,,,,,,,,,,,,,,,,,,,,,,,,,,,,,,,,,,,
